INFO:root:New optimal control problem initialized
INFO:root:_cost_function called at: 0.921875
INFO:root:_cost_function returning 3872.02; elapsed time: 0
INFO:root:_cost_function called at: 0.921875
INFO:root:_cost_function returning 3872.02; elapsed time: 0
INFO:root:_cost_function called at: 0.921875
INFO:root:_cost_function returning 3872.02; elapsed time: 0
INFO:root:_cost_function called at: 0.921875
INFO:root:_cost_function returning 3872.02; elapsed time: 0
INFO:root:_cost_function called at: 0.921875
INFO:root:_cost_function returning 3872.02; elapsed time: 0
INFO:root:_cost_function called at: 0.921875
INFO:root:_cost_function returning 3872.02; elapsed time: 0
INFO:root:_cost_function called at: 0.921875
INFO:root:_cost_function returning 3872.02; elapsed time: 0
INFO:root:_cost_function called at: 0.921875
INFO:root:_cost_function returning 3872.02; elapsed time: 0
INFO:root:_cost_function called at: 0.921875
INFO:root:_cost_function returning 3872.02; elapsed time: 0
INFO:root:_cost_function called at: 0.921875
INFO:root:_cost_function returning 3872.02; elapsed time: 0
INFO:root:_cost_function called at: 0.921875
INFO:root:_cost_function returning 3872.02; elapsed time: 0
INFO:root:_cost_function called at: 0.921875
INFO:root:_cost_function returning 3872.02; elapsed time: 0
INFO:root:_cost_function called at: 0.921875
INFO:root:_cost_function returning 3872.02; elapsed time: 0
INFO:root:_cost_function called at: 0.921875
INFO:root:_cost_function returning 3872.02; elapsed time: 0
INFO:root:_cost_function called at: 0.921875
INFO:root:_cost_function returning 3872.02; elapsed time: 0
INFO:root:_cost_function called at: 0.921875
INFO:root:_cost_function returning 3872.02; elapsed time: 0
INFO:root:_cost_function called at: 0.921875
INFO:root:_cost_function returning 3872.02; elapsed time: 0
INFO:root:_cost_function called at: 0.921875
INFO:root:_cost_function returning 3872.02; elapsed time: 0
INFO:root:_cost_function called at: 0.921875
INFO:root:_cost_function returning 3872.02; elapsed time: 0
INFO:root:_cost_function called at: 0.921875
INFO:root:_cost_function returning 3872.02; elapsed time: 0
INFO:root:_cost_function called at: 0.921875
INFO:root:_cost_function returning 3872.02; elapsed time: 0
INFO:root:_cost_function called at: 0.921875
INFO:root:_cost_function returning 3872.02; elapsed time: 0
INFO:root:_cost_function called at: 0.921875
INFO:root:_cost_function returning 3872.02; elapsed time: 0
INFO:root:_cost_function called at: 0.921875
INFO:root:_cost_function returning 3872.02; elapsed time: 0
INFO:root:_cost_function called at: 0.921875
INFO:root:_cost_function returning 3872.02; elapsed time: 0
INFO:root:_cost_function called at: 0.921875
INFO:root:_cost_function returning 3872.02; elapsed time: 0
INFO:root:_cost_function called at: 0.921875
INFO:root:_cost_function returning 3872.02; elapsed time: 0
INFO:root:_cost_function called at: 0.921875
INFO:root:_cost_function returning 3872.02; elapsed time: 0
INFO:root:_cost_function called at: 0.921875
INFO:root:_cost_function returning 3872.02; elapsed time: 0
INFO:root:_cost_function called at: 0.921875
INFO:root:_cost_function returning 3872.02; elapsed time: 0
INFO:root:_cost_function called at: 0.921875
INFO:root:_cost_function returning 3872.02; elapsed time: 0
INFO:root:_cost_function called at: 0.921875
INFO:root:_cost_function returning 3872.02; elapsed time: 0
INFO:root:_cost_function called at: 0.921875
INFO:root:_cost_function returning 3872.02; elapsed time: 0
INFO:root:_cost_function called at: 0.921875
INFO:root:_cost_function returning 3872.02; elapsed time: 0
INFO:root:_cost_function called at: 0.921875
INFO:root:_cost_function returning 3872.02; elapsed time: 0
INFO:root:_cost_function called at: 0.921875
INFO:root:_cost_function returning 3872.02; elapsed time: 0
INFO:root:_cost_function called at: 0.921875
INFO:root:_cost_function returning 3872.02; elapsed time: 0
INFO:root:_cost_function called at: 0.921875
INFO:root:_cost_function returning 3872.02; elapsed time: 0
INFO:root:_cost_function called at: 0.921875
INFO:root:_cost_function returning 3872.02; elapsed time: 0
INFO:root:_cost_function called at: 0.921875
INFO:root:_cost_function returning 3872.02; elapsed time: 0
INFO:root:_cost_function called at: 0.921875
INFO:root:_cost_function returning 3872.02; elapsed time: 0
INFO:root:_cost_function called at: 0.921875
INFO:root:_cost_function returning 3872.02; elapsed time: 0
INFO:root:_cost_function called at: 0.921875
INFO:root:_cost_function returning 3872.02; elapsed time: 0
INFO:root:_cost_function called at: 0.921875
INFO:root:_cost_function returning 3872.02; elapsed time: 0
INFO:root:_cost_function called at: 0.921875
INFO:root:_cost_function returning 3872.02; elapsed time: 0
INFO:root:_cost_function called at: 0.921875
INFO:root:_cost_function returning 3872.02; elapsed time: 0
INFO:root:_cost_function called at: 0.921875
INFO:root:_cost_function returning 3872.02; elapsed time: 0
INFO:root:_cost_function called at: 0.921875
INFO:root:_cost_function returning 3872.02; elapsed time: 0
INFO:root:_cost_function called at: 0.921875
INFO:root:_cost_function returning 3872.02; elapsed time: 0
INFO:root:_cost_function called at: 0.921875
INFO:root:_cost_function returning 3872.02; elapsed time: 0
INFO:root:_cost_function called at: 0.921875
INFO:root:_cost_function returning 3872.02; elapsed time: 0
INFO:root:_cost_function called at: 0.921875
INFO:root:_cost_function returning 3872.02; elapsed time: 0
INFO:root:_cost_function called at: 0.921875
INFO:root:_cost_function returning 3872.02; elapsed time: 0
INFO:root:_cost_function called at: 0.921875
INFO:root:_cost_function returning 3872.02; elapsed time: 0
INFO:root:_cost_function called at: 0.921875
INFO:root:_cost_function returning 3872.02; elapsed time: 0
INFO:root:_cost_function called at: 0.921875
INFO:root:_cost_function returning 3872.02; elapsed time: 0
INFO:root:_cost_function called at: 0.921875
INFO:root:_cost_function returning 3872.02; elapsed time: 0
INFO:root:_cost_function called at: 0.921875
INFO:root:_cost_function returning 3872.02; elapsed time: 0
INFO:root:_cost_function called at: 0.921875
INFO:root:_cost_function returning 3872.02; elapsed time: 0.015625
INFO:root:_cost_function called at: 0.9375
INFO:root:_cost_function returning 3872.02; elapsed time: 0
INFO:root:_cost_function called at: 0.9375
INFO:root:_cost_function returning 3872.02; elapsed time: 0
INFO:root:_cost_function called at: 0.9375
INFO:root:_cost_function returning 3872.02; elapsed time: 0
INFO:root:_cost_function called at: 0.9375
INFO:root:_cost_function returning 3872.02; elapsed time: 0
INFO:root:_cost_function called at: 0.9375
INFO:root:_cost_function returning 3872.02; elapsed time: 0
INFO:root:_cost_function called at: 0.9375
INFO:root:_cost_function returning 3872.02; elapsed time: 0
INFO:root:_cost_function called at: 0.9375
INFO:root:_cost_function returning 3872.02; elapsed time: 0
INFO:root:_cost_function called at: 0.9375
INFO:root:_cost_function returning 3872.02; elapsed time: 0
INFO:root:_cost_function called at: 0.9375
INFO:root:_cost_function returning 3872.02; elapsed time: 0
INFO:root:_cost_function called at: 0.9375
INFO:root:_cost_function returning 3872.02; elapsed time: 0
INFO:root:_cost_function called at: 0.9375
INFO:root:_cost_function returning 3872.02; elapsed time: 0
INFO:root:_cost_function called at: 0.9375
INFO:root:_cost_function returning 3872.02; elapsed time: 0
INFO:root:_cost_function called at: 0.9375
INFO:root:_cost_function returning 3872.02; elapsed time: 0
INFO:root:_cost_function called at: 0.9375
INFO:root:_cost_function returning 3872.02; elapsed time: 0
INFO:root:_cost_function called at: 0.9375
INFO:root:_cost_function returning 3872.02; elapsed time: 0
INFO:root:_cost_function called at: 0.9375
INFO:root:_cost_function returning 3872.02; elapsed time: 0
INFO:root:_cost_function called at: 0.9375
INFO:root:_cost_function returning 3872.02; elapsed time: 0
INFO:root:_cost_function called at: 0.9375
INFO:root:_cost_function returning 3872.02; elapsed time: 0
INFO:root:_cost_function called at: 0.9375
INFO:root:_cost_function returning 3872.02; elapsed time: 0
INFO:root:_cost_function called at: 0.9375
INFO:root:_cost_function returning 3872.02; elapsed time: 0
INFO:root:_cost_function called at: 0.9375
INFO:root:_cost_function returning 3872.02; elapsed time: 0
INFO:root:_cost_function called at: 0.9375
INFO:root:_cost_function returning 3872.02; elapsed time: 0
INFO:root:_cost_function called at: 0.9375
INFO:root:_cost_function returning 3872.02; elapsed time: 0
INFO:root:_cost_function called at: 0.9375
INFO:root:_cost_function returning 3872.02; elapsed time: 0
INFO:root:_cost_function called at: 0.9375
INFO:root:_cost_function returning 3872.02; elapsed time: 0
INFO:root:_cost_function called at: 0.9375
INFO:root:_cost_function returning 3872.02; elapsed time: 0
INFO:root:_cost_function called at: 0.9375
INFO:root:_cost_function returning 3872.02; elapsed time: 0
INFO:root:_cost_function called at: 0.9375
INFO:root:_cost_function returning 3872.02; elapsed time: 0
INFO:root:_cost_function called at: 0.9375
INFO:root:_cost_function returning 3872.02; elapsed time: 0
INFO:root:_cost_function called at: 0.9375
INFO:root:_cost_function returning 3872.02; elapsed time: 0
INFO:root:_cost_function called at: 0.9375
INFO:root:_cost_function returning 3872.02; elapsed time: 0
INFO:root:_cost_function called at: 0.9375
INFO:root:_cost_function returning 3872.02; elapsed time: 0
INFO:root:_cost_function called at: 0.9375
INFO:root:_cost_function returning 3872.02; elapsed time: 0
INFO:root:_cost_function called at: 0.9375
INFO:root:_cost_function returning 3872.02; elapsed time: 0
INFO:root:_cost_function called at: 0.9375
INFO:root:_cost_function returning 3872.02; elapsed time: 0
INFO:root:_cost_function called at: 0.9375
INFO:root:_cost_function returning 3872.02; elapsed time: 0
INFO:root:_cost_function called at: 0.9375
INFO:root:_cost_function returning 3872.02; elapsed time: 0
INFO:root:_cost_function called at: 0.9375
INFO:root:_cost_function returning 3872.02; elapsed time: 0
INFO:root:_cost_function called at: 0.9375
INFO:root:_cost_function returning 3872.02; elapsed time: 0
INFO:root:_cost_function called at: 0.9375
INFO:root:_cost_function returning 3872.02; elapsed time: 0
INFO:root:_cost_function called at: 0.9375
INFO:root:_cost_function returning 3872.02; elapsed time: 0
INFO:root:_cost_function called at: 0.9375
INFO:root:_cost_function returning 3872.02; elapsed time: 0
INFO:root:_cost_function called at: 0.953125
INFO:root:_cost_function returning 43787.1; elapsed time: 0
INFO:root:_cost_function called at: 0.953125
INFO:root:_cost_function returning 3352.59; elapsed time: 0
INFO:root:_cost_function called at: 0.953125
INFO:root:_cost_function returning 3352.59; elapsed time: 0
INFO:root:_cost_function called at: 0.953125
INFO:root:_cost_function returning 3352.59; elapsed time: 0
INFO:root:_cost_function called at: 0.953125
INFO:root:_cost_function returning 3352.59; elapsed time: 0
INFO:root:_cost_function called at: 0.953125
INFO:root:_cost_function returning 3352.59; elapsed time: 0
INFO:root:_cost_function called at: 0.953125
INFO:root:_cost_function returning 3352.59; elapsed time: 0
INFO:root:_cost_function called at: 0.953125
INFO:root:_cost_function returning 3352.59; elapsed time: 0
INFO:root:_cost_function called at: 0.953125
INFO:root:_cost_function returning 3352.59; elapsed time: 0
INFO:root:_cost_function called at: 0.953125
INFO:root:_cost_function returning 3352.59; elapsed time: 0
INFO:root:_cost_function called at: 0.953125
INFO:root:_cost_function returning 3352.59; elapsed time: 0
INFO:root:_cost_function called at: 0.953125
INFO:root:_cost_function returning 3352.59; elapsed time: 0
INFO:root:_cost_function called at: 0.953125
INFO:root:_cost_function returning 3352.59; elapsed time: 0
INFO:root:_cost_function called at: 0.953125
INFO:root:_cost_function returning 3352.59; elapsed time: 0
INFO:root:_cost_function called at: 0.953125
INFO:root:_cost_function returning 3352.59; elapsed time: 0
INFO:root:_cost_function called at: 0.953125
INFO:root:_cost_function returning 3352.59; elapsed time: 0
INFO:root:_cost_function called at: 0.953125
INFO:root:_cost_function returning 3352.59; elapsed time: 0
INFO:root:_cost_function called at: 0.953125
INFO:root:_cost_function returning 3352.59; elapsed time: 0
INFO:root:_cost_function called at: 0.953125
INFO:root:_cost_function returning 3352.59; elapsed time: 0
INFO:root:_cost_function called at: 0.953125
INFO:root:_cost_function returning 3352.59; elapsed time: 0
INFO:root:_cost_function called at: 0.953125
INFO:root:_cost_function returning 3352.59; elapsed time: 0
INFO:root:_cost_function called at: 0.953125
INFO:root:_cost_function returning 3352.59; elapsed time: 0
INFO:root:_cost_function called at: 0.953125
INFO:root:_cost_function returning 3352.59; elapsed time: 0
INFO:root:_cost_function called at: 0.953125
INFO:root:_cost_function returning 3352.59; elapsed time: 0
INFO:root:_cost_function called at: 0.953125
INFO:root:_cost_function returning 3352.59; elapsed time: 0
INFO:root:_cost_function called at: 0.953125
INFO:root:_cost_function returning 3352.59; elapsed time: 0
INFO:root:_cost_function called at: 0.953125
INFO:root:_cost_function returning 3352.59; elapsed time: 0
INFO:root:_cost_function called at: 0.953125
INFO:root:_cost_function returning 3352.59; elapsed time: 0
INFO:root:_cost_function called at: 0.953125
INFO:root:_cost_function returning 3352.59; elapsed time: 0
INFO:root:_cost_function called at: 0.953125
INFO:root:_cost_function returning 3352.59; elapsed time: 0
INFO:root:_cost_function called at: 0.953125
INFO:root:_cost_function returning 3352.59; elapsed time: 0
INFO:root:_cost_function called at: 0.953125
INFO:root:_cost_function returning 3352.59; elapsed time: 0
INFO:root:_cost_function called at: 0.953125
INFO:root:_cost_function returning 3352.59; elapsed time: 0
INFO:root:_cost_function called at: 0.953125
INFO:root:_cost_function returning 3352.59; elapsed time: 0
INFO:root:_cost_function called at: 0.953125
INFO:root:_cost_function returning 3352.59; elapsed time: 0
INFO:root:_cost_function called at: 0.953125
INFO:root:_cost_function returning 3352.59; elapsed time: 0
INFO:root:_cost_function called at: 0.953125
INFO:root:_cost_function returning 3352.59; elapsed time: 0
INFO:root:_cost_function called at: 0.953125
INFO:root:_cost_function returning 3352.59; elapsed time: 0
INFO:root:_cost_function called at: 0.953125
INFO:root:_cost_function returning 3352.59; elapsed time: 0
INFO:root:_cost_function called at: 0.953125
INFO:root:_cost_function returning 3352.59; elapsed time: 0
INFO:root:_cost_function called at: 0.953125
INFO:root:_cost_function returning 3352.59; elapsed time: 0
INFO:root:_cost_function called at: 0.953125
INFO:root:_cost_function returning 3352.59; elapsed time: 0
INFO:root:_cost_function called at: 0.953125
INFO:root:_cost_function returning 3352.59; elapsed time: 0
INFO:root:_cost_function called at: 0.953125
INFO:root:_cost_function returning 3352.59; elapsed time: 0
INFO:root:_cost_function called at: 0.953125
INFO:root:_cost_function returning 3352.59; elapsed time: 0
INFO:root:_cost_function called at: 0.953125
INFO:root:_cost_function returning 3352.59; elapsed time: 0
INFO:root:_cost_function called at: 0.953125
INFO:root:_cost_function returning 3352.59; elapsed time: 0
INFO:root:_cost_function called at: 0.953125
INFO:root:_cost_function returning 3352.59; elapsed time: 0
INFO:root:_cost_function called at: 0.953125
INFO:root:_cost_function returning 3352.59; elapsed time: 0
INFO:root:_cost_function called at: 0.953125
INFO:root:_cost_function returning 3352.59; elapsed time: 0
INFO:root:_cost_function called at: 0.953125
INFO:root:_cost_function returning 3352.59; elapsed time: 0
INFO:root:_cost_function called at: 0.953125
INFO:root:_cost_function returning 3352.59; elapsed time: 0
INFO:root:_cost_function called at: 0.953125
INFO:root:_cost_function returning 3352.59; elapsed time: 0
INFO:root:_cost_function called at: 0.953125
INFO:root:_cost_function returning 3352.59; elapsed time: 0
INFO:root:_cost_function called at: 0.953125
INFO:root:_cost_function returning 3352.59; elapsed time: 0
INFO:root:_cost_function called at: 0.953125
INFO:root:_cost_function returning 3352.59; elapsed time: 0
INFO:root:_cost_function called at: 0.953125
INFO:root:_cost_function returning 3352.59; elapsed time: 0
INFO:root:_cost_function called at: 0.953125
INFO:root:_cost_function returning 3352.59; elapsed time: 0
INFO:root:_cost_function called at: 0.953125
INFO:root:_cost_function returning 3352.59; elapsed time: 0
INFO:root:_cost_function called at: 0.953125
INFO:root:_cost_function returning 3352.59; elapsed time: 0
INFO:root:_cost_function called at: 0.953125
INFO:root:_cost_function returning 3352.59; elapsed time: 0
INFO:root:_cost_function called at: 0.953125
INFO:root:_cost_function returning 3352.59; elapsed time: 0.015625
INFO:root:_cost_function called at: 0.96875
INFO:root:_cost_function returning 3352.59; elapsed time: 0
INFO:root:_cost_function called at: 0.96875
INFO:root:_cost_function returning 3352.59; elapsed time: 0
INFO:root:_cost_function called at: 0.96875
INFO:root:_cost_function returning 3352.59; elapsed time: 0
INFO:root:_cost_function called at: 0.96875
INFO:root:_cost_function returning 3352.59; elapsed time: 0
INFO:root:_cost_function called at: 0.96875
INFO:root:_cost_function returning 3352.59; elapsed time: 0
INFO:root:_cost_function called at: 0.96875
INFO:root:_cost_function returning 3352.59; elapsed time: 0
INFO:root:_cost_function called at: 0.96875
INFO:root:_cost_function returning 3352.59; elapsed time: 0
INFO:root:_cost_function called at: 0.96875
INFO:root:_cost_function returning 3352.59; elapsed time: 0
INFO:root:_cost_function called at: 0.96875
INFO:root:_cost_function returning 3352.59; elapsed time: 0
INFO:root:_cost_function called at: 0.96875
INFO:root:_cost_function returning 3352.59; elapsed time: 0
INFO:root:_cost_function called at: 0.96875
INFO:root:_cost_function returning 3352.59; elapsed time: 0
INFO:root:_cost_function called at: 0.96875
INFO:root:_cost_function returning 3352.59; elapsed time: 0
INFO:root:_cost_function called at: 0.96875
INFO:root:_cost_function returning 3352.59; elapsed time: 0
INFO:root:_cost_function called at: 0.96875
INFO:root:_cost_function returning 3352.59; elapsed time: 0
INFO:root:_cost_function called at: 0.96875
INFO:root:_cost_function returning 3352.59; elapsed time: 0
INFO:root:_cost_function called at: 0.96875
INFO:root:_cost_function returning 3352.59; elapsed time: 0
INFO:root:_cost_function called at: 0.96875
INFO:root:_cost_function returning 3352.59; elapsed time: 0
INFO:root:_cost_function called at: 0.96875
INFO:root:_cost_function returning 3352.59; elapsed time: 0
INFO:root:_cost_function called at: 0.96875
INFO:root:_cost_function returning 3352.59; elapsed time: 0
INFO:root:_cost_function called at: 0.96875
INFO:root:_cost_function returning 3352.59; elapsed time: 0
INFO:root:_cost_function called at: 0.96875
INFO:root:_cost_function returning 3352.59; elapsed time: 0
INFO:root:_cost_function called at: 0.96875
INFO:root:_cost_function returning 3352.59; elapsed time: 0
INFO:root:_cost_function called at: 0.96875
INFO:root:_cost_function returning 3352.59; elapsed time: 0
INFO:root:_cost_function called at: 0.96875
INFO:root:_cost_function returning 3352.59; elapsed time: 0
INFO:root:_cost_function called at: 0.96875
INFO:root:_cost_function returning 3352.59; elapsed time: 0
INFO:root:_cost_function called at: 0.96875
INFO:root:_cost_function returning 3352.59; elapsed time: 0
INFO:root:_cost_function called at: 0.96875
INFO:root:_cost_function returning 3352.59; elapsed time: 0
INFO:root:_cost_function called at: 0.96875
INFO:root:_cost_function returning 3352.59; elapsed time: 0
INFO:root:_cost_function called at: 0.96875
INFO:root:_cost_function returning 3352.59; elapsed time: 0
INFO:root:_cost_function called at: 0.96875
INFO:root:_cost_function returning 3352.59; elapsed time: 0
INFO:root:_cost_function called at: 0.96875
INFO:root:_cost_function returning 3352.59; elapsed time: 0
INFO:root:_cost_function called at: 0.96875
INFO:root:_cost_function returning 3352.59; elapsed time: 0
INFO:root:_cost_function called at: 0.96875
INFO:root:_cost_function returning 3352.59; elapsed time: 0
INFO:root:_cost_function called at: 0.96875
INFO:root:_cost_function returning 3352.59; elapsed time: 0
INFO:root:_cost_function called at: 0.96875
INFO:root:_cost_function returning 3352.59; elapsed time: 0
INFO:root:_cost_function called at: 0.96875
INFO:root:_cost_function returning 3352.59; elapsed time: 0
INFO:root:_cost_function called at: 0.96875
INFO:root:_cost_function returning 3352.59; elapsed time: 0
INFO:root:_cost_function called at: 0.96875
INFO:root:_cost_function returning 3352.59; elapsed time: 0
INFO:root:_cost_function called at: 0.96875
INFO:root:_cost_function returning 3352.59; elapsed time: 0
INFO:root:_cost_function called at: 0.96875
INFO:root:_cost_function returning 3352.59; elapsed time: 0
INFO:root:_cost_function called at: 0.984375
INFO:root:_cost_function returning 2912.36; elapsed time: 0
INFO:root:_cost_function called at: 0.984375
INFO:root:_cost_function returning 2912.36; elapsed time: 0
INFO:root:_cost_function called at: 0.984375
INFO:root:_cost_function returning 2912.36; elapsed time: 0
INFO:root:_cost_function called at: 0.984375
INFO:root:_cost_function returning 2912.36; elapsed time: 0
INFO:root:_cost_function called at: 0.984375
INFO:root:_cost_function returning 2912.36; elapsed time: 0
INFO:root:_cost_function called at: 0.984375
INFO:root:_cost_function returning 2912.36; elapsed time: 0
INFO:root:_cost_function called at: 0.984375
INFO:root:_cost_function returning 2912.36; elapsed time: 0
INFO:root:_cost_function called at: 0.984375
INFO:root:_cost_function returning 2912.36; elapsed time: 0
INFO:root:_cost_function called at: 0.984375
INFO:root:_cost_function returning 2912.36; elapsed time: 0
INFO:root:_cost_function called at: 0.984375
INFO:root:_cost_function returning 2912.36; elapsed time: 0
INFO:root:_cost_function called at: 0.984375
INFO:root:_cost_function returning 2912.36; elapsed time: 0
INFO:root:_cost_function called at: 0.984375
INFO:root:_cost_function returning 2912.36; elapsed time: 0
INFO:root:_cost_function called at: 0.984375
INFO:root:_cost_function returning 2912.36; elapsed time: 0
INFO:root:_cost_function called at: 0.984375
INFO:root:_cost_function returning 2912.36; elapsed time: 0
INFO:root:_cost_function called at: 0.984375
INFO:root:_cost_function returning 2912.36; elapsed time: 0
INFO:root:_cost_function called at: 0.984375
INFO:root:_cost_function returning 2912.36; elapsed time: 0
INFO:root:_cost_function called at: 0.984375
INFO:root:_cost_function returning 2912.36; elapsed time: 0
INFO:root:_cost_function called at: 0.984375
INFO:root:_cost_function returning 2912.36; elapsed time: 0
INFO:root:_cost_function called at: 0.984375
INFO:root:_cost_function returning 2912.36; elapsed time: 0
INFO:root:_cost_function called at: 0.984375
INFO:root:_cost_function returning 2912.36; elapsed time: 0
INFO:root:_cost_function called at: 0.984375
INFO:root:_cost_function returning 2912.36; elapsed time: 0
INFO:root:_cost_function called at: 0.984375
INFO:root:_cost_function returning 2912.36; elapsed time: 0
INFO:root:_cost_function called at: 0.984375
INFO:root:_cost_function returning 2912.36; elapsed time: 0
INFO:root:_cost_function called at: 0.984375
INFO:root:_cost_function returning 2912.36; elapsed time: 0
INFO:root:_cost_function called at: 0.984375
INFO:root:_cost_function returning 2912.36; elapsed time: 0
INFO:root:_cost_function called at: 0.984375
INFO:root:_cost_function returning 2912.36; elapsed time: 0
INFO:root:_cost_function called at: 0.984375
INFO:root:_cost_function returning 2912.36; elapsed time: 0
INFO:root:_cost_function called at: 0.984375
INFO:root:_cost_function returning 2912.36; elapsed time: 0
INFO:root:_cost_function called at: 0.984375
INFO:root:_cost_function returning 2912.36; elapsed time: 0
INFO:root:_cost_function called at: 0.984375
INFO:root:_cost_function returning 2912.36; elapsed time: 0
INFO:root:_cost_function called at: 0.984375
INFO:root:_cost_function returning 2912.36; elapsed time: 0
INFO:root:_cost_function called at: 0.984375
INFO:root:_cost_function returning 2912.36; elapsed time: 0
INFO:root:_cost_function called at: 0.984375
INFO:root:_cost_function returning 2912.36; elapsed time: 0
INFO:root:_cost_function called at: 0.984375
INFO:root:_cost_function returning 2912.36; elapsed time: 0
INFO:root:_cost_function called at: 0.984375
INFO:root:_cost_function returning 2912.36; elapsed time: 0
INFO:root:_cost_function called at: 0.984375
INFO:root:_cost_function returning 2912.36; elapsed time: 0
INFO:root:_cost_function called at: 0.984375
INFO:root:_cost_function returning 2912.36; elapsed time: 0
INFO:root:_cost_function called at: 0.984375
INFO:root:_cost_function returning 2912.36; elapsed time: 0
INFO:root:_cost_function called at: 0.984375
INFO:root:_cost_function returning 2912.36; elapsed time: 0
INFO:root:_cost_function called at: 0.984375
INFO:root:_cost_function returning 2912.36; elapsed time: 0
INFO:root:_cost_function called at: 0.984375
INFO:root:_cost_function returning 2912.36; elapsed time: 0
INFO:root:_cost_function called at: 0.984375
INFO:root:_cost_function returning 2912.36; elapsed time: 0
INFO:root:_cost_function called at: 0.984375
INFO:root:_cost_function returning 2912.36; elapsed time: 0
INFO:root:_cost_function called at: 0.984375
INFO:root:_cost_function returning 2912.36; elapsed time: 0
INFO:root:_cost_function called at: 0.984375
INFO:root:_cost_function returning 2912.36; elapsed time: 0
INFO:root:_cost_function called at: 0.984375
INFO:root:_cost_function returning 2912.36; elapsed time: 0
INFO:root:_cost_function called at: 0.984375
INFO:root:_cost_function returning 2912.36; elapsed time: 0
INFO:root:_cost_function called at: 0.984375
INFO:root:_cost_function returning 2912.36; elapsed time: 0
INFO:root:_cost_function called at: 0.984375
INFO:root:_cost_function returning 2912.36; elapsed time: 0
INFO:root:_cost_function called at: 0.984375
INFO:root:_cost_function returning 2912.36; elapsed time: 0
INFO:root:_cost_function called at: 0.984375
INFO:root:_cost_function returning 2912.36; elapsed time: 0
INFO:root:_cost_function called at: 0.984375
INFO:root:_cost_function returning 2912.36; elapsed time: 0
INFO:root:_cost_function called at: 0.984375
INFO:root:_cost_function returning 2912.36; elapsed time: 0
INFO:root:_cost_function called at: 0.984375
INFO:root:_cost_function returning 2912.36; elapsed time: 0
INFO:root:_cost_function called at: 0.984375
INFO:root:_cost_function returning 2912.36; elapsed time: 0
INFO:root:_cost_function called at: 0.984375
INFO:root:_cost_function returning 2912.36; elapsed time: 0
INFO:root:_cost_function called at: 0.984375
INFO:root:_cost_function returning 2912.36; elapsed time: 0
INFO:root:_cost_function called at: 0.984375
INFO:root:_cost_function returning 2912.36; elapsed time: 0
INFO:root:_cost_function called at: 0.984375
INFO:root:_cost_function returning 2912.36; elapsed time: 0
INFO:root:_cost_function called at: 0.984375
INFO:root:_cost_function returning 2912.36; elapsed time: 0
INFO:root:_cost_function called at: 0.984375
INFO:root:_cost_function returning 2912.36; elapsed time: 0
INFO:root:_cost_function called at: 0.984375
INFO:root:_cost_function returning 2912.36; elapsed time: 0
INFO:root:_cost_function called at: 0.984375
INFO:root:_cost_function returning 2912.36; elapsed time: 0
INFO:root:_cost_function called at: 0.984375
INFO:root:_cost_function returning 2912.36; elapsed time: 0
INFO:root:_cost_function called at: 0.984375
INFO:root:_cost_function returning 2912.36; elapsed time: 0
INFO:root:_cost_function called at: 0.984375
INFO:root:_cost_function returning 2912.36; elapsed time: 0
INFO:root:_cost_function called at: 0.984375
INFO:root:_cost_function returning 2912.36; elapsed time: 0
INFO:root:_cost_function called at: 0.984375
INFO:root:_cost_function returning 2912.36; elapsed time: 0
INFO:root:_cost_function called at: 0.984375
INFO:root:_cost_function returning 2912.36; elapsed time: 0
INFO:root:_cost_function called at: 0.984375
INFO:root:_cost_function returning 2912.36; elapsed time: 0
INFO:root:_cost_function called at: 0.984375
INFO:root:_cost_function returning 2912.36; elapsed time: 0
INFO:root:_cost_function called at: 0.984375
INFO:root:_cost_function returning 2912.36; elapsed time: 0
INFO:root:_cost_function called at: 0.984375
INFO:root:_cost_function returning 2912.36; elapsed time: 0
INFO:root:_cost_function called at: 0.984375
INFO:root:_cost_function returning 2912.36; elapsed time: 0
INFO:root:_cost_function called at: 0.984375
INFO:root:_cost_function returning 2912.36; elapsed time: 0
INFO:root:_cost_function called at: 0.984375
INFO:root:_cost_function returning 2912.36; elapsed time: 0
INFO:root:_cost_function called at: 0.984375
INFO:root:_cost_function returning 2912.36; elapsed time: 0
INFO:root:_cost_function called at: 0.984375
INFO:root:_cost_function returning 2912.36; elapsed time: 0
INFO:root:_cost_function called at: 0.984375
INFO:root:_cost_function returning 2912.36; elapsed time: 0
INFO:root:_cost_function called at: 0.984375
INFO:root:_cost_function returning 2912.36; elapsed time: 0
INFO:root:_cost_function called at: 0.984375
INFO:root:_cost_function returning 2912.36; elapsed time: 0
INFO:root:_cost_function called at: 0.984375
INFO:root:_cost_function returning 2912.36; elapsed time: 0
INFO:root:_cost_function called at: 0.984375
INFO:root:_cost_function returning 2912.36; elapsed time: 0
INFO:root:_cost_function called at: 0.984375
INFO:root:_cost_function returning 2912.36; elapsed time: 0
INFO:root:_cost_function called at: 0.984375
INFO:root:_cost_function returning 2912.36; elapsed time: 0
INFO:root:_cost_function called at: 0.984375
INFO:root:_cost_function returning 2912.36; elapsed time: 0
INFO:root:_cost_function called at: 0.984375
INFO:root:_cost_function returning 2912.36; elapsed time: 0
INFO:root:_cost_function called at: 0.984375
INFO:root:_cost_function returning 2912.36; elapsed time: 0
INFO:root:_cost_function called at: 0.984375
INFO:root:_cost_function returning 2912.36; elapsed time: 0.015625
INFO:root:_cost_function called at: 1
INFO:root:_cost_function returning 2912.36; elapsed time: 0
INFO:root:_cost_function called at: 1
INFO:root:_cost_function returning 2912.36; elapsed time: 0
INFO:root:_cost_function called at: 1
INFO:root:_cost_function returning 2912.36; elapsed time: 0
INFO:root:_cost_function called at: 1
INFO:root:_cost_function returning 2912.36; elapsed time: 0
INFO:root:_cost_function called at: 1
INFO:root:_cost_function returning 2912.36; elapsed time: 0
INFO:root:_cost_function called at: 1
INFO:root:_cost_function returning 2912.36; elapsed time: 0
INFO:root:_cost_function called at: 1
INFO:root:_cost_function returning 2912.36; elapsed time: 0
INFO:root:_cost_function called at: 1
INFO:root:_cost_function returning 2912.36; elapsed time: 0
INFO:root:_cost_function called at: 1
INFO:root:_cost_function returning 2912.36; elapsed time: 0
INFO:root:_cost_function called at: 1
INFO:root:_cost_function returning 2912.36; elapsed time: 0
INFO:root:_cost_function called at: 1
INFO:root:_cost_function returning 2912.36; elapsed time: 0
INFO:root:_cost_function called at: 1
INFO:root:_cost_function returning 2912.36; elapsed time: 0
INFO:root:_cost_function called at: 1
INFO:root:_cost_function returning 12314.4; elapsed time: 0
INFO:root:_cost_function called at: 1
INFO:root:_cost_function returning 1875.23; elapsed time: 0
INFO:root:_cost_function called at: 1
INFO:root:_cost_function returning 1875.23; elapsed time: 0
INFO:root:_cost_function called at: 1
INFO:root:_cost_function returning 1875.23; elapsed time: 0
INFO:root:_cost_function called at: 1
INFO:root:_cost_function returning 1875.23; elapsed time: 0
INFO:root:_cost_function called at: 1
INFO:root:_cost_function returning 1875.23; elapsed time: 0
INFO:root:_cost_function called at: 1
INFO:root:_cost_function returning 1875.23; elapsed time: 0
INFO:root:_cost_function called at: 1
INFO:root:_cost_function returning 1875.23; elapsed time: 0
INFO:root:_cost_function called at: 1
INFO:root:_cost_function returning 1875.23; elapsed time: 0
INFO:root:_cost_function called at: 1
INFO:root:_cost_function returning 1875.23; elapsed time: 0
INFO:root:_cost_function called at: 1
INFO:root:_cost_function returning 1875.23; elapsed time: 0
INFO:root:_cost_function called at: 1
INFO:root:_cost_function returning 1875.23; elapsed time: 0
INFO:root:_cost_function called at: 1
INFO:root:_cost_function returning 1875.23; elapsed time: 0
INFO:root:_cost_function called at: 1
INFO:root:_cost_function returning 1875.23; elapsed time: 0
INFO:root:_cost_function called at: 1
INFO:root:_cost_function returning 1875.23; elapsed time: 0
INFO:root:_cost_function called at: 1
INFO:root:_cost_function returning 1875.23; elapsed time: 0
INFO:root:_cost_function called at: 1
INFO:root:_cost_function returning 1875.23; elapsed time: 0
INFO:root:_cost_function called at: 1
INFO:root:_cost_function returning 1875.23; elapsed time: 0
INFO:root:_cost_function called at: 1
INFO:root:_cost_function returning 1875.23; elapsed time: 0
INFO:root:_cost_function called at: 1.01562
INFO:root:_cost_function returning 1875.23; elapsed time: 0
INFO:root:_cost_function called at: 1.01562
INFO:root:_cost_function returning 1875.23; elapsed time: 0
INFO:root:_cost_function called at: 1.01562
INFO:root:_cost_function returning 1875.23; elapsed time: 0
INFO:root:_cost_function called at: 1.01562
INFO:root:_cost_function returning 1875.23; elapsed time: 0
INFO:root:_cost_function called at: 1.01562
INFO:root:_cost_function returning 1875.23; elapsed time: 0
INFO:root:_cost_function called at: 1.01562
INFO:root:_cost_function returning 1875.23; elapsed time: 0
INFO:root:_cost_function called at: 1.01562
INFO:root:_cost_function returning 1875.23; elapsed time: 0
INFO:root:_cost_function called at: 1.01562
INFO:root:_cost_function returning 1875.23; elapsed time: 0
INFO:root:_cost_function called at: 1.01562
INFO:root:_cost_function returning 1875.23; elapsed time: 0
INFO:root:_cost_function called at: 1.01562
INFO:root:_cost_function returning 1875.23; elapsed time: 0
INFO:root:_cost_function called at: 1.01562
INFO:root:_cost_function returning 1875.23; elapsed time: 0
INFO:root:_cost_function called at: 1.01562
INFO:root:_cost_function returning 1875.23; elapsed time: 0
INFO:root:_cost_function called at: 1.01562
INFO:root:_cost_function returning 1875.23; elapsed time: 0
INFO:root:_cost_function called at: 1.01562
INFO:root:_cost_function returning 1875.23; elapsed time: 0
INFO:root:_cost_function called at: 1.01562
INFO:root:_cost_function returning 1875.23; elapsed time: 0
INFO:root:_cost_function called at: 1.01562
INFO:root:_cost_function returning 1875.23; elapsed time: 0
INFO:root:_cost_function called at: 1.01562
INFO:root:_cost_function returning 1875.23; elapsed time: 0
INFO:root:_cost_function called at: 1.01562
INFO:root:_cost_function returning 1875.23; elapsed time: 0
INFO:root:_cost_function called at: 1.01562
INFO:root:_cost_function returning 1875.23; elapsed time: 0
INFO:root:_cost_function called at: 1.01562
INFO:root:_cost_function returning 1875.23; elapsed time: 0
INFO:root:_cost_function called at: 1.01562
INFO:root:_cost_function returning 1875.23; elapsed time: 0
INFO:root:_cost_function called at: 1.01562
INFO:root:_cost_function returning 1875.23; elapsed time: 0
INFO:root:_cost_function called at: 1.01562
INFO:root:_cost_function returning 1875.23; elapsed time: 0
INFO:root:_cost_function called at: 1.01562
INFO:root:_cost_function returning 1875.23; elapsed time: 0
INFO:root:_cost_function called at: 1.01562
INFO:root:_cost_function returning 1875.23; elapsed time: 0
INFO:root:_cost_function called at: 1.01562
INFO:root:_cost_function returning 1875.23; elapsed time: 0
INFO:root:_cost_function called at: 1.01562
INFO:root:_cost_function returning 1875.23; elapsed time: 0
INFO:root:_cost_function called at: 1.01562
INFO:root:_cost_function returning 1875.23; elapsed time: 0
INFO:root:_cost_function called at: 1.01562
INFO:root:_cost_function returning 1875.23; elapsed time: 0
INFO:root:_cost_function called at: 1.01562
INFO:root:_cost_function returning 1875.23; elapsed time: 0
INFO:root:_cost_function called at: 1.01562
INFO:root:_cost_function returning 1875.23; elapsed time: 0
INFO:root:_cost_function called at: 1.01562
INFO:root:_cost_function returning 1875.23; elapsed time: 0
INFO:root:_cost_function called at: 1.01562
INFO:root:_cost_function returning 1875.23; elapsed time: 0
INFO:root:_cost_function called at: 1.01562
INFO:root:_cost_function returning 1875.23; elapsed time: 0
INFO:root:_cost_function called at: 1.01562
INFO:root:_cost_function returning 1875.23; elapsed time: 0
INFO:root:_cost_function called at: 1.01562
INFO:root:_cost_function returning 1875.23; elapsed time: 0
INFO:root:_cost_function called at: 1.01562
INFO:root:_cost_function returning 1875.23; elapsed time: 0
INFO:root:_cost_function called at: 1.01562
INFO:root:_cost_function returning 1875.23; elapsed time: 0
INFO:root:_cost_function called at: 1.01562
INFO:root:_cost_function returning 1875.23; elapsed time: 0
INFO:root:_cost_function called at: 1.01562
INFO:root:_cost_function returning 1875.23; elapsed time: 0
INFO:root:_cost_function called at: 1.01562
INFO:root:_cost_function returning 1875.23; elapsed time: 0
INFO:root:_cost_function called at: 1.01562
INFO:root:_cost_function returning 1875.23; elapsed time: 0
INFO:root:_cost_function called at: 1.01562
INFO:root:_cost_function returning 1875.23; elapsed time: 0
INFO:root:_cost_function called at: 1.01562
INFO:root:_cost_function returning 1875.23; elapsed time: 0
INFO:root:_cost_function called at: 1.01562
INFO:root:_cost_function returning 1875.23; elapsed time: 0
INFO:root:_cost_function called at: 1.01562
INFO:root:_cost_function returning 1875.23; elapsed time: 0
INFO:root:_cost_function called at: 1.01562
INFO:root:_cost_function returning 1875.23; elapsed time: 0
INFO:root:_cost_function called at: 1.01562
INFO:root:_cost_function returning 1875.23; elapsed time: 0
INFO:root:_cost_function called at: 1.01562
INFO:root:_cost_function returning 1875.23; elapsed time: 0
INFO:root:_cost_function called at: 1.01562
INFO:root:_cost_function returning 1875.23; elapsed time: 0
INFO:root:_cost_function called at: 1.01562
INFO:root:_cost_function returning 1875.23; elapsed time: 0
INFO:root:_cost_function called at: 1.01562
INFO:root:_cost_function returning 1875.23; elapsed time: 0
INFO:root:_cost_function called at: 1.01562
INFO:root:_cost_function returning 1875.23; elapsed time: 0
INFO:root:_cost_function called at: 1.01562
INFO:root:_cost_function returning 1875.23; elapsed time: 0
INFO:root:_cost_function called at: 1.01562
INFO:root:_cost_function returning 1875.23; elapsed time: 0
INFO:root:_cost_function called at: 1.01562
INFO:root:_cost_function returning 1875.23; elapsed time: 0
INFO:root:_cost_function called at: 1.01562
INFO:root:_cost_function returning 1875.23; elapsed time: 0
INFO:root:_cost_function called at: 1.01562
INFO:root:_cost_function returning 1875.23; elapsed time: 0
INFO:root:_cost_function called at: 1.01562
INFO:root:_cost_function returning 1875.23; elapsed time: 0
INFO:root:_cost_function called at: 1.01562
INFO:root:_cost_function returning 1875.23; elapsed time: 0
INFO:root:_cost_function called at: 1.01562
INFO:root:_cost_function returning 1875.23; elapsed time: 0
INFO:root:_cost_function called at: 1.01562
INFO:root:_cost_function returning 1875.23; elapsed time: 0
INFO:root:_cost_function called at: 1.01562
INFO:root:_cost_function returning 1875.23; elapsed time: 0
INFO:root:_cost_function called at: 1.01562
INFO:root:_cost_function returning 1875.23; elapsed time: 0
INFO:root:_cost_function called at: 1.01562
INFO:root:_cost_function returning 1875.23; elapsed time: 0
INFO:root:_cost_function called at: 1.01562
INFO:root:_cost_function returning 1875.23; elapsed time: 0
INFO:root:_cost_function called at: 1.01562
INFO:root:_cost_function returning 1875.23; elapsed time: 0
INFO:root:_cost_function called at: 1.01562
INFO:root:_cost_function returning 1875.23; elapsed time: 0
INFO:root:_cost_function called at: 1.01562
INFO:root:_cost_function returning 1875.23; elapsed time: 0
INFO:root:_cost_function called at: 1.01562
INFO:root:_cost_function returning 1875.23; elapsed time: 0
INFO:root:_cost_function called at: 1.01562
INFO:root:_cost_function returning 1875.23; elapsed time: 0
INFO:root:_cost_function called at: 1.01562
INFO:root:_cost_function returning 1875.23; elapsed time: 0
INFO:root:_cost_function called at: 1.01562
INFO:root:_cost_function returning 1875.23; elapsed time: 0
INFO:root:_cost_function called at: 1.01562
INFO:root:_cost_function returning 1875.23; elapsed time: 0
INFO:root:_cost_function called at: 1.01562
INFO:root:_cost_function returning 1875.23; elapsed time: 0
INFO:root:_cost_function called at: 1.01562
INFO:root:_cost_function returning 1875.23; elapsed time: 0
INFO:root:_cost_function called at: 1.01562
INFO:root:_cost_function returning 1875.23; elapsed time: 0
INFO:root:_cost_function called at: 1.01562
INFO:root:_cost_function returning 1875.23; elapsed time: 0
INFO:root:_cost_function called at: 1.01562
INFO:root:_cost_function returning 1875.23; elapsed time: 0
INFO:root:_cost_function called at: 1.01562
INFO:root:_cost_function returning 1875.23; elapsed time: 0
INFO:root:_cost_function called at: 1.01562
INFO:root:_cost_function returning 1875.23; elapsed time: 0
INFO:root:_cost_function called at: 1.01562
INFO:root:_cost_function returning 1875.23; elapsed time: 0
INFO:root:_cost_function called at: 1.01562
INFO:root:_cost_function returning 1875.23; elapsed time: 0
INFO:root:_cost_function called at: 1.03125
INFO:root:_cost_function returning 1314.08; elapsed time: 0
INFO:root:_cost_function called at: 1.03125
INFO:root:_cost_function returning 1356.53; elapsed time: 0
INFO:root:_cost_function called at: 1.03125
INFO:root:_cost_function returning 1356.53; elapsed time: 0
INFO:root:_cost_function called at: 1.03125
INFO:root:_cost_function returning 1356.53; elapsed time: 0
INFO:root:_cost_function called at: 1.03125
INFO:root:_cost_function returning 1356.53; elapsed time: 0
INFO:root:_cost_function called at: 1.03125
INFO:root:_cost_function returning 1356.53; elapsed time: 0
INFO:root:_cost_function called at: 1.03125
INFO:root:_cost_function returning 1356.53; elapsed time: 0
INFO:root:_cost_function called at: 1.03125
INFO:root:_cost_function returning 1356.53; elapsed time: 0
INFO:root:_cost_function called at: 1.03125
INFO:root:_cost_function returning 1356.53; elapsed time: 0
INFO:root:_cost_function called at: 1.03125
INFO:root:_cost_function returning 1356.53; elapsed time: 0
INFO:root:_cost_function called at: 1.03125
INFO:root:_cost_function returning 1356.53; elapsed time: 0
INFO:root:_cost_function called at: 1.03125
INFO:root:_cost_function returning 1356.53; elapsed time: 0
INFO:root:_cost_function called at: 1.03125
INFO:root:_cost_function returning 1356.53; elapsed time: 0
INFO:root:_cost_function called at: 1.03125
INFO:root:_cost_function returning 1356.53; elapsed time: 0
INFO:root:_cost_function called at: 1.03125
INFO:root:_cost_function returning 1356.53; elapsed time: 0
INFO:root:_cost_function called at: 1.03125
INFO:root:_cost_function returning 1356.53; elapsed time: 0
INFO:root:_cost_function called at: 1.03125
INFO:root:_cost_function returning 1356.53; elapsed time: 0
INFO:root:_cost_function called at: 1.03125
INFO:root:_cost_function returning 1356.53; elapsed time: 0
INFO:root:_cost_function called at: 1.03125
INFO:root:_cost_function returning 1356.53; elapsed time: 0
INFO:root:_cost_function called at: 1.03125
INFO:root:_cost_function returning 1356.53; elapsed time: 0
INFO:root:_cost_function called at: 1.03125
INFO:root:_cost_function returning 1356.53; elapsed time: 0
INFO:root:_cost_function called at: 1.03125
INFO:root:_cost_function returning 1356.53; elapsed time: 0
INFO:root:_cost_function called at: 1.03125
INFO:root:_cost_function returning 1356.53; elapsed time: 0
INFO:root:_cost_function called at: 1.03125
INFO:root:_cost_function returning 1356.53; elapsed time: 0
INFO:root:_cost_function called at: 1.03125
INFO:root:_cost_function returning 1356.53; elapsed time: 0
INFO:root:_cost_function called at: 1.03125
INFO:root:_cost_function returning 1356.53; elapsed time: 0
INFO:root:_cost_function called at: 1.03125
INFO:root:_cost_function returning 1356.53; elapsed time: 0
INFO:root:_cost_function called at: 1.03125
INFO:root:_cost_function returning 1356.53; elapsed time: 0
INFO:root:_cost_function called at: 1.03125
INFO:root:_cost_function returning 1356.53; elapsed time: 0
INFO:root:_cost_function called at: 1.03125
INFO:root:_cost_function returning 1356.53; elapsed time: 0
INFO:root:_cost_function called at: 1.03125
INFO:root:_cost_function returning 1356.53; elapsed time: 0
INFO:root:_cost_function called at: 1.03125
INFO:root:_cost_function returning 1356.53; elapsed time: 0
INFO:root:_cost_function called at: 1.03125
INFO:root:_cost_function returning 1356.53; elapsed time: 0
INFO:root:_cost_function called at: 1.03125
INFO:root:_cost_function returning 1356.53; elapsed time: 0
INFO:root:_cost_function called at: 1.03125
INFO:root:_cost_function returning 1356.53; elapsed time: 0
INFO:root:_cost_function called at: 1.03125
INFO:root:_cost_function returning 1356.53; elapsed time: 0
INFO:root:_cost_function called at: 1.03125
INFO:root:_cost_function returning 1356.53; elapsed time: 0
INFO:root:_cost_function called at: 1.03125
INFO:root:_cost_function returning 1356.53; elapsed time: 0
INFO:root:_cost_function called at: 1.03125
INFO:root:_cost_function returning 1356.53; elapsed time: 0
INFO:root:_cost_function called at: 1.03125
INFO:root:_cost_function returning 1356.53; elapsed time: 0
INFO:root:_cost_function called at: 1.03125
INFO:root:_cost_function returning 1356.53; elapsed time: 0
INFO:root:_cost_function called at: 1.03125
INFO:root:_cost_function returning 1356.53; elapsed time: 0
INFO:root:_cost_function called at: 1.03125
INFO:root:_cost_function returning 1356.53; elapsed time: 0
INFO:root:_cost_function called at: 1.03125
INFO:root:_cost_function returning 1356.53; elapsed time: 0
INFO:root:_cost_function called at: 1.03125
INFO:root:_cost_function returning 1356.53; elapsed time: 0
INFO:root:_cost_function called at: 1.03125
INFO:root:_cost_function returning 1356.53; elapsed time: 0.015625
INFO:root:_cost_function called at: 1.04688
INFO:root:_cost_function returning 1356.53; elapsed time: 0
INFO:root:_cost_function called at: 1.04688
INFO:root:_cost_function returning 1356.53; elapsed time: 0
INFO:root:_cost_function called at: 1.04688
INFO:root:_cost_function returning 1356.53; elapsed time: 0
INFO:root:_cost_function called at: 1.04688
INFO:root:_cost_function returning 1356.53; elapsed time: 0
INFO:root:_cost_function called at: 1.04688
INFO:root:_cost_function returning 1356.53; elapsed time: 0
INFO:root:_cost_function called at: 1.04688
INFO:root:_cost_function returning 1356.53; elapsed time: 0
INFO:root:_cost_function called at: 1.04688
INFO:root:_cost_function returning 1356.53; elapsed time: 0
INFO:root:_cost_function called at: 1.04688
INFO:root:_cost_function returning 1356.53; elapsed time: 0
INFO:root:_cost_function called at: 1.04688
INFO:root:_cost_function returning 1356.53; elapsed time: 0
INFO:root:_cost_function called at: 1.04688
INFO:root:_cost_function returning 1356.53; elapsed time: 0
INFO:root:_cost_function called at: 1.04688
INFO:root:_cost_function returning 1356.53; elapsed time: 0
INFO:root:_cost_function called at: 1.04688
INFO:root:_cost_function returning 1356.53; elapsed time: 0
INFO:root:_cost_function called at: 1.04688
INFO:root:_cost_function returning 1356.53; elapsed time: 0
INFO:root:_cost_function called at: 1.04688
INFO:root:_cost_function returning 1356.53; elapsed time: 0
INFO:root:_cost_function called at: 1.04688
INFO:root:_cost_function returning 1356.53; elapsed time: 0
INFO:root:_cost_function called at: 1.04688
INFO:root:_cost_function returning 1356.53; elapsed time: 0
INFO:root:_cost_function called at: 1.04688
INFO:root:_cost_function returning 1356.53; elapsed time: 0
INFO:root:_cost_function called at: 1.04688
INFO:root:_cost_function returning 1356.53; elapsed time: 0
INFO:root:_cost_function called at: 1.04688
INFO:root:_cost_function returning 1356.53; elapsed time: 0
INFO:root:_cost_function called at: 1.04688
INFO:root:_cost_function returning 1356.53; elapsed time: 0
INFO:root:_cost_function called at: 1.04688
INFO:root:_cost_function returning 1356.53; elapsed time: 0
INFO:root:_cost_function called at: 1.04688
INFO:root:_cost_function returning 1356.53; elapsed time: 0
INFO:root:_cost_function called at: 1.04688
INFO:root:_cost_function returning 1356.53; elapsed time: 0
INFO:root:_cost_function called at: 1.04688
INFO:root:_cost_function returning 1356.53; elapsed time: 0
INFO:root:_cost_function called at: 1.04688
INFO:root:_cost_function returning 1356.53; elapsed time: 0
INFO:root:_cost_function called at: 1.04688
INFO:root:_cost_function returning 1356.53; elapsed time: 0
INFO:root:_cost_function called at: 1.04688
INFO:root:_cost_function returning 1356.53; elapsed time: 0
INFO:root:_cost_function called at: 1.04688
INFO:root:_cost_function returning 1356.53; elapsed time: 0
INFO:root:_cost_function called at: 1.04688
INFO:root:_cost_function returning 1356.53; elapsed time: 0
INFO:root:_cost_function called at: 1.04688
INFO:root:_cost_function returning 1356.53; elapsed time: 0
INFO:root:_cost_function called at: 1.04688
INFO:root:_cost_function returning 1356.53; elapsed time: 0
INFO:root:_cost_function called at: 1.04688
INFO:root:_cost_function returning 1356.53; elapsed time: 0
INFO:root:_cost_function called at: 1.04688
INFO:root:_cost_function returning 1356.53; elapsed time: 0
INFO:root:_cost_function called at: 1.04688
INFO:root:_cost_function returning 1356.53; elapsed time: 0
INFO:root:_cost_function called at: 1.04688
INFO:root:_cost_function returning 1356.53; elapsed time: 0
INFO:root:_cost_function called at: 1.04688
INFO:root:_cost_function returning 1356.53; elapsed time: 0
INFO:root:_cost_function called at: 1.04688
INFO:root:_cost_function returning 1356.53; elapsed time: 0
INFO:root:_cost_function called at: 1.04688
INFO:root:_cost_function returning 1356.53; elapsed time: 0
INFO:root:_cost_function called at: 1.04688
INFO:root:_cost_function returning 1356.53; elapsed time: 0
INFO:root:_cost_function called at: 1.04688
INFO:root:_cost_function returning 1356.53; elapsed time: 0
INFO:root:_cost_function called at: 1.04688
INFO:root:_cost_function returning 1356.53; elapsed time: 0
INFO:root:_cost_function called at: 1.04688
INFO:root:_cost_function returning 1356.53; elapsed time: 0
INFO:root:_cost_function called at: 1.04688
INFO:root:_cost_function returning 1356.53; elapsed time: 0
INFO:root:_cost_function called at: 1.04688
INFO:root:_cost_function returning 1356.53; elapsed time: 0
INFO:root:_cost_function called at: 1.04688
INFO:root:_cost_function returning 1356.53; elapsed time: 0
INFO:root:_cost_function called at: 1.04688
INFO:root:_cost_function returning 1356.53; elapsed time: 0
INFO:root:_cost_function called at: 1.04688
INFO:root:_cost_function returning 1356.53; elapsed time: 0
INFO:root:_cost_function called at: 1.04688
INFO:root:_cost_function returning 1356.53; elapsed time: 0
INFO:root:_cost_function called at: 1.04688
INFO:root:_cost_function returning 1356.53; elapsed time: 0
INFO:root:_cost_function called at: 1.04688
INFO:root:_cost_function returning 1356.53; elapsed time: 0
INFO:root:_cost_function called at: 1.04688
INFO:root:_cost_function returning 1356.53; elapsed time: 0
INFO:root:_cost_function called at: 1.04688
INFO:root:_cost_function returning 1356.53; elapsed time: 0
INFO:root:_cost_function called at: 1.04688
INFO:root:_cost_function returning 1356.53; elapsed time: 0
INFO:root:_cost_function called at: 1.04688
INFO:root:_cost_function returning 1356.53; elapsed time: 0
INFO:root:_cost_function called at: 1.04688
INFO:root:_cost_function returning 1356.53; elapsed time: 0
INFO:root:_cost_function called at: 1.04688
INFO:root:_cost_function returning 1356.53; elapsed time: 0
INFO:root:_cost_function called at: 1.0625
INFO:root:_cost_function returning 3417.17; elapsed time: 0
INFO:root:_cost_function called at: 1.0625
INFO:root:_cost_function returning 1267.19; elapsed time: 0
INFO:root:_cost_function called at: 1.0625
INFO:root:_cost_function returning 1267.19; elapsed time: 0
INFO:root:_cost_function called at: 1.0625
INFO:root:_cost_function returning 1267.19; elapsed time: 0
INFO:root:_cost_function called at: 1.0625
INFO:root:_cost_function returning 1267.19; elapsed time: 0
INFO:root:_cost_function called at: 1.0625
INFO:root:_cost_function returning 1267.19; elapsed time: 0
INFO:root:_cost_function called at: 1.0625
INFO:root:_cost_function returning 1267.19; elapsed time: 0
INFO:root:_cost_function called at: 1.0625
INFO:root:_cost_function returning 1267.19; elapsed time: 0
INFO:root:_cost_function called at: 1.0625
INFO:root:_cost_function returning 1267.19; elapsed time: 0
INFO:root:_cost_function called at: 1.0625
INFO:root:_cost_function returning 1267.19; elapsed time: 0
INFO:root:_cost_function called at: 1.0625
INFO:root:_cost_function returning 1267.19; elapsed time: 0
INFO:root:_cost_function called at: 1.0625
INFO:root:_cost_function returning 1267.19; elapsed time: 0
INFO:root:_cost_function called at: 1.0625
INFO:root:_cost_function returning 1267.19; elapsed time: 0
INFO:root:_cost_function called at: 1.0625
INFO:root:_cost_function returning 1267.19; elapsed time: 0
INFO:root:_cost_function called at: 1.0625
INFO:root:_cost_function returning 1267.19; elapsed time: 0
INFO:root:_cost_function called at: 1.0625
INFO:root:_cost_function returning 1267.19; elapsed time: 0
INFO:root:_cost_function called at: 1.0625
INFO:root:_cost_function returning 1267.19; elapsed time: 0
INFO:root:_cost_function called at: 1.0625
INFO:root:_cost_function returning 1267.19; elapsed time: 0
INFO:root:_cost_function called at: 1.0625
INFO:root:_cost_function returning 1267.19; elapsed time: 0
INFO:root:_cost_function called at: 1.0625
INFO:root:_cost_function returning 1267.19; elapsed time: 0
INFO:root:_cost_function called at: 1.0625
INFO:root:_cost_function returning 1267.19; elapsed time: 0
INFO:root:_cost_function called at: 1.0625
INFO:root:_cost_function returning 1267.19; elapsed time: 0
INFO:root:_cost_function called at: 1.0625
INFO:root:_cost_function returning 1267.19; elapsed time: 0
INFO:root:_cost_function called at: 1.0625
INFO:root:_cost_function returning 1267.19; elapsed time: 0
INFO:root:_cost_function called at: 1.0625
INFO:root:_cost_function returning 1267.19; elapsed time: 0
INFO:root:_cost_function called at: 1.0625
INFO:root:_cost_function returning 1267.19; elapsed time: 0
INFO:root:_cost_function called at: 1.0625
INFO:root:_cost_function returning 1267.19; elapsed time: 0
INFO:root:_cost_function called at: 1.0625
INFO:root:_cost_function returning 1267.19; elapsed time: 0
INFO:root:_cost_function called at: 1.0625
INFO:root:_cost_function returning 1267.19; elapsed time: 0
INFO:root:_cost_function called at: 1.0625
INFO:root:_cost_function returning 1267.19; elapsed time: 0
INFO:root:_cost_function called at: 1.0625
INFO:root:_cost_function returning 1267.19; elapsed time: 0
INFO:root:_cost_function called at: 1.0625
INFO:root:_cost_function returning 1267.19; elapsed time: 0
INFO:root:_cost_function called at: 1.0625
INFO:root:_cost_function returning 1267.19; elapsed time: 0
INFO:root:_cost_function called at: 1.0625
INFO:root:_cost_function returning 1267.19; elapsed time: 0
INFO:root:_cost_function called at: 1.0625
INFO:root:_cost_function returning 1267.19; elapsed time: 0
INFO:root:_cost_function called at: 1.0625
INFO:root:_cost_function returning 1267.19; elapsed time: 0
INFO:root:_cost_function called at: 1.0625
INFO:root:_cost_function returning 1267.19; elapsed time: 0
INFO:root:_cost_function called at: 1.0625
INFO:root:_cost_function returning 1267.19; elapsed time: 0
INFO:root:_cost_function called at: 1.0625
INFO:root:_cost_function returning 1267.19; elapsed time: 0
INFO:root:_cost_function called at: 1.0625
INFO:root:_cost_function returning 1267.19; elapsed time: 0
INFO:root:_cost_function called at: 1.0625
INFO:root:_cost_function returning 1267.19; elapsed time: 0
INFO:root:_cost_function called at: 1.0625
INFO:root:_cost_function returning 1267.19; elapsed time: 0
INFO:root:_cost_function called at: 1.0625
INFO:root:_cost_function returning 1267.19; elapsed time: 0
INFO:root:_cost_function called at: 1.0625
INFO:root:_cost_function returning 1267.19; elapsed time: 0
INFO:root:_cost_function called at: 1.0625
INFO:root:_cost_function returning 1267.19; elapsed time: 0
INFO:root:_cost_function called at: 1.0625
INFO:root:_cost_function returning 1267.19; elapsed time: 0
INFO:root:_cost_function called at: 1.0625
INFO:root:_cost_function returning 1267.19; elapsed time: 0
INFO:root:_cost_function called at: 1.0625
INFO:root:_cost_function returning 1267.19; elapsed time: 0
INFO:root:_cost_function called at: 1.0625
INFO:root:_cost_function returning 1267.19; elapsed time: 0
INFO:root:_cost_function called at: 1.0625
INFO:root:_cost_function returning 1267.19; elapsed time: 0
INFO:root:_cost_function called at: 1.0625
INFO:root:_cost_function returning 1267.19; elapsed time: 0
INFO:root:_cost_function called at: 1.0625
INFO:root:_cost_function returning 1267.19; elapsed time: 0
INFO:root:_cost_function called at: 1.0625
INFO:root:_cost_function returning 1267.19; elapsed time: 0
INFO:root:_cost_function called at: 1.0625
INFO:root:_cost_function returning 1267.19; elapsed time: 0
INFO:root:_cost_function called at: 1.0625
INFO:root:_cost_function returning 1267.19; elapsed time: 0
INFO:root:_cost_function called at: 1.0625
INFO:root:_cost_function returning 1267.19; elapsed time: 0
INFO:root:_cost_function called at: 1.0625
INFO:root:_cost_function returning 1267.19; elapsed time: 0
INFO:root:_cost_function called at: 1.0625
INFO:root:_cost_function returning 1267.19; elapsed time: 0
INFO:root:_cost_function called at: 1.0625
INFO:root:_cost_function returning 1267.19; elapsed time: 0
INFO:root:_cost_function called at: 1.0625
INFO:root:_cost_function returning 1267.19; elapsed time: 0
INFO:root:_cost_function called at: 1.0625
INFO:root:_cost_function returning 1267.19; elapsed time: 0
INFO:root:_cost_function called at: 1.0625
INFO:root:_cost_function returning 1267.19; elapsed time: 0
INFO:root:_cost_function called at: 1.0625
INFO:root:_cost_function returning 1267.19; elapsed time: 0
INFO:root:_cost_function called at: 1.0625
INFO:root:_cost_function returning 1267.19; elapsed time: 0
INFO:root:_cost_function called at: 1.0625
INFO:root:_cost_function returning 1267.19; elapsed time: 0
INFO:root:_cost_function called at: 1.0625
INFO:root:_cost_function returning 1267.19; elapsed time: 0
INFO:root:_cost_function called at: 1.0625
INFO:root:_cost_function returning 1267.19; elapsed time: 0
INFO:root:_cost_function called at: 1.0625
INFO:root:_cost_function returning 1267.19; elapsed time: 0
INFO:root:_cost_function called at: 1.0625
INFO:root:_cost_function returning 1267.19; elapsed time: 0
INFO:root:_cost_function called at: 1.0625
INFO:root:_cost_function returning 1267.19; elapsed time: 0
INFO:root:_cost_function called at: 1.0625
INFO:root:_cost_function returning 1267.19; elapsed time: 0
INFO:root:_cost_function called at: 1.0625
INFO:root:_cost_function returning 1267.19; elapsed time: 0
INFO:root:_cost_function called at: 1.0625
INFO:root:_cost_function returning 1267.19; elapsed time: 0
INFO:root:_cost_function called at: 1.0625
INFO:root:_cost_function returning 1267.19; elapsed time: 0
INFO:root:_cost_function called at: 1.0625
INFO:root:_cost_function returning 1267.19; elapsed time: 0
INFO:root:_cost_function called at: 1.0625
INFO:root:_cost_function returning 1267.19; elapsed time: 0
INFO:root:_cost_function called at: 1.0625
INFO:root:_cost_function returning 1267.19; elapsed time: 0
INFO:root:_cost_function called at: 1.0625
INFO:root:_cost_function returning 1267.19; elapsed time: 0
INFO:root:_cost_function called at: 1.0625
INFO:root:_cost_function returning 1267.19; elapsed time: 0.015625
INFO:root:_cost_function called at: 1.07812
INFO:root:_cost_function returning 1267.19; elapsed time: 0
INFO:root:_cost_function called at: 1.07812
INFO:root:_cost_function returning 1267.19; elapsed time: 0
INFO:root:_cost_function called at: 1.07812
INFO:root:_cost_function returning 1267.19; elapsed time: 0
INFO:root:_cost_function called at: 1.07812
INFO:root:_cost_function returning 1267.19; elapsed time: 0
INFO:root:_cost_function called at: 1.07812
INFO:root:_cost_function returning 1267.19; elapsed time: 0
INFO:root:_cost_function called at: 1.07812
INFO:root:_cost_function returning 1267.19; elapsed time: 0
INFO:root:_cost_function called at: 1.07812
INFO:root:_cost_function returning 1267.19; elapsed time: 0
INFO:root:_cost_function called at: 1.07812
INFO:root:_cost_function returning 1267.19; elapsed time: 0
INFO:root:_cost_function called at: 1.07812
INFO:root:_cost_function returning 1267.19; elapsed time: 0
INFO:root:_cost_function called at: 1.07812
INFO:root:_cost_function returning 1267.19; elapsed time: 0
INFO:root:_cost_function called at: 1.07812
INFO:root:_cost_function returning 1267.19; elapsed time: 0
INFO:root:_cost_function called at: 1.07812
INFO:root:_cost_function returning 1267.19; elapsed time: 0
INFO:root:_cost_function called at: 1.07812
INFO:root:_cost_function returning 1267.19; elapsed time: 0
INFO:root:_cost_function called at: 1.07812
INFO:root:_cost_function returning 1267.19; elapsed time: 0
INFO:root:_cost_function called at: 1.07812
INFO:root:_cost_function returning 1267.19; elapsed time: 0
INFO:root:_cost_function called at: 1.07812
INFO:root:_cost_function returning 1267.19; elapsed time: 0
INFO:root:_cost_function called at: 1.07812
INFO:root:_cost_function returning 1267.19; elapsed time: 0
INFO:root:_cost_function called at: 1.07812
INFO:root:_cost_function returning 1267.19; elapsed time: 0
INFO:root:_cost_function called at: 1.07812
INFO:root:_cost_function returning 1267.19; elapsed time: 0
INFO:root:_cost_function called at: 1.07812
INFO:root:_cost_function returning 1267.19; elapsed time: 0
INFO:root:_cost_function called at: 1.07812
INFO:root:_cost_function returning 1267.19; elapsed time: 0
INFO:root:_cost_function called at: 1.07812
INFO:root:_cost_function returning 1267.19; elapsed time: 0
INFO:root:_cost_function called at: 1.07812
INFO:root:_cost_function returning 1267.19; elapsed time: 0
INFO:root:_cost_function called at: 1.09375
INFO:root:_cost_function returning 1353.08; elapsed time: 0
INFO:root:_cost_function called at: 1.09375
INFO:root:_cost_function returning 1195.63; elapsed time: 0
INFO:root:_cost_function called at: 1.09375
INFO:root:_cost_function returning 1195.63; elapsed time: 0
INFO:root:_cost_function called at: 1.09375
INFO:root:_cost_function returning 1195.63; elapsed time: 0
INFO:root:_cost_function called at: 1.09375
INFO:root:_cost_function returning 1195.63; elapsed time: 0
INFO:root:_cost_function called at: 1.09375
INFO:root:_cost_function returning 1195.63; elapsed time: 0
INFO:root:_cost_function called at: 1.09375
INFO:root:_cost_function returning 1195.63; elapsed time: 0
INFO:root:_cost_function called at: 1.09375
INFO:root:_cost_function returning 1195.63; elapsed time: 0
INFO:root:_cost_function called at: 1.09375
INFO:root:_cost_function returning 1195.63; elapsed time: 0
INFO:root:_cost_function called at: 1.09375
INFO:root:_cost_function returning 1195.63; elapsed time: 0
INFO:root:_cost_function called at: 1.09375
INFO:root:_cost_function returning 1195.63; elapsed time: 0
INFO:root:_cost_function called at: 1.09375
INFO:root:_cost_function returning 1195.63; elapsed time: 0
INFO:root:_cost_function called at: 1.09375
INFO:root:_cost_function returning 1195.63; elapsed time: 0
INFO:root:_cost_function called at: 1.09375
INFO:root:_cost_function returning 1195.63; elapsed time: 0
INFO:root:_cost_function called at: 1.09375
INFO:root:_cost_function returning 1195.63; elapsed time: 0
INFO:root:_cost_function called at: 1.09375
INFO:root:_cost_function returning 1195.63; elapsed time: 0
INFO:root:_cost_function called at: 1.09375
INFO:root:_cost_function returning 1195.63; elapsed time: 0
INFO:root:_cost_function called at: 1.09375
INFO:root:_cost_function returning 1195.63; elapsed time: 0
INFO:root:_cost_function called at: 1.09375
INFO:root:_cost_function returning 1195.63; elapsed time: 0
INFO:root:_cost_function called at: 1.09375
INFO:root:_cost_function returning 1195.63; elapsed time: 0
INFO:root:_cost_function called at: 1.09375
INFO:root:_cost_function returning 1195.63; elapsed time: 0
INFO:root:_cost_function called at: 1.09375
INFO:root:_cost_function returning 1195.63; elapsed time: 0
INFO:root:_cost_function called at: 1.09375
INFO:root:_cost_function returning 1195.63; elapsed time: 0
INFO:root:_cost_function called at: 1.09375
INFO:root:_cost_function returning 1195.63; elapsed time: 0
INFO:root:_cost_function called at: 1.09375
INFO:root:_cost_function returning 1195.63; elapsed time: 0
INFO:root:_cost_function called at: 1.09375
INFO:root:_cost_function returning 1195.63; elapsed time: 0
INFO:root:_cost_function called at: 1.09375
INFO:root:_cost_function returning 1195.63; elapsed time: 0
INFO:root:_cost_function called at: 1.09375
INFO:root:_cost_function returning 1195.63; elapsed time: 0
INFO:root:_cost_function called at: 1.09375
INFO:root:_cost_function returning 1195.63; elapsed time: 0
INFO:root:_cost_function called at: 1.09375
INFO:root:_cost_function returning 1195.63; elapsed time: 0
INFO:root:_cost_function called at: 1.09375
INFO:root:_cost_function returning 1195.63; elapsed time: 0
INFO:root:_cost_function called at: 1.09375
INFO:root:_cost_function returning 1195.63; elapsed time: 0
INFO:root:_cost_function called at: 1.09375
INFO:root:_cost_function returning 1195.63; elapsed time: 0
INFO:root:_cost_function called at: 1.09375
INFO:root:_cost_function returning 1195.63; elapsed time: 0
INFO:root:_cost_function called at: 1.09375
INFO:root:_cost_function returning 1195.63; elapsed time: 0
INFO:root:_cost_function called at: 1.09375
INFO:root:_cost_function returning 1195.63; elapsed time: 0
INFO:root:_cost_function called at: 1.09375
INFO:root:_cost_function returning 1195.63; elapsed time: 0
INFO:root:_cost_function called at: 1.09375
INFO:root:_cost_function returning 1195.63; elapsed time: 0
INFO:root:_cost_function called at: 1.09375
INFO:root:_cost_function returning 1195.63; elapsed time: 0
INFO:root:_cost_function called at: 1.09375
INFO:root:_cost_function returning 1195.63; elapsed time: 0
INFO:root:_cost_function called at: 1.09375
INFO:root:_cost_function returning 1195.63; elapsed time: 0
INFO:root:_cost_function called at: 1.09375
INFO:root:_cost_function returning 1195.63; elapsed time: 0
INFO:root:_cost_function called at: 1.09375
INFO:root:_cost_function returning 1195.63; elapsed time: 0
INFO:root:_cost_function called at: 1.09375
INFO:root:_cost_function returning 1195.63; elapsed time: 0
INFO:root:_cost_function called at: 1.09375
INFO:root:_cost_function returning 1195.63; elapsed time: 0
INFO:root:_cost_function called at: 1.09375
INFO:root:_cost_function returning 1195.63; elapsed time: 0
INFO:root:_cost_function called at: 1.09375
INFO:root:_cost_function returning 1195.63; elapsed time: 0
INFO:root:_cost_function called at: 1.09375
INFO:root:_cost_function returning 1195.63; elapsed time: 0
INFO:root:_cost_function called at: 1.09375
INFO:root:_cost_function returning 1195.63; elapsed time: 0
INFO:root:_cost_function called at: 1.09375
INFO:root:_cost_function returning 1195.63; elapsed time: 0
INFO:root:_cost_function called at: 1.09375
INFO:root:_cost_function returning 1195.63; elapsed time: 0
INFO:root:_cost_function called at: 1.09375
INFO:root:_cost_function returning 1195.63; elapsed time: 0
INFO:root:_cost_function called at: 1.09375
INFO:root:_cost_function returning 1195.63; elapsed time: 0
INFO:root:_cost_function called at: 1.09375
INFO:root:_cost_function returning 1195.63; elapsed time: 0
INFO:root:_cost_function called at: 1.09375
INFO:root:_cost_function returning 1195.63; elapsed time: 0
INFO:root:_cost_function called at: 1.09375
INFO:root:_cost_function returning 1195.63; elapsed time: 0
INFO:root:_cost_function called at: 1.09375
INFO:root:_cost_function returning 1195.63; elapsed time: 0
INFO:root:_cost_function called at: 1.09375
INFO:root:_cost_function returning 1195.63; elapsed time: 0
INFO:root:_cost_function called at: 1.09375
INFO:root:_cost_function returning 1195.63; elapsed time: 0
INFO:root:_cost_function called at: 1.09375
INFO:root:_cost_function returning 1195.63; elapsed time: 0
INFO:root:_cost_function called at: 1.09375
INFO:root:_cost_function returning 1195.63; elapsed time: 0
INFO:root:_cost_function called at: 1.09375
INFO:root:_cost_function returning 1195.63; elapsed time: 0
INFO:root:_cost_function called at: 1.09375
INFO:root:_cost_function returning 1195.63; elapsed time: 0
INFO:root:_cost_function called at: 1.09375
INFO:root:_cost_function returning 1195.63; elapsed time: 0
INFO:root:_cost_function called at: 1.09375
INFO:root:_cost_function returning 1195.63; elapsed time: 0
INFO:root:_cost_function called at: 1.09375
INFO:root:_cost_function returning 1195.63; elapsed time: 0
INFO:root:_cost_function called at: 1.09375
INFO:root:_cost_function returning 1195.63; elapsed time: 0
INFO:root:_cost_function called at: 1.09375
INFO:root:_cost_function returning 1195.63; elapsed time: 0
INFO:root:_cost_function called at: 1.09375
INFO:root:_cost_function returning 1195.63; elapsed time: 0
INFO:root:_cost_function called at: 1.09375
INFO:root:_cost_function returning 1195.63; elapsed time: 0
INFO:root:_cost_function called at: 1.09375
INFO:root:_cost_function returning 1195.63; elapsed time: 0
INFO:root:_cost_function called at: 1.09375
INFO:root:_cost_function returning 1195.63; elapsed time: 0
INFO:root:_cost_function called at: 1.09375
INFO:root:_cost_function returning 1195.63; elapsed time: 0
INFO:root:_cost_function called at: 1.09375
INFO:root:_cost_function returning 1195.63; elapsed time: 0
INFO:root:_cost_function called at: 1.09375
INFO:root:_cost_function returning 1195.63; elapsed time: 0
INFO:root:_cost_function called at: 1.09375
INFO:root:_cost_function returning 1195.63; elapsed time: 0
INFO:root:_cost_function called at: 1.09375
INFO:root:_cost_function returning 1195.63; elapsed time: 0
INFO:root:_cost_function called at: 1.09375
INFO:root:_cost_function returning 1195.63; elapsed time: 0
INFO:root:_cost_function called at: 1.09375
INFO:root:_cost_function returning 1195.63; elapsed time: 0
INFO:root:_cost_function called at: 1.09375
INFO:root:_cost_function returning 1195.63; elapsed time: 0
INFO:root:_cost_function called at: 1.09375
INFO:root:_cost_function returning 1195.63; elapsed time: 0
INFO:root:_cost_function called at: 1.09375
INFO:root:_cost_function returning 1195.63; elapsed time: 0
INFO:root:_cost_function called at: 1.09375
INFO:root:_cost_function returning 1195.63; elapsed time: 0
INFO:root:_cost_function called at: 1.09375
INFO:root:_cost_function returning 1195.63; elapsed time: 0
INFO:root:_cost_function called at: 1.09375
INFO:root:_cost_function returning 1195.63; elapsed time: 0
INFO:root:_cost_function called at: 1.09375
INFO:root:_cost_function returning 1195.63; elapsed time: 0
INFO:root:_cost_function called at: 1.09375
INFO:root:_cost_function returning 1195.63; elapsed time: 0
INFO:root:_cost_function called at: 1.09375
INFO:root:_cost_function returning 1195.63; elapsed time: 0
INFO:root:_cost_function called at: 1.09375
INFO:root:_cost_function returning 1195.63; elapsed time: 0
INFO:root:_cost_function called at: 1.09375
INFO:root:_cost_function returning 1195.63; elapsed time: 0
INFO:root:_cost_function called at: 1.09375
INFO:root:_cost_function returning 1195.63; elapsed time: 0
INFO:root:_cost_function called at: 1.09375
INFO:root:_cost_function returning 1195.63; elapsed time: 0
INFO:root:_cost_function called at: 1.09375
INFO:root:_cost_function returning 1195.63; elapsed time: 0
INFO:root:_cost_function called at: 1.09375
INFO:root:_cost_function returning 1195.63; elapsed time: 0
INFO:root:_cost_function called at: 1.09375
INFO:root:_cost_function returning 1195.63; elapsed time: 0
INFO:root:_cost_function called at: 1.09375
INFO:root:_cost_function returning 1195.63; elapsed time: 0
INFO:root:_cost_function called at: 1.09375
INFO:root:_cost_function returning 1195.63; elapsed time: 0
INFO:root:_cost_function called at: 1.09375
INFO:root:_cost_function returning 1195.63; elapsed time: 0
INFO:root:_cost_function called at: 1.09375
INFO:root:_cost_function returning 1195.63; elapsed time: 0
INFO:root:_cost_function called at: 1.09375
INFO:root:_cost_function returning 1195.63; elapsed time: 0
INFO:root:_cost_function called at: 1.09375
INFO:root:_cost_function returning 1195.63; elapsed time: 0
INFO:root:_cost_function called at: 1.09375
INFO:root:_cost_function returning 1195.63; elapsed time: 0
INFO:root:_cost_function called at: 1.09375
INFO:root:_cost_function returning 1371.87; elapsed time: 0
INFO:root:_cost_function called at: 1.09375
INFO:root:_cost_function returning 1158.46; elapsed time: 0
INFO:root:_cost_function called at: 1.09375
INFO:root:_cost_function returning 1173; elapsed time: 0
INFO:root:_cost_function called at: 1.09375
INFO:root:_cost_function returning 1173; elapsed time: 0
INFO:root:_cost_function called at: 1.09375
INFO:root:_cost_function returning 1173; elapsed time: 0
INFO:root:_cost_function called at: 1.09375
INFO:root:_cost_function returning 1173; elapsed time: 0
INFO:root:_cost_function called at: 1.09375
INFO:root:_cost_function returning 1173; elapsed time: 0
INFO:root:_cost_function called at: 1.09375
INFO:root:_cost_function returning 1173; elapsed time: 0
INFO:root:_cost_function called at: 1.09375
INFO:root:_cost_function returning 1173; elapsed time: 0
INFO:root:_cost_function called at: 1.09375
INFO:root:_cost_function returning 1173; elapsed time: 0
INFO:root:_cost_function called at: 1.09375
INFO:root:_cost_function returning 1173; elapsed time: 0
INFO:root:_cost_function called at: 1.09375
INFO:root:_cost_function returning 1173; elapsed time: 0
INFO:root:_cost_function called at: 1.09375
INFO:root:_cost_function returning 1173; elapsed time: 0
INFO:root:_cost_function called at: 1.09375
INFO:root:_cost_function returning 1173; elapsed time: 0
INFO:root:_cost_function called at: 1.09375
INFO:root:_cost_function returning 1173; elapsed time: 0
INFO:root:_cost_function called at: 1.09375
INFO:root:_cost_function returning 1173; elapsed time: 0
INFO:root:_cost_function called at: 1.09375
INFO:root:_cost_function returning 1173; elapsed time: 0
INFO:root:_cost_function called at: 1.09375
INFO:root:_cost_function returning 1173; elapsed time: 0
INFO:root:_cost_function called at: 1.09375
INFO:root:_cost_function returning 1173; elapsed time: 0.015625
INFO:root:_cost_function called at: 1.10938
INFO:root:_cost_function returning 1173; elapsed time: 0
INFO:root:_cost_function called at: 1.10938
INFO:root:_cost_function returning 1173; elapsed time: 0
INFO:root:_cost_function called at: 1.10938
INFO:root:_cost_function returning 1173; elapsed time: 0
INFO:root:_cost_function called at: 1.10938
INFO:root:_cost_function returning 1173; elapsed time: 0
INFO:root:_cost_function called at: 1.10938
INFO:root:_cost_function returning 1173; elapsed time: 0
INFO:root:_cost_function called at: 1.10938
INFO:root:_cost_function returning 1173; elapsed time: 0
INFO:root:_cost_function called at: 1.10938
INFO:root:_cost_function returning 1173; elapsed time: 0
INFO:root:_cost_function called at: 1.10938
INFO:root:_cost_function returning 1173; elapsed time: 0
INFO:root:_cost_function called at: 1.10938
INFO:root:_cost_function returning 1173; elapsed time: 0
INFO:root:_cost_function called at: 1.10938
INFO:root:_cost_function returning 1173; elapsed time: 0
INFO:root:_cost_function called at: 1.10938
INFO:root:_cost_function returning 1173; elapsed time: 0
INFO:root:_cost_function called at: 1.10938
INFO:root:_cost_function returning 1173; elapsed time: 0
INFO:root:_cost_function called at: 1.10938
INFO:root:_cost_function returning 1173; elapsed time: 0
INFO:root:_cost_function called at: 1.10938
INFO:root:_cost_function returning 1173; elapsed time: 0
INFO:root:_cost_function called at: 1.10938
INFO:root:_cost_function returning 1173; elapsed time: 0
INFO:root:_cost_function called at: 1.10938
INFO:root:_cost_function returning 1173; elapsed time: 0
INFO:root:_cost_function called at: 1.10938
INFO:root:_cost_function returning 1173; elapsed time: 0
INFO:root:_cost_function called at: 1.10938
INFO:root:_cost_function returning 1173; elapsed time: 0
INFO:root:_cost_function called at: 1.10938
INFO:root:_cost_function returning 1173; elapsed time: 0
INFO:root:_cost_function called at: 1.10938
INFO:root:_cost_function returning 1173; elapsed time: 0
INFO:root:_cost_function called at: 1.10938
INFO:root:_cost_function returning 1173; elapsed time: 0
INFO:root:_cost_function called at: 1.10938
INFO:root:_cost_function returning 1173; elapsed time: 0
INFO:root:_cost_function called at: 1.10938
INFO:root:_cost_function returning 1173; elapsed time: 0
INFO:root:_cost_function called at: 1.10938
INFO:root:_cost_function returning 1173; elapsed time: 0
INFO:root:_cost_function called at: 1.10938
INFO:root:_cost_function returning 1173; elapsed time: 0
INFO:root:_cost_function called at: 1.10938
INFO:root:_cost_function returning 1173; elapsed time: 0
INFO:root:_cost_function called at: 1.10938
INFO:root:_cost_function returning 1173; elapsed time: 0
INFO:root:_cost_function called at: 1.10938
INFO:root:_cost_function returning 1173; elapsed time: 0
INFO:root:_cost_function called at: 1.10938
INFO:root:_cost_function returning 1173; elapsed time: 0
INFO:root:_cost_function called at: 1.10938
INFO:root:_cost_function returning 1173; elapsed time: 0
INFO:root:_cost_function called at: 1.10938
INFO:root:_cost_function returning 1173; elapsed time: 0
INFO:root:_cost_function called at: 1.10938
INFO:root:_cost_function returning 1173; elapsed time: 0
INFO:root:_cost_function called at: 1.10938
INFO:root:_cost_function returning 1173; elapsed time: 0
INFO:root:_cost_function called at: 1.10938
INFO:root:_cost_function returning 1173; elapsed time: 0
INFO:root:_cost_function called at: 1.10938
INFO:root:_cost_function returning 1173; elapsed time: 0
INFO:root:_cost_function called at: 1.10938
INFO:root:_cost_function returning 1173; elapsed time: 0
INFO:root:_cost_function called at: 1.10938
INFO:root:_cost_function returning 1173; elapsed time: 0
INFO:root:_cost_function called at: 1.10938
INFO:root:_cost_function returning 1173; elapsed time: 0
INFO:root:_cost_function called at: 1.10938
INFO:root:_cost_function returning 1173; elapsed time: 0
INFO:root:_cost_function called at: 1.10938
INFO:root:_cost_function returning 1173; elapsed time: 0
INFO:root:_cost_function called at: 1.10938
INFO:root:_cost_function returning 1173; elapsed time: 0
INFO:root:_cost_function called at: 1.10938
INFO:root:_cost_function returning 1173; elapsed time: 0
INFO:root:_cost_function called at: 1.10938
INFO:root:_cost_function returning 1173; elapsed time: 0
INFO:root:_cost_function called at: 1.10938
INFO:root:_cost_function returning 1173; elapsed time: 0
INFO:root:_cost_function called at: 1.10938
INFO:root:_cost_function returning 1173; elapsed time: 0
INFO:root:_cost_function called at: 1.10938
INFO:root:_cost_function returning 1173; elapsed time: 0
INFO:root:_cost_function called at: 1.10938
INFO:root:_cost_function returning 1173; elapsed time: 0
INFO:root:_cost_function called at: 1.10938
INFO:root:_cost_function returning 1173; elapsed time: 0
INFO:root:_cost_function called at: 1.10938
INFO:root:_cost_function returning 1173; elapsed time: 0
INFO:root:_cost_function called at: 1.10938
INFO:root:_cost_function returning 1173; elapsed time: 0
INFO:root:_cost_function called at: 1.10938
INFO:root:_cost_function returning 1173; elapsed time: 0
INFO:root:_cost_function called at: 1.10938
INFO:root:_cost_function returning 1173; elapsed time: 0
INFO:root:_cost_function called at: 1.10938
INFO:root:_cost_function returning 1173; elapsed time: 0
INFO:root:_cost_function called at: 1.10938
INFO:root:_cost_function returning 1173; elapsed time: 0
INFO:root:_cost_function called at: 1.10938
INFO:root:_cost_function returning 1173; elapsed time: 0
INFO:root:_cost_function called at: 1.10938
INFO:root:_cost_function returning 1173; elapsed time: 0
INFO:root:_cost_function called at: 1.10938
INFO:root:_cost_function returning 1173; elapsed time: 0
INFO:root:_cost_function called at: 1.10938
INFO:root:_cost_function returning 1173; elapsed time: 0
INFO:root:_cost_function called at: 1.10938
INFO:root:_cost_function returning 1173; elapsed time: 0
INFO:root:_cost_function called at: 1.10938
INFO:root:_cost_function returning 1173; elapsed time: 0
INFO:root:_cost_function called at: 1.10938
INFO:root:_cost_function returning 1173; elapsed time: 0
INFO:root:_cost_function called at: 1.10938
INFO:root:_cost_function returning 1173; elapsed time: 0
INFO:root:_cost_function called at: 1.10938
INFO:root:_cost_function returning 1173; elapsed time: 0
INFO:root:_cost_function called at: 1.10938
INFO:root:_cost_function returning 1173; elapsed time: 0
INFO:root:_cost_function called at: 1.10938
INFO:root:_cost_function returning 1173; elapsed time: 0
INFO:root:_cost_function called at: 1.10938
INFO:root:_cost_function returning 1173; elapsed time: 0
INFO:root:_cost_function called at: 1.10938
INFO:root:_cost_function returning 1173; elapsed time: 0
INFO:root:_cost_function called at: 1.10938
INFO:root:_cost_function returning 1173; elapsed time: 0
INFO:root:_cost_function called at: 1.10938
INFO:root:_cost_function returning 1173; elapsed time: 0
INFO:root:_cost_function called at: 1.10938
INFO:root:_cost_function returning 1173; elapsed time: 0
INFO:root:_cost_function called at: 1.10938
INFO:root:_cost_function returning 1173; elapsed time: 0
INFO:root:_cost_function called at: 1.10938
INFO:root:_cost_function returning 1173; elapsed time: 0
INFO:root:_cost_function called at: 1.10938
INFO:root:_cost_function returning 1173; elapsed time: 0
INFO:root:_cost_function called at: 1.10938
INFO:root:_cost_function returning 1173; elapsed time: 0
INFO:root:_cost_function called at: 1.10938
INFO:root:_cost_function returning 1173; elapsed time: 0
INFO:root:_cost_function called at: 1.10938
INFO:root:_cost_function returning 1173; elapsed time: 0
INFO:root:_cost_function called at: 1.10938
INFO:root:_cost_function returning 1173; elapsed time: 0
INFO:root:_cost_function called at: 1.10938
INFO:root:_cost_function returning 1173; elapsed time: 0
INFO:root:_cost_function called at: 1.10938
INFO:root:_cost_function returning 1173; elapsed time: 0
INFO:root:_cost_function called at: 1.10938
INFO:root:_cost_function returning 1173; elapsed time: 0
INFO:root:_cost_function called at: 1.10938
INFO:root:_cost_function returning 1173; elapsed time: 0
INFO:root:_cost_function called at: 1.10938
INFO:root:_cost_function returning 1173; elapsed time: 0
INFO:root:_cost_function called at: 1.10938
INFO:root:_cost_function returning 1173; elapsed time: 0
INFO:root:_cost_function called at: 1.10938
INFO:root:_cost_function returning 1173; elapsed time: 0
INFO:root:_cost_function called at: 1.125
INFO:root:_cost_function returning 1286.85; elapsed time: 0
INFO:root:_cost_function called at: 1.125
INFO:root:_cost_function returning 1081.07; elapsed time: 0
INFO:root:_cost_function called at: 1.125
INFO:root:_cost_function returning 1081.07; elapsed time: 0
INFO:root:_cost_function called at: 1.125
INFO:root:_cost_function returning 1081.07; elapsed time: 0
INFO:root:_cost_function called at: 1.125
INFO:root:_cost_function returning 1081.07; elapsed time: 0
INFO:root:_cost_function called at: 1.125
INFO:root:_cost_function returning 1081.07; elapsed time: 0
INFO:root:_cost_function called at: 1.125
INFO:root:_cost_function returning 1081.07; elapsed time: 0
INFO:root:_cost_function called at: 1.125
INFO:root:_cost_function returning 1081.07; elapsed time: 0
INFO:root:_cost_function called at: 1.125
INFO:root:_cost_function returning 1081.07; elapsed time: 0
INFO:root:_cost_function called at: 1.125
INFO:root:_cost_function returning 1081.07; elapsed time: 0
INFO:root:_cost_function called at: 1.125
INFO:root:_cost_function returning 1081.07; elapsed time: 0
INFO:root:_cost_function called at: 1.125
INFO:root:_cost_function returning 1081.07; elapsed time: 0
INFO:root:_cost_function called at: 1.125
INFO:root:_cost_function returning 1081.07; elapsed time: 0
INFO:root:_cost_function called at: 1.125
INFO:root:_cost_function returning 1081.07; elapsed time: 0
INFO:root:_cost_function called at: 1.125
INFO:root:_cost_function returning 1081.07; elapsed time: 0
INFO:root:_cost_function called at: 1.125
INFO:root:_cost_function returning 1081.07; elapsed time: 0
INFO:root:_cost_function called at: 1.125
INFO:root:_cost_function returning 1081.07; elapsed time: 0
INFO:root:_cost_function called at: 1.125
INFO:root:_cost_function returning 1081.07; elapsed time: 0
INFO:root:_cost_function called at: 1.125
INFO:root:_cost_function returning 1081.07; elapsed time: 0
INFO:root:_cost_function called at: 1.125
INFO:root:_cost_function returning 1081.07; elapsed time: 0
INFO:root:_cost_function called at: 1.125
INFO:root:_cost_function returning 1081.07; elapsed time: 0
INFO:root:_cost_function called at: 1.125
INFO:root:_cost_function returning 1081.07; elapsed time: 0
INFO:root:_cost_function called at: 1.125
INFO:root:_cost_function returning 1081.07; elapsed time: 0
INFO:root:_cost_function called at: 1.125
INFO:root:_cost_function returning 1081.07; elapsed time: 0
INFO:root:_cost_function called at: 1.125
INFO:root:_cost_function returning 1081.07; elapsed time: 0
INFO:root:_cost_function called at: 1.125
INFO:root:_cost_function returning 1081.07; elapsed time: 0
INFO:root:_cost_function called at: 1.125
INFO:root:_cost_function returning 1081.07; elapsed time: 0
INFO:root:_cost_function called at: 1.125
INFO:root:_cost_function returning 1081.07; elapsed time: 0
INFO:root:_cost_function called at: 1.125
INFO:root:_cost_function returning 1081.07; elapsed time: 0
INFO:root:_cost_function called at: 1.125
INFO:root:_cost_function returning 1081.07; elapsed time: 0
INFO:root:_cost_function called at: 1.125
INFO:root:_cost_function returning 1081.07; elapsed time: 0
INFO:root:_cost_function called at: 1.125
INFO:root:_cost_function returning 1081.07; elapsed time: 0
INFO:root:_cost_function called at: 1.125
INFO:root:_cost_function returning 1081.07; elapsed time: 0
INFO:root:_cost_function called at: 1.125
INFO:root:_cost_function returning 1081.07; elapsed time: 0
INFO:root:_cost_function called at: 1.125
INFO:root:_cost_function returning 1081.07; elapsed time: 0
INFO:root:_cost_function called at: 1.125
INFO:root:_cost_function returning 1081.07; elapsed time: 0
INFO:root:_cost_function called at: 1.125
INFO:root:_cost_function returning 1081.07; elapsed time: 0
INFO:root:_cost_function called at: 1.125
INFO:root:_cost_function returning 1081.07; elapsed time: 0
INFO:root:_cost_function called at: 1.125
INFO:root:_cost_function returning 1081.07; elapsed time: 0
INFO:root:_cost_function called at: 1.125
INFO:root:_cost_function returning 1081.07; elapsed time: 0
INFO:root:_cost_function called at: 1.125
INFO:root:_cost_function returning 1081.07; elapsed time: 0
INFO:root:_cost_function called at: 1.125
INFO:root:_cost_function returning 1081.07; elapsed time: 0
INFO:root:_cost_function called at: 1.125
INFO:root:_cost_function returning 1081.07; elapsed time: 0
INFO:root:_cost_function called at: 1.125
INFO:root:_cost_function returning 1081.07; elapsed time: 0
INFO:root:_cost_function called at: 1.125
INFO:root:_cost_function returning 1081.07; elapsed time: 0
INFO:root:_cost_function called at: 1.125
INFO:root:_cost_function returning 1081.07; elapsed time: 0
INFO:root:_cost_function called at: 1.125
INFO:root:_cost_function returning 1081.07; elapsed time: 0
INFO:root:_cost_function called at: 1.125
INFO:root:_cost_function returning 1081.07; elapsed time: 0
INFO:root:_cost_function called at: 1.125
INFO:root:_cost_function returning 1081.07; elapsed time: 0
INFO:root:_cost_function called at: 1.125
INFO:root:_cost_function returning 1081.07; elapsed time: 0
INFO:root:_cost_function called at: 1.125
INFO:root:_cost_function returning 1081.07; elapsed time: 0
INFO:root:_cost_function called at: 1.125
INFO:root:_cost_function returning 1081.07; elapsed time: 0
INFO:root:_cost_function called at: 1.125
INFO:root:_cost_function returning 1081.07; elapsed time: 0
INFO:root:_cost_function called at: 1.14062
INFO:root:_cost_function returning 1081.07; elapsed time: 0
INFO:root:_cost_function called at: 1.14062
INFO:root:_cost_function returning 1081.07; elapsed time: 0
INFO:root:_cost_function called at: 1.14062
INFO:root:_cost_function returning 1081.07; elapsed time: 0
INFO:root:_cost_function called at: 1.14062
INFO:root:_cost_function returning 1081.07; elapsed time: 0
INFO:root:_cost_function called at: 1.14062
INFO:root:_cost_function returning 1081.07; elapsed time: 0
INFO:root:_cost_function called at: 1.14062
INFO:root:_cost_function returning 1081.07; elapsed time: 0
INFO:root:_cost_function called at: 1.14062
INFO:root:_cost_function returning 1081.07; elapsed time: 0
INFO:root:_cost_function called at: 1.14062
INFO:root:_cost_function returning 1081.07; elapsed time: 0
INFO:root:_cost_function called at: 1.14062
INFO:root:_cost_function returning 1081.07; elapsed time: 0
INFO:root:_cost_function called at: 1.14062
INFO:root:_cost_function returning 1081.07; elapsed time: 0
INFO:root:_cost_function called at: 1.14062
INFO:root:_cost_function returning 1081.07; elapsed time: 0
INFO:root:_cost_function called at: 1.14062
INFO:root:_cost_function returning 1081.07; elapsed time: 0
INFO:root:_cost_function called at: 1.14062
INFO:root:_cost_function returning 1081.07; elapsed time: 0
INFO:root:_cost_function called at: 1.14062
INFO:root:_cost_function returning 1081.07; elapsed time: 0
INFO:root:_cost_function called at: 1.14062
INFO:root:_cost_function returning 1081.07; elapsed time: 0
INFO:root:_cost_function called at: 1.14062
INFO:root:_cost_function returning 1081.07; elapsed time: 0
INFO:root:_cost_function called at: 1.14062
INFO:root:_cost_function returning 1081.07; elapsed time: 0
INFO:root:_cost_function called at: 1.14062
INFO:root:_cost_function returning 1081.07; elapsed time: 0
INFO:root:_cost_function called at: 1.14062
INFO:root:_cost_function returning 1081.07; elapsed time: 0
INFO:root:_cost_function called at: 1.14062
INFO:root:_cost_function returning 1081.07; elapsed time: 0
INFO:root:_cost_function called at: 1.14062
INFO:root:_cost_function returning 1081.07; elapsed time: 0
INFO:root:_cost_function called at: 1.14062
INFO:root:_cost_function returning 1081.07; elapsed time: 0
INFO:root:_cost_function called at: 1.14062
INFO:root:_cost_function returning 1081.07; elapsed time: 0
INFO:root:_cost_function called at: 1.14062
INFO:root:_cost_function returning 1081.07; elapsed time: 0
INFO:root:_cost_function called at: 1.14062
INFO:root:_cost_function returning 1081.07; elapsed time: 0
INFO:root:_cost_function called at: 1.14062
INFO:root:_cost_function returning 1081.07; elapsed time: 0
INFO:root:_cost_function called at: 1.14062
INFO:root:_cost_function returning 1081.07; elapsed time: 0
INFO:root:_cost_function called at: 1.14062
INFO:root:_cost_function returning 1081.07; elapsed time: 0
INFO:root:_cost_function called at: 1.14062
INFO:root:_cost_function returning 1081.07; elapsed time: 0
INFO:root:_cost_function called at: 1.14062
INFO:root:_cost_function returning 1081.07; elapsed time: 0
INFO:root:_cost_function called at: 1.14062
INFO:root:_cost_function returning 1081.07; elapsed time: 0
INFO:root:_cost_function called at: 1.14062
INFO:root:_cost_function returning 1081.07; elapsed time: 0
INFO:root:_cost_function called at: 1.14062
INFO:root:_cost_function returning 1081.07; elapsed time: 0
INFO:root:_cost_function called at: 1.14062
INFO:root:_cost_function returning 1081.07; elapsed time: 0
INFO:root:_cost_function called at: 1.14062
INFO:root:_cost_function returning 1081.07; elapsed time: 0
INFO:root:_cost_function called at: 1.14062
INFO:root:_cost_function returning 1081.07; elapsed time: 0
INFO:root:_cost_function called at: 1.14062
INFO:root:_cost_function returning 1081.07; elapsed time: 0
INFO:root:_cost_function called at: 1.14062
INFO:root:_cost_function returning 1081.07; elapsed time: 0
INFO:root:_cost_function called at: 1.14062
INFO:root:_cost_function returning 1081.07; elapsed time: 0
INFO:root:_cost_function called at: 1.14062
INFO:root:_cost_function returning 1081.07; elapsed time: 0
INFO:root:_cost_function called at: 1.14062
INFO:root:_cost_function returning 1081.07; elapsed time: 0
INFO:root:_cost_function called at: 1.14062
INFO:root:_cost_function returning 1081.07; elapsed time: 0
INFO:root:_cost_function called at: 1.14062
INFO:root:_cost_function returning 1081.07; elapsed time: 0
INFO:root:_cost_function called at: 1.14062
INFO:root:_cost_function returning 1081.07; elapsed time: 0
INFO:root:_cost_function called at: 1.14062
INFO:root:_cost_function returning 1081.07; elapsed time: 0
INFO:root:_cost_function called at: 1.14062
INFO:root:_cost_function returning 1081.07; elapsed time: 0
INFO:root:_cost_function called at: 1.14062
INFO:root:_cost_function returning 1081.07; elapsed time: 0
INFO:root:_cost_function called at: 1.14062
INFO:root:_cost_function returning 1081.07; elapsed time: 0
INFO:root:_cost_function called at: 1.14062
INFO:root:_cost_function returning 1081.07; elapsed time: 0
INFO:root:_cost_function called at: 1.15625
INFO:root:_cost_function returning 1085.72; elapsed time: 0
INFO:root:_cost_function called at: 1.15625
INFO:root:_cost_function returning 1085.72; elapsed time: 0
INFO:root:_cost_function called at: 1.15625
INFO:root:_cost_function returning 1085.72; elapsed time: 0
INFO:root:_cost_function called at: 1.15625
INFO:root:_cost_function returning 1085.72; elapsed time: 0
INFO:root:_cost_function called at: 1.15625
INFO:root:_cost_function returning 1085.72; elapsed time: 0
INFO:root:_cost_function called at: 1.15625
INFO:root:_cost_function returning 1085.72; elapsed time: 0
INFO:root:_cost_function called at: 1.15625
INFO:root:_cost_function returning 1085.72; elapsed time: 0
INFO:root:_cost_function called at: 1.15625
INFO:root:_cost_function returning 1085.72; elapsed time: 0
INFO:root:_cost_function called at: 1.15625
INFO:root:_cost_function returning 1085.72; elapsed time: 0
INFO:root:_cost_function called at: 1.15625
INFO:root:_cost_function returning 1085.72; elapsed time: 0
INFO:root:_cost_function called at: 1.15625
INFO:root:_cost_function returning 1085.72; elapsed time: 0
INFO:root:_cost_function called at: 1.15625
INFO:root:_cost_function returning 1085.72; elapsed time: 0
INFO:root:_cost_function called at: 1.15625
INFO:root:_cost_function returning 1085.72; elapsed time: 0
INFO:root:_cost_function called at: 1.15625
INFO:root:_cost_function returning 1085.72; elapsed time: 0
INFO:root:_cost_function called at: 1.15625
INFO:root:_cost_function returning 1085.72; elapsed time: 0
INFO:root:_cost_function called at: 1.15625
INFO:root:_cost_function returning 1085.72; elapsed time: 0
INFO:root:_cost_function called at: 1.15625
INFO:root:_cost_function returning 1085.72; elapsed time: 0
INFO:root:_cost_function called at: 1.15625
INFO:root:_cost_function returning 1085.72; elapsed time: 0
INFO:root:_cost_function called at: 1.15625
INFO:root:_cost_function returning 1085.72; elapsed time: 0
INFO:root:_cost_function called at: 1.15625
INFO:root:_cost_function returning 1085.72; elapsed time: 0
INFO:root:_cost_function called at: 1.15625
INFO:root:_cost_function returning 1085.72; elapsed time: 0
INFO:root:_cost_function called at: 1.15625
INFO:root:_cost_function returning 1085.72; elapsed time: 0
INFO:root:_cost_function called at: 1.15625
INFO:root:_cost_function returning 1085.72; elapsed time: 0
INFO:root:_cost_function called at: 1.15625
INFO:root:_cost_function returning 1085.72; elapsed time: 0
INFO:root:_cost_function called at: 1.15625
INFO:root:_cost_function returning 1085.72; elapsed time: 0
INFO:root:_cost_function called at: 1.15625
INFO:root:_cost_function returning 1085.72; elapsed time: 0
INFO:root:_cost_function called at: 1.15625
INFO:root:_cost_function returning 1085.72; elapsed time: 0
INFO:root:_cost_function called at: 1.15625
INFO:root:_cost_function returning 1085.72; elapsed time: 0
INFO:root:_cost_function called at: 1.15625
INFO:root:_cost_function returning 1085.72; elapsed time: 0
INFO:root:_cost_function called at: 1.15625
INFO:root:_cost_function returning 1085.72; elapsed time: 0
INFO:root:_cost_function called at: 1.15625
INFO:root:_cost_function returning 1085.72; elapsed time: 0
INFO:root:_cost_function called at: 1.15625
INFO:root:_cost_function returning 1085.72; elapsed time: 0
INFO:root:_cost_function called at: 1.15625
INFO:root:_cost_function returning 1085.72; elapsed time: 0
INFO:root:_cost_function called at: 1.15625
INFO:root:_cost_function returning 1085.72; elapsed time: 0
INFO:root:_cost_function called at: 1.15625
INFO:root:_cost_function returning 1085.72; elapsed time: 0
INFO:root:_cost_function called at: 1.15625
INFO:root:_cost_function returning 1085.72; elapsed time: 0
INFO:root:_cost_function called at: 1.15625
INFO:root:_cost_function returning 1085.72; elapsed time: 0
INFO:root:_cost_function called at: 1.15625
INFO:root:_cost_function returning 1085.72; elapsed time: 0
INFO:root:_cost_function called at: 1.15625
INFO:root:_cost_function returning 1085.72; elapsed time: 0
INFO:root:_cost_function called at: 1.15625
INFO:root:_cost_function returning 1085.72; elapsed time: 0
INFO:root:_cost_function called at: 1.15625
INFO:root:_cost_function returning 1085.72; elapsed time: 0
INFO:root:_cost_function called at: 1.15625
INFO:root:_cost_function returning 1085.72; elapsed time: 0
INFO:root:_cost_function called at: 1.15625
INFO:root:_cost_function returning 1085.72; elapsed time: 0
INFO:root:_cost_function called at: 1.15625
INFO:root:_cost_function returning 1085.72; elapsed time: 0
INFO:root:_cost_function called at: 1.15625
INFO:root:_cost_function returning 1085.72; elapsed time: 0
INFO:root:_cost_function called at: 1.15625
INFO:root:_cost_function returning 1085.72; elapsed time: 0
INFO:root:_cost_function called at: 1.15625
INFO:root:_cost_function returning 1085.72; elapsed time: 0
INFO:root:_cost_function called at: 1.15625
INFO:root:_cost_function returning 1085.72; elapsed time: 0
INFO:root:_cost_function called at: 1.15625
INFO:root:_cost_function returning 1085.72; elapsed time: 0
INFO:root:_cost_function called at: 1.15625
INFO:root:_cost_function returning 1085.72; elapsed time: 0
INFO:root:_cost_function called at: 1.15625
INFO:root:_cost_function returning 1085.72; elapsed time: 0
INFO:root:_cost_function called at: 1.15625
INFO:root:_cost_function returning 1085.72; elapsed time: 0
INFO:root:_cost_function called at: 1.15625
INFO:root:_cost_function returning 1085.72; elapsed time: 0
INFO:root:_cost_function called at: 1.15625
INFO:root:_cost_function returning 1085.72; elapsed time: 0
INFO:root:_cost_function called at: 1.15625
INFO:root:_cost_function returning 1085.72; elapsed time: 0
INFO:root:_cost_function called at: 1.15625
INFO:root:_cost_function returning 1085.72; elapsed time: 0
INFO:root:_cost_function called at: 1.15625
INFO:root:_cost_function returning 1085.72; elapsed time: 0
INFO:root:_cost_function called at: 1.15625
INFO:root:_cost_function returning 1085.72; elapsed time: 0
INFO:root:_cost_function called at: 1.15625
INFO:root:_cost_function returning 1085.72; elapsed time: 0
INFO:root:_cost_function called at: 1.15625
INFO:root:_cost_function returning 1085.72; elapsed time: 0
INFO:root:_cost_function called at: 1.15625
INFO:root:_cost_function returning 1085.72; elapsed time: 0
INFO:root:_cost_function called at: 1.15625
INFO:root:_cost_function returning 1085.72; elapsed time: 0
INFO:root:_cost_function called at: 1.15625
INFO:root:_cost_function returning 1085.72; elapsed time: 0
INFO:root:_cost_function called at: 1.15625
INFO:root:_cost_function returning 1085.72; elapsed time: 0
INFO:root:_cost_function called at: 1.15625
INFO:root:_cost_function returning 1085.72; elapsed time: 0
INFO:root:_cost_function called at: 1.15625
INFO:root:_cost_function returning 1085.72; elapsed time: 0
INFO:root:_cost_function called at: 1.15625
INFO:root:_cost_function returning 1085.72; elapsed time: 0
INFO:root:_cost_function called at: 1.15625
INFO:root:_cost_function returning 1085.72; elapsed time: 0
INFO:root:_cost_function called at: 1.15625
INFO:root:_cost_function returning 1085.72; elapsed time: 0
INFO:root:_cost_function called at: 1.15625
INFO:root:_cost_function returning 1085.72; elapsed time: 0
INFO:root:_cost_function called at: 1.15625
INFO:root:_cost_function returning 1085.72; elapsed time: 0
INFO:root:_cost_function called at: 1.15625
INFO:root:_cost_function returning 1085.72; elapsed time: 0
INFO:root:_cost_function called at: 1.15625
INFO:root:_cost_function returning 1085.72; elapsed time: 0
INFO:root:_cost_function called at: 1.15625
INFO:root:_cost_function returning 1085.72; elapsed time: 0
INFO:root:_cost_function called at: 1.15625
INFO:root:_cost_function returning 1085.72; elapsed time: 0
INFO:root:_cost_function called at: 1.15625
INFO:root:_cost_function returning 1085.72; elapsed time: 0
INFO:root:_cost_function called at: 1.15625
INFO:root:_cost_function returning 1085.72; elapsed time: 0
INFO:root:_cost_function called at: 1.15625
INFO:root:_cost_function returning 1085.72; elapsed time: 0
INFO:root:_cost_function called at: 1.15625
INFO:root:_cost_function returning 1085.72; elapsed time: 0
INFO:root:_cost_function called at: 1.15625
INFO:root:_cost_function returning 1085.72; elapsed time: 0
INFO:root:_cost_function called at: 1.15625
INFO:root:_cost_function returning 1085.72; elapsed time: 0
INFO:root:_cost_function called at: 1.15625
INFO:root:_cost_function returning 1085.72; elapsed time: 0
INFO:root:_cost_function called at: 1.17188
INFO:root:_cost_function returning 1085.72; elapsed time: 0
INFO:root:_cost_function called at: 1.17188
INFO:root:_cost_function returning 1085.72; elapsed time: 0
INFO:root:_cost_function called at: 1.17188
INFO:root:_cost_function returning 1085.72; elapsed time: 0
INFO:root:_cost_function called at: 1.17188
INFO:root:_cost_function returning 1085.72; elapsed time: 0
INFO:root:_cost_function called at: 1.17188
INFO:root:_cost_function returning 1085.72; elapsed time: 0
INFO:root:_cost_function called at: 1.17188
INFO:root:_cost_function returning 1085.72; elapsed time: 0
INFO:root:_cost_function called at: 1.17188
INFO:root:_cost_function returning 1085.72; elapsed time: 0
INFO:root:_cost_function called at: 1.17188
INFO:root:_cost_function returning 1085.72; elapsed time: 0
INFO:root:_cost_function called at: 1.17188
INFO:root:_cost_function returning 1085.72; elapsed time: 0
INFO:root:_cost_function called at: 1.17188
INFO:root:_cost_function returning 1085.72; elapsed time: 0
INFO:root:_cost_function called at: 1.17188
INFO:root:_cost_function returning 1085.72; elapsed time: 0
INFO:root:_cost_function called at: 1.17188
INFO:root:_cost_function returning 1085.72; elapsed time: 0
INFO:root:_cost_function called at: 1.17188
INFO:root:_cost_function returning 1085.72; elapsed time: 0
INFO:root:_cost_function called at: 1.17188
INFO:root:_cost_function returning 1085.72; elapsed time: 0
INFO:root:_cost_function called at: 1.17188
INFO:root:_cost_function returning 1085.72; elapsed time: 0
INFO:root:_cost_function called at: 1.17188
INFO:root:_cost_function returning 1085.72; elapsed time: 0
INFO:root:_cost_function called at: 1.17188
INFO:root:_cost_function returning 1085.72; elapsed time: 0
INFO:root:_cost_function called at: 1.17188
INFO:root:_cost_function returning 1085.72; elapsed time: 0
INFO:root:_cost_function called at: 1.17188
INFO:root:_cost_function returning 1085.72; elapsed time: 0
INFO:root:_cost_function called at: 1.17188
INFO:root:_cost_function returning 1199.75; elapsed time: 0
INFO:root:_cost_function called at: 1.17188
INFO:root:_cost_function returning 1066.72; elapsed time: 0
INFO:root:_cost_function called at: 1.17188
INFO:root:_cost_function returning 1066.72; elapsed time: 0
INFO:root:_cost_function called at: 1.17188
INFO:root:_cost_function returning 1066.72; elapsed time: 0
INFO:root:_cost_function called at: 1.17188
INFO:root:_cost_function returning 1066.72; elapsed time: 0
INFO:root:_cost_function called at: 1.17188
INFO:root:_cost_function returning 1066.72; elapsed time: 0
INFO:root:_cost_function called at: 1.17188
INFO:root:_cost_function returning 1066.72; elapsed time: 0
INFO:root:_cost_function called at: 1.17188
INFO:root:_cost_function returning 1066.72; elapsed time: 0.015625
INFO:root:_cost_function called at: 1.1875
INFO:root:_cost_function returning 1066.72; elapsed time: 0
INFO:root:_cost_function called at: 1.1875
INFO:root:_cost_function returning 1066.72; elapsed time: 0
INFO:root:_cost_function called at: 1.1875
INFO:root:_cost_function returning 1066.72; elapsed time: 0
INFO:root:_cost_function called at: 1.1875
INFO:root:_cost_function returning 1066.72; elapsed time: 0
INFO:root:_cost_function called at: 1.1875
INFO:root:_cost_function returning 1066.72; elapsed time: 0
INFO:root:_cost_function called at: 1.1875
INFO:root:_cost_function returning 1066.72; elapsed time: 0
INFO:root:_cost_function called at: 1.1875
INFO:root:_cost_function returning 1066.72; elapsed time: 0
INFO:root:_cost_function called at: 1.1875
INFO:root:_cost_function returning 1066.72; elapsed time: 0
INFO:root:_cost_function called at: 1.1875
INFO:root:_cost_function returning 1066.72; elapsed time: 0
INFO:root:_cost_function called at: 1.1875
INFO:root:_cost_function returning 1066.72; elapsed time: 0
INFO:root:_cost_function called at: 1.1875
INFO:root:_cost_function returning 1066.72; elapsed time: 0
INFO:root:_cost_function called at: 1.1875
INFO:root:_cost_function returning 1066.72; elapsed time: 0
INFO:root:_cost_function called at: 1.1875
INFO:root:_cost_function returning 1066.72; elapsed time: 0
INFO:root:_cost_function called at: 1.1875
INFO:root:_cost_function returning 1066.72; elapsed time: 0
INFO:root:_cost_function called at: 1.1875
INFO:root:_cost_function returning 1066.72; elapsed time: 0
INFO:root:_cost_function called at: 1.1875
INFO:root:_cost_function returning 1066.72; elapsed time: 0
INFO:root:_cost_function called at: 1.1875
INFO:root:_cost_function returning 1066.72; elapsed time: 0
INFO:root:_cost_function called at: 1.1875
INFO:root:_cost_function returning 1066.72; elapsed time: 0
INFO:root:_cost_function called at: 1.1875
INFO:root:_cost_function returning 1066.72; elapsed time: 0
INFO:root:_cost_function called at: 1.1875
INFO:root:_cost_function returning 1066.72; elapsed time: 0
INFO:root:_cost_function called at: 1.1875
INFO:root:_cost_function returning 1066.72; elapsed time: 0
INFO:root:_cost_function called at: 1.1875
INFO:root:_cost_function returning 1066.72; elapsed time: 0
INFO:root:_cost_function called at: 1.1875
INFO:root:_cost_function returning 1066.72; elapsed time: 0
INFO:root:_cost_function called at: 1.1875
INFO:root:_cost_function returning 1066.72; elapsed time: 0
INFO:root:_cost_function called at: 1.1875
INFO:root:_cost_function returning 1066.72; elapsed time: 0
INFO:root:_cost_function called at: 1.1875
INFO:root:_cost_function returning 1066.72; elapsed time: 0
INFO:root:_cost_function called at: 1.1875
INFO:root:_cost_function returning 1066.72; elapsed time: 0
INFO:root:_cost_function called at: 1.1875
INFO:root:_cost_function returning 1066.72; elapsed time: 0
INFO:root:_cost_function called at: 1.1875
INFO:root:_cost_function returning 1066.72; elapsed time: 0
INFO:root:_cost_function called at: 1.1875
INFO:root:_cost_function returning 1066.72; elapsed time: 0
INFO:root:_cost_function called at: 1.1875
INFO:root:_cost_function returning 1066.72; elapsed time: 0
INFO:root:_cost_function called at: 1.1875
INFO:root:_cost_function returning 1066.72; elapsed time: 0
INFO:root:_cost_function called at: 1.1875
INFO:root:_cost_function returning 1066.72; elapsed time: 0
INFO:root:_cost_function called at: 1.1875
INFO:root:_cost_function returning 1066.72; elapsed time: 0
INFO:root:_cost_function called at: 1.1875
INFO:root:_cost_function returning 1066.72; elapsed time: 0
INFO:root:_cost_function called at: 1.1875
INFO:root:_cost_function returning 1066.72; elapsed time: 0
INFO:root:_cost_function called at: 1.1875
INFO:root:_cost_function returning 1066.72; elapsed time: 0
INFO:root:_cost_function called at: 1.1875
INFO:root:_cost_function returning 1066.72; elapsed time: 0
INFO:root:_cost_function called at: 1.1875
INFO:root:_cost_function returning 1066.72; elapsed time: 0
INFO:root:_cost_function called at: 1.1875
INFO:root:_cost_function returning 1066.72; elapsed time: 0
INFO:root:_cost_function called at: 1.1875
INFO:root:_cost_function returning 1066.72; elapsed time: 0
INFO:root:_cost_function called at: 1.1875
INFO:root:_cost_function returning 1066.72; elapsed time: 0
INFO:root:_cost_function called at: 1.1875
INFO:root:_cost_function returning 1066.72; elapsed time: 0
INFO:root:_cost_function called at: 1.1875
INFO:root:_cost_function returning 1066.72; elapsed time: 0
INFO:root:_cost_function called at: 1.1875
INFO:root:_cost_function returning 1066.72; elapsed time: 0
INFO:root:_cost_function called at: 1.1875
INFO:root:_cost_function returning 1066.72; elapsed time: 0
INFO:root:_cost_function called at: 1.1875
INFO:root:_cost_function returning 1066.72; elapsed time: 0
INFO:root:_cost_function called at: 1.1875
INFO:root:_cost_function returning 1066.72; elapsed time: 0
INFO:root:_cost_function called at: 1.1875
INFO:root:_cost_function returning 1066.72; elapsed time: 0
INFO:root:_cost_function called at: 1.1875
INFO:root:_cost_function returning 1066.72; elapsed time: 0
INFO:root:_cost_function called at: 1.1875
INFO:root:_cost_function returning 1066.72; elapsed time: 0
INFO:root:_cost_function called at: 1.1875
INFO:root:_cost_function returning 1066.72; elapsed time: 0
INFO:root:_cost_function called at: 1.1875
INFO:root:_cost_function returning 1066.72; elapsed time: 0
INFO:root:_cost_function called at: 1.1875
INFO:root:_cost_function returning 1066.72; elapsed time: 0
INFO:root:_cost_function called at: 1.1875
INFO:root:_cost_function returning 1066.72; elapsed time: 0
INFO:root:_cost_function called at: 1.1875
INFO:root:_cost_function returning 1066.72; elapsed time: 0
INFO:root:_cost_function called at: 1.1875
INFO:root:_cost_function returning 1066.72; elapsed time: 0
INFO:root:_cost_function called at: 1.1875
INFO:root:_cost_function returning 1066.72; elapsed time: 0
INFO:root:_cost_function called at: 1.1875
INFO:root:_cost_function returning 1066.72; elapsed time: 0
INFO:root:_cost_function called at: 1.1875
INFO:root:_cost_function returning 1066.72; elapsed time: 0
INFO:root:_cost_function called at: 1.1875
INFO:root:_cost_function returning 1066.72; elapsed time: 0
INFO:root:_cost_function called at: 1.1875
INFO:root:_cost_function returning 1066.72; elapsed time: 0
INFO:root:_cost_function called at: 1.1875
INFO:root:_cost_function returning 1066.72; elapsed time: 0
INFO:root:_cost_function called at: 1.1875
INFO:root:_cost_function returning 1066.72; elapsed time: 0
INFO:root:_cost_function called at: 1.1875
INFO:root:_cost_function returning 1066.72; elapsed time: 0
INFO:root:_cost_function called at: 1.1875
INFO:root:_cost_function returning 1066.72; elapsed time: 0
INFO:root:_cost_function called at: 1.1875
INFO:root:_cost_function returning 1066.72; elapsed time: 0
INFO:root:_cost_function called at: 1.1875
INFO:root:_cost_function returning 1066.72; elapsed time: 0
INFO:root:_cost_function called at: 1.1875
INFO:root:_cost_function returning 1066.72; elapsed time: 0
INFO:root:_cost_function called at: 1.1875
INFO:root:_cost_function returning 1066.72; elapsed time: 0
INFO:root:_cost_function called at: 1.1875
INFO:root:_cost_function returning 1066.72; elapsed time: 0
INFO:root:_cost_function called at: 1.1875
INFO:root:_cost_function returning 1066.72; elapsed time: 0
INFO:root:_cost_function called at: 1.1875
INFO:root:_cost_function returning 1066.72; elapsed time: 0
INFO:root:_cost_function called at: 1.1875
INFO:root:_cost_function returning 1066.72; elapsed time: 0
INFO:root:_cost_function called at: 1.1875
INFO:root:_cost_function returning 1066.72; elapsed time: 0
INFO:root:_cost_function called at: 1.1875
INFO:root:_cost_function returning 1066.72; elapsed time: 0
INFO:root:_cost_function called at: 1.1875
INFO:root:_cost_function returning 1066.72; elapsed time: 0
INFO:root:_cost_function called at: 1.1875
INFO:root:_cost_function returning 1066.72; elapsed time: 0
INFO:root:_cost_function called at: 1.1875
INFO:root:_cost_function returning 1066.72; elapsed time: 0
INFO:root:_cost_function called at: 1.1875
INFO:root:_cost_function returning 1066.72; elapsed time: 0
INFO:root:_cost_function called at: 1.1875
INFO:root:_cost_function returning 1066.72; elapsed time: 0
INFO:root:_cost_function called at: 1.1875
INFO:root:_cost_function returning 1066.72; elapsed time: 0
INFO:root:_cost_function called at: 1.1875
INFO:root:_cost_function returning 1066.72; elapsed time: 0
INFO:root:_cost_function called at: 1.1875
INFO:root:_cost_function returning 1066.72; elapsed time: 0
INFO:root:_cost_function called at: 1.1875
INFO:root:_cost_function returning 1066.72; elapsed time: 0
INFO:root:_cost_function called at: 1.1875
INFO:root:_cost_function returning 1066.72; elapsed time: 0
INFO:root:_cost_function called at: 1.1875
INFO:root:_cost_function returning 1066.72; elapsed time: 0
INFO:root:_cost_function called at: 1.1875
INFO:root:_cost_function returning 1066.72; elapsed time: 0
INFO:root:_cost_function called at: 1.1875
INFO:root:_cost_function returning 1066.72; elapsed time: 0
INFO:root:_cost_function called at: 1.1875
INFO:root:_cost_function returning 1066.72; elapsed time: 0
INFO:root:_cost_function called at: 1.1875
INFO:root:_cost_function returning 1066.72; elapsed time: 0
INFO:root:_cost_function called at: 1.1875
INFO:root:_cost_function returning 1066.72; elapsed time: 0.015625
INFO:root:_cost_function called at: 1.20312
INFO:root:_cost_function returning 1066.72; elapsed time: 0
INFO:root:_cost_function called at: 1.20312
INFO:root:_cost_function returning 1066.72; elapsed time: 0
INFO:root:_cost_function called at: 1.20312
INFO:root:_cost_function returning 1619.31; elapsed time: 0
INFO:root:_cost_function called at: 1.20312
INFO:root:_cost_function returning 1051.39; elapsed time: 0
INFO:root:_cost_function called at: 1.20312
INFO:root:_cost_function returning 1051.39; elapsed time: 0
INFO:root:_cost_function called at: 1.20312
INFO:root:_cost_function returning 1051.39; elapsed time: 0
INFO:root:_cost_function called at: 1.20312
INFO:root:_cost_function returning 1051.39; elapsed time: 0
INFO:root:_cost_function called at: 1.20312
INFO:root:_cost_function returning 1051.39; elapsed time: 0
INFO:root:_cost_function called at: 1.20312
INFO:root:_cost_function returning 1051.39; elapsed time: 0
INFO:root:_cost_function called at: 1.20312
INFO:root:_cost_function returning 1051.39; elapsed time: 0
INFO:root:_cost_function called at: 1.20312
INFO:root:_cost_function returning 1051.39; elapsed time: 0
INFO:root:_cost_function called at: 1.20312
INFO:root:_cost_function returning 1051.39; elapsed time: 0
INFO:root:_cost_function called at: 1.20312
INFO:root:_cost_function returning 1051.39; elapsed time: 0
INFO:root:_cost_function called at: 1.20312
INFO:root:_cost_function returning 1051.39; elapsed time: 0
INFO:root:_cost_function called at: 1.20312
INFO:root:_cost_function returning 1051.39; elapsed time: 0
INFO:root:_cost_function called at: 1.20312
INFO:root:_cost_function returning 1051.39; elapsed time: 0
INFO:root:_cost_function called at: 1.20312
INFO:root:_cost_function returning 1051.39; elapsed time: 0
INFO:root:_cost_function called at: 1.20312
INFO:root:_cost_function returning 1051.39; elapsed time: 0
INFO:root:_cost_function called at: 1.20312
INFO:root:_cost_function returning 1051.39; elapsed time: 0
INFO:root:_cost_function called at: 1.20312
INFO:root:_cost_function returning 1051.39; elapsed time: 0
INFO:root:_cost_function called at: 1.20312
INFO:root:_cost_function returning 1051.39; elapsed time: 0
INFO:root:_cost_function called at: 1.20312
INFO:root:_cost_function returning 1051.39; elapsed time: 0
INFO:root:_cost_function called at: 1.20312
INFO:root:_cost_function returning 1051.39; elapsed time: 0
INFO:root:_cost_function called at: 1.20312
INFO:root:_cost_function returning 1051.39; elapsed time: 0
INFO:root:_cost_function called at: 1.20312
INFO:root:_cost_function returning 1051.39; elapsed time: 0
INFO:root:_cost_function called at: 1.20312
INFO:root:_cost_function returning 1051.39; elapsed time: 0
INFO:root:_cost_function called at: 1.20312
INFO:root:_cost_function returning 1051.39; elapsed time: 0
INFO:root:_cost_function called at: 1.20312
INFO:root:_cost_function returning 1051.39; elapsed time: 0
INFO:root:_cost_function called at: 1.20312
INFO:root:_cost_function returning 1051.39; elapsed time: 0
INFO:root:_cost_function called at: 1.20312
INFO:root:_cost_function returning 1051.39; elapsed time: 0
INFO:root:_cost_function called at: 1.20312
INFO:root:_cost_function returning 1051.39; elapsed time: 0
INFO:root:_cost_function called at: 1.20312
INFO:root:_cost_function returning 1051.39; elapsed time: 0
INFO:root:_cost_function called at: 1.20312
INFO:root:_cost_function returning 1051.39; elapsed time: 0
INFO:root:_cost_function called at: 1.20312
INFO:root:_cost_function returning 1051.39; elapsed time: 0
INFO:root:_cost_function called at: 1.20312
INFO:root:_cost_function returning 1051.39; elapsed time: 0.015625
INFO:root:_cost_function called at: 1.21875
INFO:root:_cost_function returning 1051.39; elapsed time: 0
INFO:root:_cost_function called at: 1.21875
INFO:root:_cost_function returning 1051.39; elapsed time: 0
INFO:root:_cost_function called at: 1.21875
INFO:root:_cost_function returning 1051.39; elapsed time: 0
INFO:root:_cost_function called at: 1.21875
INFO:root:_cost_function returning 1051.39; elapsed time: 0
INFO:root:_cost_function called at: 1.21875
INFO:root:_cost_function returning 1051.39; elapsed time: 0
INFO:root:_cost_function called at: 1.21875
INFO:root:_cost_function returning 1051.39; elapsed time: 0
INFO:root:_cost_function called at: 1.21875
INFO:root:_cost_function returning 1051.39; elapsed time: 0
INFO:root:_cost_function called at: 1.21875
INFO:root:_cost_function returning 1051.39; elapsed time: 0
INFO:root:_cost_function called at: 1.21875
INFO:root:_cost_function returning 1051.39; elapsed time: 0
INFO:root:_cost_function called at: 1.21875
INFO:root:_cost_function returning 1051.39; elapsed time: 0
INFO:root:_cost_function called at: 1.21875
INFO:root:_cost_function returning 1051.39; elapsed time: 0
INFO:root:_cost_function called at: 1.21875
INFO:root:_cost_function returning 1051.39; elapsed time: 0
INFO:root:_cost_function called at: 1.21875
INFO:root:_cost_function returning 1051.39; elapsed time: 0
INFO:root:_cost_function called at: 1.21875
INFO:root:_cost_function returning 1051.39; elapsed time: 0
INFO:root:_cost_function called at: 1.21875
INFO:root:_cost_function returning 1051.39; elapsed time: 0
INFO:root:_cost_function called at: 1.21875
INFO:root:_cost_function returning 1051.39; elapsed time: 0
INFO:root:_cost_function called at: 1.21875
INFO:root:_cost_function returning 1051.39; elapsed time: 0
INFO:root:_cost_function called at: 1.21875
INFO:root:_cost_function returning 1051.39; elapsed time: 0
INFO:root:_cost_function called at: 1.21875
INFO:root:_cost_function returning 1051.39; elapsed time: 0
INFO:root:_cost_function called at: 1.21875
INFO:root:_cost_function returning 1051.39; elapsed time: 0
INFO:root:_cost_function called at: 1.21875
INFO:root:_cost_function returning 1051.39; elapsed time: 0
INFO:root:_cost_function called at: 1.21875
INFO:root:_cost_function returning 1051.39; elapsed time: 0
INFO:root:_cost_function called at: 1.21875
INFO:root:_cost_function returning 1051.39; elapsed time: 0
INFO:root:_cost_function called at: 1.21875
INFO:root:_cost_function returning 1051.39; elapsed time: 0
INFO:root:_cost_function called at: 1.21875
INFO:root:_cost_function returning 1051.39; elapsed time: 0
INFO:root:_cost_function called at: 1.21875
INFO:root:_cost_function returning 1051.39; elapsed time: 0
INFO:root:_cost_function called at: 1.21875
INFO:root:_cost_function returning 1051.39; elapsed time: 0
INFO:root:_cost_function called at: 1.21875
INFO:root:_cost_function returning 1051.39; elapsed time: 0
INFO:root:_cost_function called at: 1.21875
INFO:root:_cost_function returning 1051.39; elapsed time: 0
INFO:root:_cost_function called at: 1.21875
INFO:root:_cost_function returning 1051.39; elapsed time: 0
INFO:root:_cost_function called at: 1.21875
INFO:root:_cost_function returning 1051.39; elapsed time: 0
INFO:root:_cost_function called at: 1.21875
INFO:root:_cost_function returning 1051.39; elapsed time: 0
INFO:root:_cost_function called at: 1.21875
INFO:root:_cost_function returning 1051.39; elapsed time: 0
INFO:root:_cost_function called at: 1.21875
INFO:root:_cost_function returning 1051.39; elapsed time: 0
INFO:root:_cost_function called at: 1.21875
INFO:root:_cost_function returning 1051.39; elapsed time: 0
INFO:root:_cost_function called at: 1.21875
INFO:root:_cost_function returning 1051.39; elapsed time: 0
INFO:root:_cost_function called at: 1.21875
INFO:root:_cost_function returning 1051.39; elapsed time: 0
INFO:root:_cost_function called at: 1.21875
INFO:root:_cost_function returning 1051.39; elapsed time: 0
INFO:root:_cost_function called at: 1.21875
INFO:root:_cost_function returning 1051.39; elapsed time: 0
INFO:root:_cost_function called at: 1.21875
INFO:root:_cost_function returning 1051.39; elapsed time: 0
INFO:root:_cost_function called at: 1.21875
INFO:root:_cost_function returning 1051.39; elapsed time: 0
INFO:root:_cost_function called at: 1.21875
INFO:root:_cost_function returning 1051.39; elapsed time: 0
INFO:root:_cost_function called at: 1.21875
INFO:root:_cost_function returning 1051.39; elapsed time: 0
INFO:root:_cost_function called at: 1.21875
INFO:root:_cost_function returning 1051.39; elapsed time: 0
INFO:root:_cost_function called at: 1.21875
INFO:root:_cost_function returning 1051.39; elapsed time: 0
INFO:root:_cost_function called at: 1.21875
INFO:root:_cost_function returning 1051.39; elapsed time: 0
INFO:root:_cost_function called at: 1.21875
INFO:root:_cost_function returning 1051.39; elapsed time: 0
INFO:root:_cost_function called at: 1.21875
INFO:root:_cost_function returning 1051.39; elapsed time: 0
INFO:root:_cost_function called at: 1.21875
INFO:root:_cost_function returning 1051.39; elapsed time: 0
INFO:root:_cost_function called at: 1.21875
INFO:root:_cost_function returning 1051.39; elapsed time: 0
INFO:root:_cost_function called at: 1.21875
INFO:root:_cost_function returning 1051.39; elapsed time: 0
INFO:root:_cost_function called at: 1.21875
INFO:root:_cost_function returning 1051.39; elapsed time: 0
INFO:root:_cost_function called at: 1.21875
INFO:root:_cost_function returning 1051.39; elapsed time: 0
INFO:root:_cost_function called at: 1.21875
INFO:root:_cost_function returning 1051.39; elapsed time: 0
INFO:root:_cost_function called at: 1.21875
INFO:root:_cost_function returning 1051.39; elapsed time: 0
INFO:root:_cost_function called at: 1.21875
INFO:root:_cost_function returning 1051.39; elapsed time: 0
INFO:root:_cost_function called at: 1.21875
INFO:root:_cost_function returning 1051.39; elapsed time: 0
INFO:root:_cost_function called at: 1.21875
INFO:root:_cost_function returning 1051.39; elapsed time: 0
INFO:root:_cost_function called at: 1.21875
INFO:root:_cost_function returning 1051.39; elapsed time: 0
INFO:root:_cost_function called at: 1.21875
INFO:root:_cost_function returning 1051.39; elapsed time: 0
INFO:root:_cost_function called at: 1.21875
INFO:root:_cost_function returning 1051.39; elapsed time: 0
INFO:root:_cost_function called at: 1.21875
INFO:root:_cost_function returning 1051.39; elapsed time: 0
INFO:root:_cost_function called at: 1.21875
INFO:root:_cost_function returning 1051.39; elapsed time: 0
INFO:root:_cost_function called at: 1.21875
INFO:root:_cost_function returning 1051.39; elapsed time: 0
INFO:root:_cost_function called at: 1.21875
INFO:root:_cost_function returning 1051.39; elapsed time: 0
INFO:root:_cost_function called at: 1.21875
INFO:root:_cost_function returning 1051.39; elapsed time: 0
INFO:root:_cost_function called at: 1.21875
INFO:root:_cost_function returning 1051.39; elapsed time: 0
INFO:root:_cost_function called at: 1.21875
INFO:root:_cost_function returning 1051.39; elapsed time: 0
INFO:root:_cost_function called at: 1.21875
INFO:root:_cost_function returning 1051.39; elapsed time: 0
INFO:root:_cost_function called at: 1.23438
INFO:root:_cost_function returning 1050.07; elapsed time: 0
INFO:root:_cost_function called at: 1.23438
INFO:root:_cost_function returning 1043.27; elapsed time: 0
INFO:root:_cost_function called at: 1.23438
INFO:root:_cost_function returning 1043.27; elapsed time: 0
INFO:root:_cost_function called at: 1.23438
INFO:root:_cost_function returning 1043.27; elapsed time: 0
INFO:root:_cost_function called at: 1.23438
INFO:root:_cost_function returning 1043.27; elapsed time: 0
INFO:root:_cost_function called at: 1.23438
INFO:root:_cost_function returning 1043.27; elapsed time: 0
INFO:root:_cost_function called at: 1.23438
INFO:root:_cost_function returning 1043.27; elapsed time: 0
INFO:root:_cost_function called at: 1.23438
INFO:root:_cost_function returning 1043.27; elapsed time: 0
INFO:root:_cost_function called at: 1.23438
INFO:root:_cost_function returning 1043.27; elapsed time: 0
INFO:root:_cost_function called at: 1.23438
INFO:root:_cost_function returning 1043.27; elapsed time: 0
INFO:root:_cost_function called at: 1.23438
INFO:root:_cost_function returning 1043.27; elapsed time: 0
INFO:root:_cost_function called at: 1.23438
INFO:root:_cost_function returning 1043.27; elapsed time: 0
INFO:root:_cost_function called at: 1.23438
INFO:root:_cost_function returning 1043.27; elapsed time: 0
INFO:root:_cost_function called at: 1.23438
INFO:root:_cost_function returning 1043.27; elapsed time: 0
INFO:root:_cost_function called at: 1.23438
INFO:root:_cost_function returning 1043.27; elapsed time: 0
INFO:root:_cost_function called at: 1.23438
INFO:root:_cost_function returning 1043.27; elapsed time: 0
INFO:root:_cost_function called at: 1.23438
INFO:root:_cost_function returning 1043.27; elapsed time: 0
INFO:root:_cost_function called at: 1.23438
INFO:root:_cost_function returning 1043.27; elapsed time: 0
INFO:root:_cost_function called at: 1.23438
INFO:root:_cost_function returning 1043.27; elapsed time: 0
INFO:root:_cost_function called at: 1.23438
INFO:root:_cost_function returning 1043.27; elapsed time: 0
INFO:root:_cost_function called at: 1.23438
INFO:root:_cost_function returning 1043.27; elapsed time: 0
INFO:root:_cost_function called at: 1.23438
INFO:root:_cost_function returning 1043.27; elapsed time: 0
INFO:root:_cost_function called at: 1.23438
INFO:root:_cost_function returning 1043.27; elapsed time: 0
INFO:root:_cost_function called at: 1.23438
INFO:root:_cost_function returning 1043.27; elapsed time: 0
INFO:root:_cost_function called at: 1.23438
INFO:root:_cost_function returning 1043.27; elapsed time: 0
INFO:root:_cost_function called at: 1.23438
INFO:root:_cost_function returning 1043.27; elapsed time: 0
INFO:root:_cost_function called at: 1.23438
INFO:root:_cost_function returning 1043.27; elapsed time: 0
INFO:root:_cost_function called at: 1.23438
INFO:root:_cost_function returning 1043.27; elapsed time: 0
INFO:root:_cost_function called at: 1.23438
INFO:root:_cost_function returning 1043.27; elapsed time: 0
INFO:root:_cost_function called at: 1.23438
INFO:root:_cost_function returning 1043.27; elapsed time: 0
INFO:root:_cost_function called at: 1.23438
INFO:root:_cost_function returning 1043.27; elapsed time: 0
INFO:root:_cost_function called at: 1.23438
INFO:root:_cost_function returning 1043.27; elapsed time: 0
INFO:root:_cost_function called at: 1.23438
INFO:root:_cost_function returning 1043.27; elapsed time: 0
INFO:root:_cost_function called at: 1.23438
INFO:root:_cost_function returning 1043.27; elapsed time: 0
INFO:root:_cost_function called at: 1.23438
INFO:root:_cost_function returning 1043.27; elapsed time: 0
INFO:root:_cost_function called at: 1.23438
INFO:root:_cost_function returning 1043.27; elapsed time: 0
INFO:root:_cost_function called at: 1.23438
INFO:root:_cost_function returning 1043.27; elapsed time: 0
INFO:root:_cost_function called at: 1.23438
INFO:root:_cost_function returning 1043.27; elapsed time: 0
INFO:root:_cost_function called at: 1.23438
INFO:root:_cost_function returning 1043.27; elapsed time: 0
INFO:root:_cost_function called at: 1.23438
INFO:root:_cost_function returning 1043.27; elapsed time: 0
INFO:root:_cost_function called at: 1.23438
INFO:root:_cost_function returning 1043.27; elapsed time: 0
INFO:root:_cost_function called at: 1.23438
INFO:root:_cost_function returning 1043.27; elapsed time: 0
INFO:root:_cost_function called at: 1.23438
INFO:root:_cost_function returning 1043.27; elapsed time: 0
INFO:root:_cost_function called at: 1.23438
INFO:root:_cost_function returning 1043.27; elapsed time: 0
INFO:root:_cost_function called at: 1.23438
INFO:root:_cost_function returning 1043.27; elapsed time: 0
INFO:root:_cost_function called at: 1.23438
INFO:root:_cost_function returning 1043.27; elapsed time: 0
INFO:root:_cost_function called at: 1.23438
INFO:root:_cost_function returning 1043.27; elapsed time: 0
INFO:root:_cost_function called at: 1.23438
INFO:root:_cost_function returning 1043.27; elapsed time: 0
INFO:root:_cost_function called at: 1.23438
INFO:root:_cost_function returning 1043.27; elapsed time: 0
INFO:root:_cost_function called at: 1.23438
INFO:root:_cost_function returning 1043.27; elapsed time: 0
INFO:root:_cost_function called at: 1.23438
INFO:root:_cost_function returning 1043.27; elapsed time: 0
INFO:root:_cost_function called at: 1.23438
INFO:root:_cost_function returning 1043.27; elapsed time: 0
INFO:root:_cost_function called at: 1.23438
INFO:root:_cost_function returning 1043.27; elapsed time: 0
INFO:root:_cost_function called at: 1.23438
INFO:root:_cost_function returning 1043.27; elapsed time: 0
INFO:root:_cost_function called at: 1.23438
INFO:root:_cost_function returning 1043.27; elapsed time: 0
INFO:root:_cost_function called at: 1.23438
INFO:root:_cost_function returning 1043.27; elapsed time: 0
INFO:root:_cost_function called at: 1.23438
INFO:root:_cost_function returning 1043.27; elapsed time: 0
INFO:root:_cost_function called at: 1.23438
INFO:root:_cost_function returning 1043.27; elapsed time: 0
INFO:root:_cost_function called at: 1.23438
INFO:root:_cost_function returning 1043.27; elapsed time: 0
INFO:root:_cost_function called at: 1.23438
INFO:root:_cost_function returning 1043.27; elapsed time: 0
INFO:root:_cost_function called at: 1.23438
INFO:root:_cost_function returning 1043.27; elapsed time: 0
INFO:root:_cost_function called at: 1.23438
INFO:root:_cost_function returning 1043.27; elapsed time: 0
INFO:root:_cost_function called at: 1.23438
INFO:root:_cost_function returning 1043.27; elapsed time: 0
INFO:root:_cost_function called at: 1.23438
INFO:root:_cost_function returning 1043.27; elapsed time: 0
INFO:root:_cost_function called at: 1.23438
INFO:root:_cost_function returning 1043.27; elapsed time: 0
INFO:root:_cost_function called at: 1.23438
INFO:root:_cost_function returning 1043.27; elapsed time: 0
INFO:root:_cost_function called at: 1.23438
INFO:root:_cost_function returning 1043.27; elapsed time: 0
INFO:root:_cost_function called at: 1.23438
INFO:root:_cost_function returning 1043.27; elapsed time: 0
INFO:root:_cost_function called at: 1.23438
INFO:root:_cost_function returning 1043.27; elapsed time: 0
INFO:root:_cost_function called at: 1.23438
INFO:root:_cost_function returning 1043.27; elapsed time: 0.015625
INFO:root:_cost_function called at: 1.25
INFO:root:_cost_function returning 1043.27; elapsed time: 0
INFO:root:_cost_function called at: 1.25
INFO:root:_cost_function returning 1043.27; elapsed time: 0
INFO:root:_cost_function called at: 1.25
INFO:root:_cost_function returning 1043.27; elapsed time: 0
INFO:root:_cost_function called at: 1.25
INFO:root:_cost_function returning 1043.27; elapsed time: 0
INFO:root:_cost_function called at: 1.25
INFO:root:_cost_function returning 1043.27; elapsed time: 0
INFO:root:_cost_function called at: 1.25
INFO:root:_cost_function returning 1043.27; elapsed time: 0
INFO:root:_cost_function called at: 1.25
INFO:root:_cost_function returning 1043.27; elapsed time: 0
INFO:root:_cost_function called at: 1.25
INFO:root:_cost_function returning 1043.27; elapsed time: 0
INFO:root:_cost_function called at: 1.25
INFO:root:_cost_function returning 1043.27; elapsed time: 0
INFO:root:_cost_function called at: 1.25
INFO:root:_cost_function returning 1043.27; elapsed time: 0
INFO:root:_cost_function called at: 1.25
INFO:root:_cost_function returning 1043.27; elapsed time: 0
INFO:root:_cost_function called at: 1.25
INFO:root:_cost_function returning 1043.27; elapsed time: 0
INFO:root:_cost_function called at: 1.25
INFO:root:_cost_function returning 1043.27; elapsed time: 0
INFO:root:_cost_function called at: 1.25
INFO:root:_cost_function returning 1043.27; elapsed time: 0
INFO:root:_cost_function called at: 1.25
INFO:root:_cost_function returning 1043.27; elapsed time: 0
INFO:root:_cost_function called at: 1.25
INFO:root:_cost_function returning 1043.27; elapsed time: 0
INFO:root:_cost_function called at: 1.25
INFO:root:_cost_function returning 1043.27; elapsed time: 0
INFO:root:_cost_function called at: 1.25
INFO:root:_cost_function returning 1043.27; elapsed time: 0
INFO:root:_cost_function called at: 1.25
INFO:root:_cost_function returning 1043.27; elapsed time: 0
INFO:root:_cost_function called at: 1.25
INFO:root:_cost_function returning 1043.27; elapsed time: 0
INFO:root:_cost_function called at: 1.25
INFO:root:_cost_function returning 1043.27; elapsed time: 0
INFO:root:_cost_function called at: 1.25
INFO:root:_cost_function returning 1043.27; elapsed time: 0
INFO:root:_cost_function called at: 1.25
INFO:root:_cost_function returning 1043.27; elapsed time: 0
INFO:root:_cost_function called at: 1.25
INFO:root:_cost_function returning 1043.27; elapsed time: 0
INFO:root:_cost_function called at: 1.25
INFO:root:_cost_function returning 1043.27; elapsed time: 0
INFO:root:_cost_function called at: 1.25
INFO:root:_cost_function returning 1043.27; elapsed time: 0
INFO:root:_cost_function called at: 1.25
INFO:root:_cost_function returning 1043.27; elapsed time: 0
INFO:root:_cost_function called at: 1.25
INFO:root:_cost_function returning 1043.27; elapsed time: 0
INFO:root:_cost_function called at: 1.25
INFO:root:_cost_function returning 1043.27; elapsed time: 0
INFO:root:_cost_function called at: 1.25
INFO:root:_cost_function returning 1043.27; elapsed time: 0
INFO:root:_cost_function called at: 1.25
INFO:root:_cost_function returning 1043.27; elapsed time: 0
INFO:root:_cost_function called at: 1.25
INFO:root:_cost_function returning 1043.27; elapsed time: 0
INFO:root:_cost_function called at: 1.25
INFO:root:_cost_function returning 1068.16; elapsed time: 0
INFO:root:_cost_function called at: 1.25
INFO:root:_cost_function returning 1037.43; elapsed time: 0
INFO:root:_cost_function called at: 1.25
INFO:root:_cost_function returning 1037.43; elapsed time: 0
INFO:root:_cost_function called at: 1.25
INFO:root:_cost_function returning 1037.43; elapsed time: 0
INFO:root:_cost_function called at: 1.25
INFO:root:_cost_function returning 1037.43; elapsed time: 0
INFO:root:_cost_function called at: 1.25
INFO:root:_cost_function returning 1037.43; elapsed time: 0
INFO:root:_cost_function called at: 1.25
INFO:root:_cost_function returning 1037.43; elapsed time: 0
INFO:root:_cost_function called at: 1.25
INFO:root:_cost_function returning 1037.43; elapsed time: 0.015625
INFO:root:_cost_function called at: 1.26562
INFO:root:_cost_function returning 1037.43; elapsed time: 0
INFO:root:_cost_function called at: 1.26562
INFO:root:_cost_function returning 1037.43; elapsed time: 0
INFO:root:_cost_function called at: 1.26562
INFO:root:_cost_function returning 1037.43; elapsed time: 0
INFO:root:_cost_function called at: 1.26562
INFO:root:_cost_function returning 1037.43; elapsed time: 0
INFO:root:_cost_function called at: 1.26562
INFO:root:_cost_function returning 1037.43; elapsed time: 0
INFO:root:_cost_function called at: 1.26562
INFO:root:_cost_function returning 1037.43; elapsed time: 0
INFO:root:_cost_function called at: 1.26562
INFO:root:_cost_function returning 1037.43; elapsed time: 0
INFO:root:_cost_function called at: 1.26562
INFO:root:_cost_function returning 1037.43; elapsed time: 0
INFO:root:_cost_function called at: 1.26562
INFO:root:_cost_function returning 1037.43; elapsed time: 0
INFO:root:_cost_function called at: 1.26562
INFO:root:_cost_function returning 1037.43; elapsed time: 0
INFO:root:_cost_function called at: 1.26562
INFO:root:_cost_function returning 1037.43; elapsed time: 0
INFO:root:_cost_function called at: 1.26562
INFO:root:_cost_function returning 1037.43; elapsed time: 0
INFO:root:_cost_function called at: 1.26562
INFO:root:_cost_function returning 1037.43; elapsed time: 0
INFO:root:_cost_function called at: 1.26562
INFO:root:_cost_function returning 1037.43; elapsed time: 0
INFO:root:_cost_function called at: 1.26562
INFO:root:_cost_function returning 1037.43; elapsed time: 0
INFO:root:_cost_function called at: 1.26562
INFO:root:_cost_function returning 1037.43; elapsed time: 0
INFO:root:_cost_function called at: 1.26562
INFO:root:_cost_function returning 1037.43; elapsed time: 0
INFO:root:_cost_function called at: 1.26562
INFO:root:_cost_function returning 1037.43; elapsed time: 0
INFO:root:_cost_function called at: 1.26562
INFO:root:_cost_function returning 1037.43; elapsed time: 0
INFO:root:_cost_function called at: 1.26562
INFO:root:_cost_function returning 1037.43; elapsed time: 0
INFO:root:_cost_function called at: 1.26562
INFO:root:_cost_function returning 1037.43; elapsed time: 0
INFO:root:_cost_function called at: 1.26562
INFO:root:_cost_function returning 1037.43; elapsed time: 0
INFO:root:_cost_function called at: 1.26562
INFO:root:_cost_function returning 1037.43; elapsed time: 0
INFO:root:_cost_function called at: 1.26562
INFO:root:_cost_function returning 1037.43; elapsed time: 0
INFO:root:_cost_function called at: 1.26562
INFO:root:_cost_function returning 1037.43; elapsed time: 0
INFO:root:_cost_function called at: 1.26562
INFO:root:_cost_function returning 1037.43; elapsed time: 0
INFO:root:_cost_function called at: 1.26562
INFO:root:_cost_function returning 1037.43; elapsed time: 0
INFO:root:_cost_function called at: 1.26562
INFO:root:_cost_function returning 1037.43; elapsed time: 0
INFO:root:_cost_function called at: 1.26562
INFO:root:_cost_function returning 1037.43; elapsed time: 0
INFO:root:_cost_function called at: 1.26562
INFO:root:_cost_function returning 1037.43; elapsed time: 0
INFO:root:_cost_function called at: 1.26562
INFO:root:_cost_function returning 1037.43; elapsed time: 0
INFO:root:_cost_function called at: 1.26562
INFO:root:_cost_function returning 1037.43; elapsed time: 0
INFO:root:_cost_function called at: 1.26562
INFO:root:_cost_function returning 1037.43; elapsed time: 0
INFO:root:_cost_function called at: 1.26562
INFO:root:_cost_function returning 1037.43; elapsed time: 0
INFO:root:_cost_function called at: 1.26562
INFO:root:_cost_function returning 1037.43; elapsed time: 0
INFO:root:_cost_function called at: 1.26562
INFO:root:_cost_function returning 1037.43; elapsed time: 0
INFO:root:_cost_function called at: 1.26562
INFO:root:_cost_function returning 1037.43; elapsed time: 0
INFO:root:_cost_function called at: 1.26562
INFO:root:_cost_function returning 1037.43; elapsed time: 0
INFO:root:_cost_function called at: 1.26562
INFO:root:_cost_function returning 1037.43; elapsed time: 0
INFO:root:_cost_function called at: 1.26562
INFO:root:_cost_function returning 1037.43; elapsed time: 0
INFO:root:_cost_function called at: 1.26562
INFO:root:_cost_function returning 1037.43; elapsed time: 0
INFO:root:_cost_function called at: 1.26562
INFO:root:_cost_function returning 1037.43; elapsed time: 0
INFO:root:_cost_function called at: 1.26562
INFO:root:_cost_function returning 1037.43; elapsed time: 0
INFO:root:_cost_function called at: 1.26562
INFO:root:_cost_function returning 1037.43; elapsed time: 0
INFO:root:_cost_function called at: 1.26562
INFO:root:_cost_function returning 1037.43; elapsed time: 0
INFO:root:_cost_function called at: 1.26562
INFO:root:_cost_function returning 1037.43; elapsed time: 0
INFO:root:_cost_function called at: 1.26562
INFO:root:_cost_function returning 1037.43; elapsed time: 0
INFO:root:_cost_function called at: 1.26562
INFO:root:_cost_function returning 1037.43; elapsed time: 0
INFO:root:_cost_function called at: 1.26562
INFO:root:_cost_function returning 1037.43; elapsed time: 0
INFO:root:_cost_function called at: 1.26562
INFO:root:_cost_function returning 1037.43; elapsed time: 0
INFO:root:_cost_function called at: 1.26562
INFO:root:_cost_function returning 1037.43; elapsed time: 0
INFO:root:_cost_function called at: 1.26562
INFO:root:_cost_function returning 1037.43; elapsed time: 0
INFO:root:_cost_function called at: 1.26562
INFO:root:_cost_function returning 1037.43; elapsed time: 0
INFO:root:_cost_function called at: 1.26562
INFO:root:_cost_function returning 1037.43; elapsed time: 0
INFO:root:_cost_function called at: 1.26562
INFO:root:_cost_function returning 1037.43; elapsed time: 0
INFO:root:_cost_function called at: 1.26562
INFO:root:_cost_function returning 1037.43; elapsed time: 0
INFO:root:_cost_function called at: 1.26562
INFO:root:_cost_function returning 1037.43; elapsed time: 0
INFO:root:_cost_function called at: 1.26562
INFO:root:_cost_function returning 1037.43; elapsed time: 0
INFO:root:_cost_function called at: 1.26562
INFO:root:_cost_function returning 1037.43; elapsed time: 0
INFO:root:_cost_function called at: 1.26562
INFO:root:_cost_function returning 1037.43; elapsed time: 0
INFO:root:_cost_function called at: 1.26562
INFO:root:_cost_function returning 1037.43; elapsed time: 0
INFO:root:_cost_function called at: 1.26562
INFO:root:_cost_function returning 1037.43; elapsed time: 0
INFO:root:_cost_function called at: 1.26562
INFO:root:_cost_function returning 1037.43; elapsed time: 0
INFO:root:_cost_function called at: 1.26562
INFO:root:_cost_function returning 1037.43; elapsed time: 0
INFO:root:_cost_function called at: 1.26562
INFO:root:_cost_function returning 1037.43; elapsed time: 0
INFO:root:_cost_function called at: 1.26562
INFO:root:_cost_function returning 1037.43; elapsed time: 0
INFO:root:_cost_function called at: 1.26562
INFO:root:_cost_function returning 1037.43; elapsed time: 0
INFO:root:_cost_function called at: 1.26562
INFO:root:_cost_function returning 1037.43; elapsed time: 0
INFO:root:_cost_function called at: 1.26562
INFO:root:_cost_function returning 1037.43; elapsed time: 0
INFO:root:_cost_function called at: 1.26562
INFO:root:_cost_function returning 1037.43; elapsed time: 0
INFO:root:_cost_function called at: 1.26562
INFO:root:_cost_function returning 1037.43; elapsed time: 0
INFO:root:_cost_function called at: 1.26562
INFO:root:_cost_function returning 1037.43; elapsed time: 0
INFO:root:_cost_function called at: 1.26562
INFO:root:_cost_function returning 1037.43; elapsed time: 0
INFO:root:_cost_function called at: 1.26562
INFO:root:_cost_function returning 1037.43; elapsed time: 0
INFO:root:_cost_function called at: 1.26562
INFO:root:_cost_function returning 1037.43; elapsed time: 0
INFO:root:_cost_function called at: 1.26562
INFO:root:_cost_function returning 1037.43; elapsed time: 0
INFO:root:_cost_function called at: 1.26562
INFO:root:_cost_function returning 1037.43; elapsed time: 0
INFO:root:_cost_function called at: 1.26562
INFO:root:_cost_function returning 1037.43; elapsed time: 0
INFO:root:_cost_function called at: 1.26562
INFO:root:_cost_function returning 1037.43; elapsed time: 0
INFO:root:_cost_function called at: 1.26562
INFO:root:_cost_function returning 1037.43; elapsed time: 0
INFO:root:_cost_function called at: 1.26562
INFO:root:_cost_function returning 1037.43; elapsed time: 0
INFO:root:_cost_function called at: 1.26562
INFO:root:_cost_function returning 1037.43; elapsed time: 0
INFO:root:_cost_function called at: 1.26562
INFO:root:_cost_function returning 1037.43; elapsed time: 0
INFO:root:_cost_function called at: 1.26562
INFO:root:_cost_function returning 1037.43; elapsed time: 0
INFO:root:_cost_function called at: 1.26562
INFO:root:_cost_function returning 1037.43; elapsed time: 0
INFO:root:_cost_function called at: 1.26562
INFO:root:_cost_function returning 1037.43; elapsed time: 0
INFO:root:_cost_function called at: 1.26562
INFO:root:_cost_function returning 1037.43; elapsed time: 0
INFO:root:_cost_function called at: 1.26562
INFO:root:_cost_function returning 1037.43; elapsed time: 0
INFO:root:_cost_function called at: 1.26562
INFO:root:_cost_function returning 1037.43; elapsed time: 0
INFO:root:_cost_function called at: 1.26562
INFO:root:_cost_function returning 1037.43; elapsed time: 0
INFO:root:_cost_function called at: 1.26562
INFO:root:_cost_function returning 1037.43; elapsed time: 0
INFO:root:_cost_function called at: 1.26562
INFO:root:_cost_function returning 1037.43; elapsed time: 0
INFO:root:_cost_function called at: 1.26562
INFO:root:_cost_function returning 1037.43; elapsed time: 0
INFO:root:_cost_function called at: 1.26562
INFO:root:_cost_function returning 1037.43; elapsed time: 0.015625
INFO:root:_cost_function called at: 1.28125
INFO:root:_cost_function returning 1098.93; elapsed time: 0
INFO:root:_cost_function called at: 1.28125
INFO:root:_cost_function returning 1032.28; elapsed time: 0
INFO:root:_cost_function called at: 1.28125
INFO:root:_cost_function returning 1032.28; elapsed time: 0
INFO:root:_cost_function called at: 1.28125
INFO:root:_cost_function returning 1032.28; elapsed time: 0
INFO:root:_cost_function called at: 1.28125
INFO:root:_cost_function returning 1032.28; elapsed time: 0
INFO:root:_cost_function called at: 1.28125
INFO:root:_cost_function returning 1032.28; elapsed time: 0
INFO:root:_cost_function called at: 1.28125
INFO:root:_cost_function returning 1032.28; elapsed time: 0
INFO:root:_cost_function called at: 1.28125
INFO:root:_cost_function returning 1032.28; elapsed time: 0
INFO:root:_cost_function called at: 1.28125
INFO:root:_cost_function returning 1032.28; elapsed time: 0
INFO:root:_cost_function called at: 1.28125
INFO:root:_cost_function returning 1032.28; elapsed time: 0
INFO:root:_cost_function called at: 1.28125
INFO:root:_cost_function returning 1032.28; elapsed time: 0
INFO:root:_cost_function called at: 1.28125
INFO:root:_cost_function returning 1032.28; elapsed time: 0
INFO:root:_cost_function called at: 1.28125
INFO:root:_cost_function returning 1032.28; elapsed time: 0
INFO:root:_cost_function called at: 1.28125
INFO:root:_cost_function returning 1032.28; elapsed time: 0
INFO:root:_cost_function called at: 1.28125
INFO:root:_cost_function returning 1032.28; elapsed time: 0
INFO:root:_cost_function called at: 1.28125
INFO:root:_cost_function returning 1032.28; elapsed time: 0
INFO:root:_cost_function called at: 1.28125
INFO:root:_cost_function returning 1032.28; elapsed time: 0
INFO:root:_cost_function called at: 1.28125
INFO:root:_cost_function returning 1032.28; elapsed time: 0
INFO:root:_cost_function called at: 1.28125
INFO:root:_cost_function returning 1032.28; elapsed time: 0
INFO:root:_cost_function called at: 1.28125
INFO:root:_cost_function returning 1032.28; elapsed time: 0
INFO:root:_cost_function called at: 1.28125
INFO:root:_cost_function returning 1032.28; elapsed time: 0
INFO:root:_cost_function called at: 1.28125
INFO:root:_cost_function returning 1032.28; elapsed time: 0
INFO:root:_cost_function called at: 1.28125
INFO:root:_cost_function returning 1032.28; elapsed time: 0
INFO:root:_cost_function called at: 1.28125
INFO:root:_cost_function returning 1032.28; elapsed time: 0
INFO:root:_cost_function called at: 1.28125
INFO:root:_cost_function returning 1032.28; elapsed time: 0
INFO:root:_cost_function called at: 1.28125
INFO:root:_cost_function returning 1032.28; elapsed time: 0
INFO:root:_cost_function called at: 1.28125
INFO:root:_cost_function returning 1032.28; elapsed time: 0
INFO:root:_cost_function called at: 1.28125
INFO:root:_cost_function returning 1032.28; elapsed time: 0
INFO:root:_cost_function called at: 1.28125
INFO:root:_cost_function returning 1032.28; elapsed time: 0
INFO:root:_cost_function called at: 1.28125
INFO:root:_cost_function returning 1032.28; elapsed time: 0
INFO:root:_cost_function called at: 1.28125
INFO:root:_cost_function returning 1032.28; elapsed time: 0
INFO:root:_cost_function called at: 1.28125
INFO:root:_cost_function returning 1032.28; elapsed time: 0
INFO:root:_cost_function called at: 1.28125
INFO:root:_cost_function returning 1032.28; elapsed time: 0
INFO:root:_cost_function called at: 1.28125
INFO:root:_cost_function returning 1032.28; elapsed time: 0
INFO:root:_cost_function called at: 1.28125
INFO:root:_cost_function returning 1032.28; elapsed time: 0
INFO:root:_cost_function called at: 1.28125
INFO:root:_cost_function returning 1032.28; elapsed time: 0
INFO:root:_cost_function called at: 1.28125
INFO:root:_cost_function returning 1032.28; elapsed time: 0
INFO:root:_cost_function called at: 1.28125
INFO:root:_cost_function returning 1032.28; elapsed time: 0
INFO:root:_cost_function called at: 1.28125
INFO:root:_cost_function returning 1032.28; elapsed time: 0
INFO:root:_cost_function called at: 1.28125
INFO:root:_cost_function returning 1032.28; elapsed time: 0
INFO:root:_cost_function called at: 1.28125
INFO:root:_cost_function returning 1032.28; elapsed time: 0
INFO:root:_cost_function called at: 1.28125
INFO:root:_cost_function returning 1032.28; elapsed time: 0
INFO:root:_cost_function called at: 1.28125
INFO:root:_cost_function returning 1032.28; elapsed time: 0
INFO:root:_cost_function called at: 1.28125
INFO:root:_cost_function returning 1032.28; elapsed time: 0
INFO:root:_cost_function called at: 1.28125
INFO:root:_cost_function returning 1032.28; elapsed time: 0
INFO:root:_cost_function called at: 1.28125
INFO:root:_cost_function returning 1032.28; elapsed time: 0
INFO:root:_cost_function called at: 1.28125
INFO:root:_cost_function returning 1032.28; elapsed time: 0
INFO:root:_cost_function called at: 1.28125
INFO:root:_cost_function returning 1032.28; elapsed time: 0
INFO:root:_cost_function called at: 1.28125
INFO:root:_cost_function returning 1032.28; elapsed time: 0
INFO:root:_cost_function called at: 1.28125
INFO:root:_cost_function returning 1032.28; elapsed time: 0.015625
INFO:root:_cost_function called at: 1.29688
INFO:root:_cost_function returning 1032.28; elapsed time: 0
INFO:root:_cost_function called at: 1.29688
INFO:root:_cost_function returning 1032.28; elapsed time: 0
INFO:root:_cost_function called at: 1.29688
INFO:root:_cost_function returning 1032.28; elapsed time: 0
INFO:root:_cost_function called at: 1.29688
INFO:root:_cost_function returning 1032.28; elapsed time: 0
INFO:root:_cost_function called at: 1.29688
INFO:root:_cost_function returning 1032.28; elapsed time: 0
INFO:root:_cost_function called at: 1.29688
INFO:root:_cost_function returning 1032.28; elapsed time: 0
INFO:root:_cost_function called at: 1.29688
INFO:root:_cost_function returning 1032.28; elapsed time: 0
INFO:root:_cost_function called at: 1.29688
INFO:root:_cost_function returning 1032.28; elapsed time: 0
INFO:root:_cost_function called at: 1.29688
INFO:root:_cost_function returning 1032.28; elapsed time: 0
INFO:root:_cost_function called at: 1.29688
INFO:root:_cost_function returning 1032.28; elapsed time: 0
INFO:root:_cost_function called at: 1.29688
INFO:root:_cost_function returning 1032.28; elapsed time: 0
INFO:root:_cost_function called at: 1.29688
INFO:root:_cost_function returning 1032.28; elapsed time: 0
INFO:root:_cost_function called at: 1.29688
INFO:root:_cost_function returning 1032.28; elapsed time: 0
INFO:root:_cost_function called at: 1.29688
INFO:root:_cost_function returning 1032.28; elapsed time: 0
INFO:root:_cost_function called at: 1.29688
INFO:root:_cost_function returning 1032.28; elapsed time: 0
INFO:root:_cost_function called at: 1.29688
INFO:root:_cost_function returning 1032.28; elapsed time: 0
INFO:root:_cost_function called at: 1.29688
INFO:root:_cost_function returning 1032.28; elapsed time: 0
INFO:root:_cost_function called at: 1.29688
INFO:root:_cost_function returning 1032.28; elapsed time: 0
INFO:root:_cost_function called at: 1.29688
INFO:root:_cost_function returning 1032.28; elapsed time: 0
INFO:root:_cost_function called at: 1.29688
INFO:root:_cost_function returning 1032.28; elapsed time: 0
INFO:root:_cost_function called at: 1.29688
INFO:root:_cost_function returning 1032.28; elapsed time: 0
INFO:root:_cost_function called at: 1.29688
INFO:root:_cost_function returning 1032.28; elapsed time: 0
INFO:root:_cost_function called at: 1.29688
INFO:root:_cost_function returning 1032.28; elapsed time: 0
INFO:root:_cost_function called at: 1.29688
INFO:root:_cost_function returning 1032.28; elapsed time: 0
INFO:root:_cost_function called at: 1.29688
INFO:root:_cost_function returning 1032.28; elapsed time: 0
INFO:root:_cost_function called at: 1.29688
INFO:root:_cost_function returning 1032.28; elapsed time: 0
INFO:root:_cost_function called at: 1.29688
INFO:root:_cost_function returning 1032.28; elapsed time: 0
INFO:root:_cost_function called at: 1.29688
INFO:root:_cost_function returning 1032.28; elapsed time: 0
INFO:root:_cost_function called at: 1.29688
INFO:root:_cost_function returning 1032.28; elapsed time: 0
INFO:root:_cost_function called at: 1.29688
INFO:root:_cost_function returning 1032.28; elapsed time: 0
INFO:root:_cost_function called at: 1.29688
INFO:root:_cost_function returning 1032.28; elapsed time: 0
INFO:root:_cost_function called at: 1.29688
INFO:root:_cost_function returning 1032.28; elapsed time: 0
INFO:root:_cost_function called at: 1.29688
INFO:root:_cost_function returning 1032.28; elapsed time: 0
INFO:root:_cost_function called at: 1.29688
INFO:root:_cost_function returning 1032.28; elapsed time: 0
INFO:root:_cost_function called at: 1.29688
INFO:root:_cost_function returning 1032.28; elapsed time: 0
INFO:root:_cost_function called at: 1.29688
INFO:root:_cost_function returning 1032.28; elapsed time: 0
INFO:root:_cost_function called at: 1.29688
INFO:root:_cost_function returning 1032.28; elapsed time: 0
INFO:root:_cost_function called at: 1.29688
INFO:root:_cost_function returning 1032.28; elapsed time: 0
INFO:root:_cost_function called at: 1.29688
INFO:root:_cost_function returning 1032.28; elapsed time: 0
INFO:root:_cost_function called at: 1.29688
INFO:root:_cost_function returning 1032.28; elapsed time: 0
INFO:root:_cost_function called at: 1.29688
INFO:root:_cost_function returning 1032.28; elapsed time: 0
INFO:root:_cost_function called at: 1.29688
INFO:root:_cost_function returning 1032.28; elapsed time: 0
INFO:root:_cost_function called at: 1.29688
INFO:root:_cost_function returning 1032.28; elapsed time: 0
INFO:root:_cost_function called at: 1.29688
INFO:root:_cost_function returning 1032.28; elapsed time: 0
INFO:root:_cost_function called at: 1.29688
INFO:root:_cost_function returning 1032.28; elapsed time: 0
INFO:root:_cost_function called at: 1.29688
INFO:root:_cost_function returning 1032.28; elapsed time: 0
INFO:root:_cost_function called at: 1.29688
INFO:root:_cost_function returning 1032.28; elapsed time: 0
INFO:root:_cost_function called at: 1.29688
INFO:root:_cost_function returning 1032.28; elapsed time: 0
INFO:root:_cost_function called at: 1.29688
INFO:root:_cost_function returning 1032.28; elapsed time: 0
INFO:root:_cost_function called at: 1.29688
INFO:root:_cost_function returning 1032.28; elapsed time: 0
INFO:root:_cost_function called at: 1.29688
INFO:root:_cost_function returning 1032.28; elapsed time: 0
INFO:root:_cost_function called at: 1.29688
INFO:root:_cost_function returning 1032.28; elapsed time: 0
INFO:root:_cost_function called at: 1.3125
INFO:root:_cost_function returning 1048.48; elapsed time: 0
INFO:root:_cost_function called at: 1.3125
INFO:root:_cost_function returning 1026.55; elapsed time: 0
INFO:root:_cost_function called at: 1.3125
INFO:root:_cost_function returning 1029.87; elapsed time: 0
INFO:root:_cost_function called at: 1.3125
INFO:root:_cost_function returning 1029.87; elapsed time: 0
INFO:root:_cost_function called at: 1.3125
INFO:root:_cost_function returning 1029.87; elapsed time: 0
INFO:root:_cost_function called at: 1.3125
INFO:root:_cost_function returning 1029.87; elapsed time: 0
INFO:root:_cost_function called at: 1.3125
INFO:root:_cost_function returning 1029.87; elapsed time: 0
INFO:root:_cost_function called at: 1.3125
INFO:root:_cost_function returning 1029.87; elapsed time: 0
INFO:root:_cost_function called at: 1.3125
INFO:root:_cost_function returning 1029.87; elapsed time: 0
INFO:root:_cost_function called at: 1.3125
INFO:root:_cost_function returning 1029.87; elapsed time: 0
INFO:root:_cost_function called at: 1.3125
INFO:root:_cost_function returning 1029.87; elapsed time: 0
INFO:root:_cost_function called at: 1.3125
INFO:root:_cost_function returning 1029.87; elapsed time: 0
INFO:root:_cost_function called at: 1.3125
INFO:root:_cost_function returning 1029.87; elapsed time: 0
INFO:root:_cost_function called at: 1.3125
INFO:root:_cost_function returning 1029.87; elapsed time: 0
INFO:root:_cost_function called at: 1.3125
INFO:root:_cost_function returning 1029.87; elapsed time: 0
INFO:root:_cost_function called at: 1.3125
INFO:root:_cost_function returning 1029.87; elapsed time: 0
INFO:root:_cost_function called at: 1.3125
INFO:root:_cost_function returning 1029.87; elapsed time: 0
INFO:root:_cost_function called at: 1.3125
INFO:root:_cost_function returning 1029.87; elapsed time: 0
INFO:root:_cost_function called at: 1.3125
INFO:root:_cost_function returning 1029.87; elapsed time: 0
INFO:root:_cost_function called at: 1.3125
INFO:root:_cost_function returning 1029.87; elapsed time: 0
INFO:root:_cost_function called at: 1.3125
INFO:root:_cost_function returning 1029.87; elapsed time: 0
INFO:root:_cost_function called at: 1.3125
INFO:root:_cost_function returning 1029.87; elapsed time: 0
INFO:root:_cost_function called at: 1.3125
INFO:root:_cost_function returning 1029.87; elapsed time: 0
INFO:root:_cost_function called at: 1.3125
INFO:root:_cost_function returning 1029.87; elapsed time: 0
INFO:root:_cost_function called at: 1.3125
INFO:root:_cost_function returning 1029.87; elapsed time: 0
INFO:root:_cost_function called at: 1.3125
INFO:root:_cost_function returning 1029.87; elapsed time: 0
INFO:root:_cost_function called at: 1.3125
INFO:root:_cost_function returning 1029.87; elapsed time: 0
INFO:root:_cost_function called at: 1.3125
INFO:root:_cost_function returning 1029.87; elapsed time: 0
INFO:root:_cost_function called at: 1.3125
INFO:root:_cost_function returning 1029.87; elapsed time: 0
INFO:root:_cost_function called at: 1.3125
INFO:root:_cost_function returning 1029.87; elapsed time: 0
INFO:root:_cost_function called at: 1.3125
INFO:root:_cost_function returning 1029.87; elapsed time: 0
INFO:root:_cost_function called at: 1.3125
INFO:root:_cost_function returning 1029.87; elapsed time: 0
INFO:root:_cost_function called at: 1.3125
INFO:root:_cost_function returning 1029.87; elapsed time: 0
INFO:root:_cost_function called at: 1.3125
INFO:root:_cost_function returning 1029.87; elapsed time: 0
INFO:root:_cost_function called at: 1.3125
INFO:root:_cost_function returning 1029.87; elapsed time: 0
INFO:root:_cost_function called at: 1.3125
INFO:root:_cost_function returning 1029.87; elapsed time: 0
INFO:root:_cost_function called at: 1.3125
INFO:root:_cost_function returning 1029.87; elapsed time: 0
INFO:root:_cost_function called at: 1.3125
INFO:root:_cost_function returning 1029.87; elapsed time: 0
INFO:root:_cost_function called at: 1.3125
INFO:root:_cost_function returning 1029.87; elapsed time: 0
INFO:root:_cost_function called at: 1.3125
INFO:root:_cost_function returning 1029.87; elapsed time: 0
INFO:root:_cost_function called at: 1.3125
INFO:root:_cost_function returning 1029.87; elapsed time: 0
INFO:root:_cost_function called at: 1.3125
INFO:root:_cost_function returning 1029.87; elapsed time: 0
INFO:root:_cost_function called at: 1.3125
INFO:root:_cost_function returning 1029.87; elapsed time: 0
INFO:root:_cost_function called at: 1.3125
INFO:root:_cost_function returning 1029.87; elapsed time: 0
INFO:root:_cost_function called at: 1.3125
INFO:root:_cost_function returning 1029.87; elapsed time: 0
INFO:root:_cost_function called at: 1.3125
INFO:root:_cost_function returning 1029.87; elapsed time: 0
INFO:root:_cost_function called at: 1.3125
INFO:root:_cost_function returning 1029.87; elapsed time: 0
INFO:root:_cost_function called at: 1.3125
INFO:root:_cost_function returning 1029.87; elapsed time: 0
INFO:root:_cost_function called at: 1.3125
INFO:root:_cost_function returning 1029.87; elapsed time: 0
INFO:root:_cost_function called at: 1.3125
INFO:root:_cost_function returning 1029.87; elapsed time: 0
INFO:root:_cost_function called at: 1.3125
INFO:root:_cost_function returning 1029.87; elapsed time: 0
INFO:root:_cost_function called at: 1.3125
INFO:root:_cost_function returning 1029.87; elapsed time: 0
INFO:root:_cost_function called at: 1.3125
INFO:root:_cost_function returning 1029.87; elapsed time: 0
INFO:root:_cost_function called at: 1.3125
INFO:root:_cost_function returning 1029.87; elapsed time: 0
INFO:root:_cost_function called at: 1.3125
INFO:root:_cost_function returning 1029.87; elapsed time: 0
INFO:root:_cost_function called at: 1.3125
INFO:root:_cost_function returning 1029.87; elapsed time: 0
INFO:root:_cost_function called at: 1.3125
INFO:root:_cost_function returning 1029.87; elapsed time: 0
INFO:root:_cost_function called at: 1.3125
INFO:root:_cost_function returning 1029.87; elapsed time: 0
INFO:root:_cost_function called at: 1.3125
INFO:root:_cost_function returning 1029.87; elapsed time: 0
INFO:root:_cost_function called at: 1.3125
INFO:root:_cost_function returning 1029.87; elapsed time: 0
INFO:root:_cost_function called at: 1.3125
INFO:root:_cost_function returning 1029.87; elapsed time: 0
INFO:root:_cost_function called at: 1.3125
INFO:root:_cost_function returning 1029.87; elapsed time: 0
INFO:root:_cost_function called at: 1.3125
INFO:root:_cost_function returning 1029.87; elapsed time: 0
INFO:root:_cost_function called at: 1.3125
INFO:root:_cost_function returning 1029.87; elapsed time: 0
INFO:root:_cost_function called at: 1.3125
INFO:root:_cost_function returning 1029.87; elapsed time: 0
INFO:root:_cost_function called at: 1.3125
INFO:root:_cost_function returning 1029.87; elapsed time: 0
INFO:root:_cost_function called at: 1.3125
INFO:root:_cost_function returning 1029.87; elapsed time: 0
INFO:root:_cost_function called at: 1.3125
INFO:root:_cost_function returning 1029.87; elapsed time: 0
INFO:root:_cost_function called at: 1.3125
INFO:root:_cost_function returning 1029.87; elapsed time: 0
INFO:root:_cost_function called at: 1.3125
INFO:root:_cost_function returning 1029.87; elapsed time: 0
INFO:root:_cost_function called at: 1.3125
INFO:root:_cost_function returning 1029.87; elapsed time: 0
INFO:root:_cost_function called at: 1.3125
INFO:root:_cost_function returning 1029.87; elapsed time: 0
INFO:root:_cost_function called at: 1.3125
INFO:root:_cost_function returning 1029.87; elapsed time: 0
INFO:root:_cost_function called at: 1.3125
INFO:root:_cost_function returning 1029.87; elapsed time: 0
INFO:root:_cost_function called at: 1.3125
INFO:root:_cost_function returning 1029.87; elapsed time: 0
INFO:root:_cost_function called at: 1.3125
INFO:root:_cost_function returning 1029.87; elapsed time: 0
INFO:root:_cost_function called at: 1.3125
INFO:root:_cost_function returning 1029.87; elapsed time: 0
INFO:root:_cost_function called at: 1.3125
INFO:root:_cost_function returning 1029.87; elapsed time: 0
INFO:root:_cost_function called at: 1.3125
INFO:root:_cost_function returning 1029.87; elapsed time: 0
INFO:root:_cost_function called at: 1.3125
INFO:root:_cost_function returning 1029.87; elapsed time: 0
INFO:root:_cost_function called at: 1.3125
INFO:root:_cost_function returning 1029.87; elapsed time: 0
INFO:root:_cost_function called at: 1.3125
INFO:root:_cost_function returning 1029.87; elapsed time: 0
INFO:root:_cost_function called at: 1.3125
INFO:root:_cost_function returning 1029.87; elapsed time: 0
INFO:root:_cost_function called at: 1.3125
INFO:root:_cost_function returning 1029.87; elapsed time: 0
INFO:root:_cost_function called at: 1.3125
INFO:root:_cost_function returning 1029.87; elapsed time: 0
INFO:root:_cost_function called at: 1.3125
INFO:root:_cost_function returning 1029.87; elapsed time: 0
INFO:root:_cost_function called at: 1.3125
INFO:root:_cost_function returning 1029.87; elapsed time: 0.015625
INFO:root:_cost_function called at: 1.32812
INFO:root:_cost_function returning 1029.87; elapsed time: 0
INFO:root:_cost_function called at: 1.32812
INFO:root:_cost_function returning 1029.87; elapsed time: 0
INFO:root:_cost_function called at: 1.32812
INFO:root:_cost_function returning 1029.87; elapsed time: 0
INFO:root:_cost_function called at: 1.32812
INFO:root:_cost_function returning 1029.87; elapsed time: 0
INFO:root:_cost_function called at: 1.32812
INFO:root:_cost_function returning 1029.87; elapsed time: 0
INFO:root:_cost_function called at: 1.32812
INFO:root:_cost_function returning 1029.87; elapsed time: 0
INFO:root:_cost_function called at: 1.32812
INFO:root:_cost_function returning 1029.87; elapsed time: 0
INFO:root:_cost_function called at: 1.32812
INFO:root:_cost_function returning 1029.87; elapsed time: 0
INFO:root:_cost_function called at: 1.32812
INFO:root:_cost_function returning 1029.87; elapsed time: 0
INFO:root:_cost_function called at: 1.32812
INFO:root:_cost_function returning 1029.87; elapsed time: 0
INFO:root:_cost_function called at: 1.32812
INFO:root:_cost_function returning 1029.87; elapsed time: 0
INFO:root:_cost_function called at: 1.32812
INFO:root:_cost_function returning 1029.87; elapsed time: 0
INFO:root:_cost_function called at: 1.32812
INFO:root:_cost_function returning 1029.87; elapsed time: 0
INFO:root:_cost_function called at: 1.32812
INFO:root:_cost_function returning 1029.87; elapsed time: 0
INFO:root:_cost_function called at: 1.32812
INFO:root:_cost_function returning 1029.87; elapsed time: 0
INFO:root:_cost_function called at: 1.32812
INFO:root:_cost_function returning 1029.87; elapsed time: 0
INFO:root:_cost_function called at: 1.32812
INFO:root:_cost_function returning 1028.26; elapsed time: 0
INFO:root:_cost_function called at: 1.32812
INFO:root:_cost_function returning 1028.26; elapsed time: 0
INFO:root:_cost_function called at: 1.32812
INFO:root:_cost_function returning 1028.26; elapsed time: 0
INFO:root:_cost_function called at: 1.32812
INFO:root:_cost_function returning 1028.26; elapsed time: 0
INFO:root:_cost_function called at: 1.32812
INFO:root:_cost_function returning 1028.26; elapsed time: 0
INFO:root:_cost_function called at: 1.32812
INFO:root:_cost_function returning 1028.26; elapsed time: 0
INFO:root:_cost_function called at: 1.32812
INFO:root:_cost_function returning 1028.26; elapsed time: 0
INFO:root:_cost_function called at: 1.32812
INFO:root:_cost_function returning 1028.26; elapsed time: 0
INFO:root:_cost_function called at: 1.32812
INFO:root:_cost_function returning 1028.26; elapsed time: 0
INFO:root:_cost_function called at: 1.32812
INFO:root:_cost_function returning 1028.26; elapsed time: 0
INFO:root:_cost_function called at: 1.32812
INFO:root:_cost_function returning 1028.26; elapsed time: 0
INFO:root:_cost_function called at: 1.32812
INFO:root:_cost_function returning 1028.26; elapsed time: 0
INFO:root:_cost_function called at: 1.32812
INFO:root:_cost_function returning 1028.26; elapsed time: 0
INFO:root:_cost_function called at: 1.32812
INFO:root:_cost_function returning 1028.26; elapsed time: 0
INFO:root:_cost_function called at: 1.32812
INFO:root:_cost_function returning 1028.26; elapsed time: 0
INFO:root:_cost_function called at: 1.32812
INFO:root:_cost_function returning 1028.26; elapsed time: 0
INFO:root:_cost_function called at: 1.32812
INFO:root:_cost_function returning 1028.26; elapsed time: 0
INFO:root:_cost_function called at: 1.32812
INFO:root:_cost_function returning 1028.26; elapsed time: 0
INFO:root:_cost_function called at: 1.32812
INFO:root:_cost_function returning 1028.26; elapsed time: 0
INFO:root:_cost_function called at: 1.32812
INFO:root:_cost_function returning 1028.26; elapsed time: 0
INFO:root:_cost_function called at: 1.32812
INFO:root:_cost_function returning 1028.26; elapsed time: 0
INFO:root:_cost_function called at: 1.32812
INFO:root:_cost_function returning 1028.26; elapsed time: 0
INFO:root:_cost_function called at: 1.32812
INFO:root:_cost_function returning 1028.26; elapsed time: 0
INFO:root:_cost_function called at: 1.32812
INFO:root:_cost_function returning 1028.26; elapsed time: 0
INFO:root:_cost_function called at: 1.32812
INFO:root:_cost_function returning 1028.26; elapsed time: 0
INFO:root:_cost_function called at: 1.32812
INFO:root:_cost_function returning 1028.26; elapsed time: 0
INFO:root:_cost_function called at: 1.32812
INFO:root:_cost_function returning 1028.26; elapsed time: 0
INFO:root:_cost_function called at: 1.32812
INFO:root:_cost_function returning 1028.26; elapsed time: 0
INFO:root:_cost_function called at: 1.32812
INFO:root:_cost_function returning 1028.26; elapsed time: 0
INFO:root:_cost_function called at: 1.32812
INFO:root:_cost_function returning 1028.26; elapsed time: 0.015625
INFO:root:_cost_function called at: 1.34375
INFO:root:_cost_function returning 1028.26; elapsed time: 0
INFO:root:_cost_function called at: 1.34375
INFO:root:_cost_function returning 1028.26; elapsed time: 0
INFO:root:_cost_function called at: 1.34375
INFO:root:_cost_function returning 1028.26; elapsed time: 0
INFO:root:_cost_function called at: 1.34375
INFO:root:_cost_function returning 1028.26; elapsed time: 0
INFO:root:_cost_function called at: 1.34375
INFO:root:_cost_function returning 1028.26; elapsed time: 0
INFO:root:_cost_function called at: 1.34375
INFO:root:_cost_function returning 1028.26; elapsed time: 0
INFO:root:_cost_function called at: 1.34375
INFO:root:_cost_function returning 1028.26; elapsed time: 0
INFO:root:_cost_function called at: 1.34375
INFO:root:_cost_function returning 1028.26; elapsed time: 0
INFO:root:_cost_function called at: 1.34375
INFO:root:_cost_function returning 1028.26; elapsed time: 0
INFO:root:_cost_function called at: 1.34375
INFO:root:_cost_function returning 1028.26; elapsed time: 0
INFO:root:_cost_function called at: 1.34375
INFO:root:_cost_function returning 1028.26; elapsed time: 0
INFO:root:_cost_function called at: 1.34375
INFO:root:_cost_function returning 1028.26; elapsed time: 0
INFO:root:_cost_function called at: 1.34375
INFO:root:_cost_function returning 1028.26; elapsed time: 0
INFO:root:_cost_function called at: 1.34375
INFO:root:_cost_function returning 1028.26; elapsed time: 0
INFO:root:_cost_function called at: 1.34375
INFO:root:_cost_function returning 1028.26; elapsed time: 0
INFO:root:_cost_function called at: 1.34375
INFO:root:_cost_function returning 1028.26; elapsed time: 0
INFO:root:_cost_function called at: 1.34375
INFO:root:_cost_function returning 1028.26; elapsed time: 0
INFO:root:_cost_function called at: 1.34375
INFO:root:_cost_function returning 1028.26; elapsed time: 0
INFO:root:_cost_function called at: 1.34375
INFO:root:_cost_function returning 1028.26; elapsed time: 0
INFO:root:_cost_function called at: 1.34375
INFO:root:_cost_function returning 1028.26; elapsed time: 0
INFO:root:_cost_function called at: 1.34375
INFO:root:_cost_function returning 1028.26; elapsed time: 0
INFO:root:_cost_function called at: 1.34375
INFO:root:_cost_function returning 1028.26; elapsed time: 0
INFO:root:_cost_function called at: 1.34375
INFO:root:_cost_function returning 1028.26; elapsed time: 0
INFO:root:_cost_function called at: 1.34375
INFO:root:_cost_function returning 1028.26; elapsed time: 0
INFO:root:_cost_function called at: 1.34375
INFO:root:_cost_function returning 1028.26; elapsed time: 0
INFO:root:_cost_function called at: 1.34375
INFO:root:_cost_function returning 1028.26; elapsed time: 0
INFO:root:_cost_function called at: 1.34375
INFO:root:_cost_function returning 1028.26; elapsed time: 0
INFO:root:_cost_function called at: 1.34375
INFO:root:_cost_function returning 1028.26; elapsed time: 0
INFO:root:_cost_function called at: 1.34375
INFO:root:_cost_function returning 1028.26; elapsed time: 0
INFO:root:_cost_function called at: 1.34375
INFO:root:_cost_function returning 1028.26; elapsed time: 0
INFO:root:_cost_function called at: 1.34375
INFO:root:_cost_function returning 1028.26; elapsed time: 0
INFO:root:_cost_function called at: 1.34375
INFO:root:_cost_function returning 1028.26; elapsed time: 0
INFO:root:_cost_function called at: 1.34375
INFO:root:_cost_function returning 1028.26; elapsed time: 0
INFO:root:_cost_function called at: 1.34375
INFO:root:_cost_function returning 1028.26; elapsed time: 0
INFO:root:_cost_function called at: 1.34375
INFO:root:_cost_function returning 1028.26; elapsed time: 0
INFO:root:_cost_function called at: 1.34375
INFO:root:_cost_function returning 1028.26; elapsed time: 0
INFO:root:_cost_function called at: 1.34375
INFO:root:_cost_function returning 1028.26; elapsed time: 0
INFO:root:_cost_function called at: 1.34375
INFO:root:_cost_function returning 1028.26; elapsed time: 0
INFO:root:_cost_function called at: 1.34375
INFO:root:_cost_function returning 1028.26; elapsed time: 0
INFO:root:_cost_function called at: 1.34375
INFO:root:_cost_function returning 1028.26; elapsed time: 0
INFO:root:_cost_function called at: 1.34375
INFO:root:_cost_function returning 1028.26; elapsed time: 0
INFO:root:_cost_function called at: 1.34375
INFO:root:_cost_function returning 1028.26; elapsed time: 0
INFO:root:_cost_function called at: 1.34375
INFO:root:_cost_function returning 1028.26; elapsed time: 0
INFO:root:_cost_function called at: 1.34375
INFO:root:_cost_function returning 1028.26; elapsed time: 0
INFO:root:_cost_function called at: 1.34375
INFO:root:_cost_function returning 1028.26; elapsed time: 0
INFO:root:_cost_function called at: 1.34375
INFO:root:_cost_function returning 1028.26; elapsed time: 0
INFO:root:_cost_function called at: 1.34375
INFO:root:_cost_function returning 1028.26; elapsed time: 0
INFO:root:_cost_function called at: 1.34375
INFO:root:_cost_function returning 1028.26; elapsed time: 0
INFO:root:_cost_function called at: 1.34375
INFO:root:_cost_function returning 1028.26; elapsed time: 0
INFO:root:_cost_function called at: 1.34375
INFO:root:_cost_function returning 1028.26; elapsed time: 0
INFO:root:_cost_function called at: 1.34375
INFO:root:_cost_function returning 1028.26; elapsed time: 0
INFO:root:_cost_function called at: 1.34375
INFO:root:_cost_function returning 1028.26; elapsed time: 0
INFO:root:_cost_function called at: 1.34375
INFO:root:_cost_function returning 1028.26; elapsed time: 0
INFO:root:_cost_function called at: 1.34375
INFO:root:_cost_function returning 1028.26; elapsed time: 0
INFO:root:_cost_function called at: 1.34375
INFO:root:_cost_function returning 1028.26; elapsed time: 0
INFO:root:_cost_function called at: 1.34375
INFO:root:_cost_function returning 1028.26; elapsed time: 0
INFO:root:_cost_function called at: 1.34375
INFO:root:_cost_function returning 1028.26; elapsed time: 0
INFO:root:_cost_function called at: 1.34375
INFO:root:_cost_function returning 1028.26; elapsed time: 0
INFO:root:_cost_function called at: 1.34375
INFO:root:_cost_function returning 1028.26; elapsed time: 0
INFO:root:_cost_function called at: 1.34375
INFO:root:_cost_function returning 1028.26; elapsed time: 0
INFO:root:_cost_function called at: 1.34375
INFO:root:_cost_function returning 1028.26; elapsed time: 0
INFO:root:_cost_function called at: 1.34375
INFO:root:_cost_function returning 1028.26; elapsed time: 0
INFO:root:_cost_function called at: 1.34375
INFO:root:_cost_function returning 1028.26; elapsed time: 0
INFO:root:_cost_function called at: 1.34375
INFO:root:_cost_function returning 1028.26; elapsed time: 0
INFO:root:_cost_function called at: 1.34375
INFO:root:_cost_function returning 1028.26; elapsed time: 0
INFO:root:_cost_function called at: 1.34375
INFO:root:_cost_function returning 1028.26; elapsed time: 0
INFO:root:_cost_function called at: 1.34375
INFO:root:_cost_function returning 1028.26; elapsed time: 0
INFO:root:_cost_function called at: 1.34375
INFO:root:_cost_function returning 1028.26; elapsed time: 0
INFO:root:_cost_function called at: 1.34375
INFO:root:_cost_function returning 1028.26; elapsed time: 0
INFO:root:_cost_function called at: 1.34375
INFO:root:_cost_function returning 1028.26; elapsed time: 0
INFO:root:_cost_function called at: 1.34375
INFO:root:_cost_function returning 1028.26; elapsed time: 0
INFO:root:_cost_function called at: 1.35938
INFO:root:_cost_function returning 1021.32; elapsed time: 0
INFO:root:_cost_function called at: 1.35938
INFO:root:_cost_function returning 1021.32; elapsed time: 0
INFO:root:_cost_function called at: 1.35938
INFO:root:_cost_function returning 1021.32; elapsed time: 0
INFO:root:_cost_function called at: 1.35938
INFO:root:_cost_function returning 1021.32; elapsed time: 0
INFO:root:_cost_function called at: 1.35938
INFO:root:_cost_function returning 1021.32; elapsed time: 0
INFO:root:_cost_function called at: 1.35938
INFO:root:_cost_function returning 1021.32; elapsed time: 0
INFO:root:_cost_function called at: 1.35938
INFO:root:_cost_function returning 1021.32; elapsed time: 0
INFO:root:_cost_function called at: 1.35938
INFO:root:_cost_function returning 1021.32; elapsed time: 0
INFO:root:_cost_function called at: 1.35938
INFO:root:_cost_function returning 1021.32; elapsed time: 0
INFO:root:_cost_function called at: 1.35938
INFO:root:_cost_function returning 1021.32; elapsed time: 0
INFO:root:_cost_function called at: 1.35938
INFO:root:_cost_function returning 1021.32; elapsed time: 0
INFO:root:_cost_function called at: 1.35938
INFO:root:_cost_function returning 1021.32; elapsed time: 0
INFO:root:_cost_function called at: 1.35938
INFO:root:_cost_function returning 1021.32; elapsed time: 0
INFO:root:_cost_function called at: 1.35938
INFO:root:_cost_function returning 1021.32; elapsed time: 0
INFO:root:_cost_function called at: 1.35938
INFO:root:_cost_function returning 1021.32; elapsed time: 0
INFO:root:_cost_function called at: 1.35938
INFO:root:_cost_function returning 1021.32; elapsed time: 0
INFO:root:_cost_function called at: 1.35938
INFO:root:_cost_function returning 1021.32; elapsed time: 0
INFO:root:_cost_function called at: 1.35938
INFO:root:_cost_function returning 1021.32; elapsed time: 0
INFO:root:_cost_function called at: 1.35938
INFO:root:_cost_function returning 1021.32; elapsed time: 0
INFO:root:_cost_function called at: 1.35938
INFO:root:_cost_function returning 1021.32; elapsed time: 0
INFO:root:_cost_function called at: 1.35938
INFO:root:_cost_function returning 1021.32; elapsed time: 0
INFO:root:_cost_function called at: 1.35938
INFO:root:_cost_function returning 1021.32; elapsed time: 0
INFO:root:_cost_function called at: 1.35938
INFO:root:_cost_function returning 1021.32; elapsed time: 0
INFO:root:_cost_function called at: 1.35938
INFO:root:_cost_function returning 1021.32; elapsed time: 0
INFO:root:_cost_function called at: 1.35938
INFO:root:_cost_function returning 1021.32; elapsed time: 0
INFO:root:_cost_function called at: 1.35938
INFO:root:_cost_function returning 1021.32; elapsed time: 0
INFO:root:_cost_function called at: 1.35938
INFO:root:_cost_function returning 1021.32; elapsed time: 0
INFO:root:_cost_function called at: 1.35938
INFO:root:_cost_function returning 1021.32; elapsed time: 0
INFO:root:_cost_function called at: 1.35938
INFO:root:_cost_function returning 1021.32; elapsed time: 0
INFO:root:_cost_function called at: 1.35938
INFO:root:_cost_function returning 1021.32; elapsed time: 0
INFO:root:_cost_function called at: 1.35938
INFO:root:_cost_function returning 1021.32; elapsed time: 0
INFO:root:_cost_function called at: 1.35938
INFO:root:_cost_function returning 1021.32; elapsed time: 0
INFO:root:_cost_function called at: 1.35938
INFO:root:_cost_function returning 1021.32; elapsed time: 0
INFO:root:_cost_function called at: 1.35938
INFO:root:_cost_function returning 1021.32; elapsed time: 0
INFO:root:_cost_function called at: 1.35938
INFO:root:_cost_function returning 1021.32; elapsed time: 0
INFO:root:_cost_function called at: 1.35938
INFO:root:_cost_function returning 1021.32; elapsed time: 0
INFO:root:_cost_function called at: 1.35938
INFO:root:_cost_function returning 1021.32; elapsed time: 0
INFO:root:_cost_function called at: 1.35938
INFO:root:_cost_function returning 1021.32; elapsed time: 0
INFO:root:_cost_function called at: 1.35938
INFO:root:_cost_function returning 1021.32; elapsed time: 0
INFO:root:_cost_function called at: 1.35938
INFO:root:_cost_function returning 1021.32; elapsed time: 0
INFO:root:_cost_function called at: 1.35938
INFO:root:_cost_function returning 1021.32; elapsed time: 0
INFO:root:_cost_function called at: 1.35938
INFO:root:_cost_function returning 1021.32; elapsed time: 0
INFO:root:_cost_function called at: 1.35938
INFO:root:_cost_function returning 1021.32; elapsed time: 0
INFO:root:_cost_function called at: 1.35938
INFO:root:_cost_function returning 1021.32; elapsed time: 0
INFO:root:_cost_function called at: 1.35938
INFO:root:_cost_function returning 1021.32; elapsed time: 0
INFO:root:_cost_function called at: 1.35938
INFO:root:_cost_function returning 1021.32; elapsed time: 0
INFO:root:_cost_function called at: 1.35938
INFO:root:_cost_function returning 1021.32; elapsed time: 0
INFO:root:_cost_function called at: 1.35938
INFO:root:_cost_function returning 1021.32; elapsed time: 0
INFO:root:_cost_function called at: 1.35938
INFO:root:_cost_function returning 1021.32; elapsed time: 0
INFO:root:_cost_function called at: 1.35938
INFO:root:_cost_function returning 1021.32; elapsed time: 0
INFO:root:_cost_function called at: 1.35938
INFO:root:_cost_function returning 1021.32; elapsed time: 0
INFO:root:_cost_function called at: 1.35938
INFO:root:_cost_function returning 1021.32; elapsed time: 0
INFO:root:_cost_function called at: 1.35938
INFO:root:_cost_function returning 1021.32; elapsed time: 0
INFO:root:_cost_function called at: 1.35938
INFO:root:_cost_function returning 1021.32; elapsed time: 0
INFO:root:_cost_function called at: 1.35938
INFO:root:_cost_function returning 1021.32; elapsed time: 0
INFO:root:_cost_function called at: 1.35938
INFO:root:_cost_function returning 1021.32; elapsed time: 0
INFO:root:_cost_function called at: 1.35938
INFO:root:_cost_function returning 1021.32; elapsed time: 0
INFO:root:_cost_function called at: 1.35938
INFO:root:_cost_function returning 1021.32; elapsed time: 0
INFO:root:_cost_function called at: 1.35938
INFO:root:_cost_function returning 1021.32; elapsed time: 0
INFO:root:_cost_function called at: 1.35938
INFO:root:_cost_function returning 1021.32; elapsed time: 0
INFO:root:_cost_function called at: 1.35938
INFO:root:_cost_function returning 1021.32; elapsed time: 0
INFO:root:_cost_function called at: 1.35938
INFO:root:_cost_function returning 1021.32; elapsed time: 0
INFO:root:_cost_function called at: 1.35938
INFO:root:_cost_function returning 1021.32; elapsed time: 0
INFO:root:_cost_function called at: 1.35938
INFO:root:_cost_function returning 1021.32; elapsed time: 0
INFO:root:_cost_function called at: 1.35938
INFO:root:_cost_function returning 1021.32; elapsed time: 0
INFO:root:_cost_function called at: 1.35938
INFO:root:_cost_function returning 1021.32; elapsed time: 0
INFO:root:_cost_function called at: 1.35938
INFO:root:_cost_function returning 1021.32; elapsed time: 0
INFO:root:_cost_function called at: 1.35938
INFO:root:_cost_function returning 1021.32; elapsed time: 0
INFO:root:_cost_function called at: 1.35938
INFO:root:_cost_function returning 1021.32; elapsed time: 0
INFO:root:_cost_function called at: 1.35938
INFO:root:_cost_function returning 1021.32; elapsed time: 0
INFO:root:_cost_function called at: 1.35938
INFO:root:_cost_function returning 1021.32; elapsed time: 0
INFO:root:_cost_function called at: 1.35938
INFO:root:_cost_function returning 1021.32; elapsed time: 0.015625
INFO:root:_cost_function called at: 1.375
INFO:root:_cost_function returning 1021.32; elapsed time: 0
INFO:root:_cost_function called at: 1.375
INFO:root:_cost_function returning 1021.32; elapsed time: 0
INFO:root:_cost_function called at: 1.375
INFO:root:_cost_function returning 1021.32; elapsed time: 0
INFO:root:_cost_function called at: 1.375
INFO:root:_cost_function returning 1021.32; elapsed time: 0
INFO:root:_cost_function called at: 1.375
INFO:root:_cost_function returning 1021.32; elapsed time: 0
INFO:root:_cost_function called at: 1.375
INFO:root:_cost_function returning 1021.32; elapsed time: 0
INFO:root:_cost_function called at: 1.375
INFO:root:_cost_function returning 1021.32; elapsed time: 0
INFO:root:_cost_function called at: 1.375
INFO:root:_cost_function returning 1021.32; elapsed time: 0
INFO:root:_cost_function called at: 1.375
INFO:root:_cost_function returning 1021.32; elapsed time: 0
INFO:root:_cost_function called at: 1.375
INFO:root:_cost_function returning 1021.32; elapsed time: 0
INFO:root:_cost_function called at: 1.375
INFO:root:_cost_function returning 1021.32; elapsed time: 0
INFO:root:_cost_function called at: 1.375
INFO:root:_cost_function returning 1021.32; elapsed time: 0
INFO:root:_cost_function called at: 1.375
INFO:root:_cost_function returning 1021.32; elapsed time: 0
INFO:root:_cost_function called at: 1.375
INFO:root:_cost_function returning 1021.32; elapsed time: 0
INFO:root:_cost_function called at: 1.375
INFO:root:_cost_function returning 1021.32; elapsed time: 0
INFO:root:_cost_function called at: 1.375
INFO:root:_cost_function returning 1021.32; elapsed time: 0
INFO:root:_cost_function called at: 1.375
INFO:root:_cost_function returning 1021.32; elapsed time: 0
INFO:root:_cost_function called at: 1.375
INFO:root:_cost_function returning 1021.32; elapsed time: 0
INFO:root:_cost_function called at: 1.375
INFO:root:_cost_function returning 1021.32; elapsed time: 0
INFO:root:_cost_function called at: 1.375
INFO:root:_cost_function returning 1021.32; elapsed time: 0
INFO:root:_cost_function called at: 1.375
INFO:root:_cost_function returning 1021.32; elapsed time: 0
INFO:root:_cost_function called at: 1.375
INFO:root:_cost_function returning 1021.32; elapsed time: 0
INFO:root:_cost_function called at: 1.375
INFO:root:_cost_function returning 1021.32; elapsed time: 0
INFO:root:_cost_function called at: 1.375
INFO:root:_cost_function returning 1021.32; elapsed time: 0
INFO:root:_cost_function called at: 1.375
INFO:root:_cost_function returning 1021.32; elapsed time: 0
INFO:root:_cost_function called at: 1.375
INFO:root:_cost_function returning 1021.32; elapsed time: 0
INFO:root:_cost_function called at: 1.375
INFO:root:_cost_function returning 1021.32; elapsed time: 0
INFO:root:_cost_function called at: 1.375
INFO:root:_cost_function returning 1021.32; elapsed time: 0
INFO:root:_cost_function called at: 1.375
INFO:root:_cost_function returning 1021.32; elapsed time: 0
INFO:root:_cost_function called at: 1.375
INFO:root:_cost_function returning 1016.28; elapsed time: 0
INFO:root:_cost_function called at: 1.375
INFO:root:_cost_function returning 1016.28; elapsed time: 0
INFO:root:_cost_function called at: 1.375
INFO:root:_cost_function returning 1016.28; elapsed time: 0
INFO:root:_cost_function called at: 1.375
INFO:root:_cost_function returning 1016.28; elapsed time: 0
INFO:root:_cost_function called at: 1.375
INFO:root:_cost_function returning 1016.28; elapsed time: 0
INFO:root:_cost_function called at: 1.375
INFO:root:_cost_function returning 1016.28; elapsed time: 0
INFO:root:_cost_function called at: 1.375
INFO:root:_cost_function returning 1016.28; elapsed time: 0
INFO:root:_cost_function called at: 1.375
INFO:root:_cost_function returning 1016.28; elapsed time: 0
INFO:root:_cost_function called at: 1.375
INFO:root:_cost_function returning 1016.28; elapsed time: 0
INFO:root:_cost_function called at: 1.375
INFO:root:_cost_function returning 1016.28; elapsed time: 0.015625
INFO:root:_cost_function called at: 1.39062
INFO:root:_cost_function returning 1016.28; elapsed time: 0
INFO:root:_cost_function called at: 1.39062
INFO:root:_cost_function returning 1016.28; elapsed time: 0
INFO:root:_cost_function called at: 1.39062
INFO:root:_cost_function returning 1016.28; elapsed time: 0
INFO:root:_cost_function called at: 1.39062
INFO:root:_cost_function returning 1016.28; elapsed time: 0
INFO:root:_cost_function called at: 1.39062
INFO:root:_cost_function returning 1016.28; elapsed time: 0
INFO:root:_cost_function called at: 1.39062
INFO:root:_cost_function returning 1016.28; elapsed time: 0
INFO:root:_cost_function called at: 1.39062
INFO:root:_cost_function returning 1016.28; elapsed time: 0
INFO:root:_cost_function called at: 1.39062
INFO:root:_cost_function returning 1016.28; elapsed time: 0
INFO:root:_cost_function called at: 1.39062
INFO:root:_cost_function returning 1016.28; elapsed time: 0
INFO:root:_cost_function called at: 1.39062
INFO:root:_cost_function returning 1016.28; elapsed time: 0
INFO:root:_cost_function called at: 1.39062
INFO:root:_cost_function returning 1016.28; elapsed time: 0
INFO:root:_cost_function called at: 1.39062
INFO:root:_cost_function returning 1016.28; elapsed time: 0
INFO:root:_cost_function called at: 1.39062
INFO:root:_cost_function returning 1016.28; elapsed time: 0
INFO:root:_cost_function called at: 1.39062
INFO:root:_cost_function returning 1016.28; elapsed time: 0
INFO:root:_cost_function called at: 1.39062
INFO:root:_cost_function returning 1016.28; elapsed time: 0
INFO:root:_cost_function called at: 1.39062
INFO:root:_cost_function returning 1016.28; elapsed time: 0
INFO:root:_cost_function called at: 1.39062
INFO:root:_cost_function returning 1016.28; elapsed time: 0
INFO:root:_cost_function called at: 1.39062
INFO:root:_cost_function returning 1016.28; elapsed time: 0
INFO:root:_cost_function called at: 1.39062
INFO:root:_cost_function returning 1016.28; elapsed time: 0
INFO:root:_cost_function called at: 1.39062
INFO:root:_cost_function returning 1016.28; elapsed time: 0
INFO:root:_cost_function called at: 1.39062
INFO:root:_cost_function returning 1016.28; elapsed time: 0
INFO:root:_cost_function called at: 1.39062
INFO:root:_cost_function returning 1016.28; elapsed time: 0
INFO:root:_cost_function called at: 1.39062
INFO:root:_cost_function returning 1016.28; elapsed time: 0
INFO:root:_cost_function called at: 1.39062
INFO:root:_cost_function returning 1016.28; elapsed time: 0
INFO:root:_cost_function called at: 1.39062
INFO:root:_cost_function returning 1016.28; elapsed time: 0
INFO:root:_cost_function called at: 1.39062
INFO:root:_cost_function returning 1016.28; elapsed time: 0
INFO:root:_cost_function called at: 1.39062
INFO:root:_cost_function returning 1016.28; elapsed time: 0
INFO:root:_cost_function called at: 1.39062
INFO:root:_cost_function returning 1016.28; elapsed time: 0
INFO:root:_cost_function called at: 1.39062
INFO:root:_cost_function returning 1016.28; elapsed time: 0
INFO:root:_cost_function called at: 1.39062
INFO:root:_cost_function returning 1016.28; elapsed time: 0
INFO:root:_cost_function called at: 1.39062
INFO:root:_cost_function returning 1016.28; elapsed time: 0
INFO:root:_cost_function called at: 1.39062
INFO:root:_cost_function returning 1016.28; elapsed time: 0
INFO:root:_cost_function called at: 1.39062
INFO:root:_cost_function returning 1016.28; elapsed time: 0
INFO:root:_cost_function called at: 1.39062
INFO:root:_cost_function returning 1016.28; elapsed time: 0
INFO:root:_cost_function called at: 1.39062
INFO:root:_cost_function returning 1016.28; elapsed time: 0
INFO:root:_cost_function called at: 1.39062
INFO:root:_cost_function returning 1016.28; elapsed time: 0
INFO:root:_cost_function called at: 1.39062
INFO:root:_cost_function returning 1016.28; elapsed time: 0
INFO:root:_cost_function called at: 1.39062
INFO:root:_cost_function returning 1016.28; elapsed time: 0
INFO:root:_cost_function called at: 1.39062
INFO:root:_cost_function returning 1016.28; elapsed time: 0
INFO:root:_cost_function called at: 1.39062
INFO:root:_cost_function returning 1016.28; elapsed time: 0
INFO:root:_cost_function called at: 1.39062
INFO:root:_cost_function returning 1016.28; elapsed time: 0
INFO:root:_cost_function called at: 1.39062
INFO:root:_cost_function returning 1016.28; elapsed time: 0
INFO:root:_cost_function called at: 1.39062
INFO:root:_cost_function returning 1016.28; elapsed time: 0
INFO:root:_cost_function called at: 1.39062
INFO:root:_cost_function returning 1016.28; elapsed time: 0
INFO:root:_cost_function called at: 1.39062
INFO:root:_cost_function returning 1016.28; elapsed time: 0
INFO:root:_cost_function called at: 1.39062
INFO:root:_cost_function returning 1016.28; elapsed time: 0
INFO:root:_cost_function called at: 1.39062
INFO:root:_cost_function returning 1016.28; elapsed time: 0
INFO:root:_cost_function called at: 1.39062
INFO:root:_cost_function returning 1016.28; elapsed time: 0
INFO:root:_cost_function called at: 1.39062
INFO:root:_cost_function returning 1016.28; elapsed time: 0
INFO:root:_cost_function called at: 1.39062
INFO:root:_cost_function returning 1016.28; elapsed time: 0
INFO:root:_cost_function called at: 1.39062
INFO:root:_cost_function returning 1016.28; elapsed time: 0
INFO:root:_cost_function called at: 1.39062
INFO:root:_cost_function returning 1016.28; elapsed time: 0
INFO:root:_cost_function called at: 1.39062
INFO:root:_cost_function returning 1016.28; elapsed time: 0
INFO:root:_cost_function called at: 1.39062
INFO:root:_cost_function returning 1016.28; elapsed time: 0
INFO:root:_cost_function called at: 1.39062
INFO:root:_cost_function returning 1016.28; elapsed time: 0
INFO:root:_cost_function called at: 1.39062
INFO:root:_cost_function returning 1016.28; elapsed time: 0
INFO:root:_cost_function called at: 1.39062
INFO:root:_cost_function returning 1016.28; elapsed time: 0
INFO:root:_cost_function called at: 1.39062
INFO:root:_cost_function returning 1016.28; elapsed time: 0
INFO:root:_cost_function called at: 1.39062
INFO:root:_cost_function returning 1016.28; elapsed time: 0
INFO:root:_cost_function called at: 1.39062
INFO:root:_cost_function returning 1016.28; elapsed time: 0
INFO:root:_cost_function called at: 1.39062
INFO:root:_cost_function returning 1016.28; elapsed time: 0
INFO:root:_cost_function called at: 1.39062
INFO:root:_cost_function returning 1016.28; elapsed time: 0
INFO:root:_cost_function called at: 1.39062
INFO:root:_cost_function returning 1016.28; elapsed time: 0
INFO:root:_cost_function called at: 1.39062
INFO:root:_cost_function returning 1016.28; elapsed time: 0
INFO:root:_cost_function called at: 1.39062
INFO:root:_cost_function returning 1016.28; elapsed time: 0
INFO:root:_cost_function called at: 1.39062
INFO:root:_cost_function returning 1016.28; elapsed time: 0
INFO:root:_cost_function called at: 1.39062
INFO:root:_cost_function returning 1016.28; elapsed time: 0
INFO:root:_cost_function called at: 1.39062
INFO:root:_cost_function returning 1016.28; elapsed time: 0
INFO:root:_cost_function called at: 1.39062
INFO:root:_cost_function returning 1016.28; elapsed time: 0
INFO:root:_cost_function called at: 1.39062
INFO:root:_cost_function returning 1016.28; elapsed time: 0
INFO:root:_cost_function called at: 1.39062
INFO:root:_cost_function returning 1016.28; elapsed time: 0
INFO:root:_cost_function called at: 1.39062
INFO:root:_cost_function returning 1016.28; elapsed time: 0
INFO:root:_cost_function called at: 1.39062
INFO:root:_cost_function returning 1016.28; elapsed time: 0
INFO:root:_cost_function called at: 1.39062
INFO:root:_cost_function returning 1016.28; elapsed time: 0
INFO:root:_cost_function called at: 1.39062
INFO:root:_cost_function returning 1016.28; elapsed time: 0
INFO:root:_cost_function called at: 1.39062
INFO:root:_cost_function returning 1016.28; elapsed time: 0
INFO:root:_cost_function called at: 1.39062
INFO:root:_cost_function returning 1016.28; elapsed time: 0
INFO:root:_cost_function called at: 1.39062
INFO:root:_cost_function returning 1016.28; elapsed time: 0
INFO:root:_cost_function called at: 1.39062
INFO:root:_cost_function returning 1016.28; elapsed time: 0
INFO:root:_cost_function called at: 1.39062
INFO:root:_cost_function returning 1016.28; elapsed time: 0
INFO:root:_cost_function called at: 1.39062
INFO:root:_cost_function returning 1016.28; elapsed time: 0
INFO:root:_cost_function called at: 1.39062
INFO:root:_cost_function returning 1016.28; elapsed time: 0
INFO:root:_cost_function called at: 1.39062
INFO:root:_cost_function returning 1016.28; elapsed time: 0
INFO:root:_cost_function called at: 1.39062
INFO:root:_cost_function returning 1016.28; elapsed time: 0
INFO:root:_cost_function called at: 1.39062
INFO:root:_cost_function returning 1016.28; elapsed time: 0
INFO:root:_cost_function called at: 1.39062
INFO:root:_cost_function returning 1016.28; elapsed time: 0
INFO:root:_cost_function called at: 1.39062
INFO:root:_cost_function returning 1016.28; elapsed time: 0
INFO:root:_cost_function called at: 1.39062
INFO:root:_cost_function returning 1016.28; elapsed time: 0
INFO:root:_cost_function called at: 1.39062
INFO:root:_cost_function returning 1016.28; elapsed time: 0
INFO:root:_cost_function called at: 1.39062
INFO:root:_cost_function returning 1016.28; elapsed time: 0
INFO:root:_cost_function called at: 1.39062
INFO:root:_cost_function returning 1016.28; elapsed time: 0
INFO:root:_cost_function called at: 1.40625
INFO:root:_cost_function returning 1011.69; elapsed time: 0
INFO:root:_cost_function called at: 1.40625
INFO:root:_cost_function returning 1011.69; elapsed time: 0
INFO:root:_cost_function called at: 1.40625
INFO:root:_cost_function returning 1011.69; elapsed time: 0
INFO:root:_cost_function called at: 1.40625
INFO:root:_cost_function returning 1011.69; elapsed time: 0
INFO:root:_cost_function called at: 1.40625
INFO:root:_cost_function returning 1011.69; elapsed time: 0
INFO:root:_cost_function called at: 1.40625
INFO:root:_cost_function returning 1011.69; elapsed time: 0
INFO:root:_cost_function called at: 1.40625
INFO:root:_cost_function returning 1011.69; elapsed time: 0
INFO:root:_cost_function called at: 1.40625
INFO:root:_cost_function returning 1011.69; elapsed time: 0
INFO:root:_cost_function called at: 1.40625
INFO:root:_cost_function returning 1011.69; elapsed time: 0
INFO:root:_cost_function called at: 1.40625
INFO:root:_cost_function returning 1011.69; elapsed time: 0
INFO:root:_cost_function called at: 1.40625
INFO:root:_cost_function returning 1011.69; elapsed time: 0
INFO:root:_cost_function called at: 1.40625
INFO:root:_cost_function returning 1011.69; elapsed time: 0
INFO:root:_cost_function called at: 1.40625
INFO:root:_cost_function returning 1011.69; elapsed time: 0
INFO:root:_cost_function called at: 1.40625
INFO:root:_cost_function returning 1011.69; elapsed time: 0
INFO:root:_cost_function called at: 1.40625
INFO:root:_cost_function returning 1011.69; elapsed time: 0
INFO:root:_cost_function called at: 1.40625
INFO:root:_cost_function returning 1011.69; elapsed time: 0
INFO:root:_cost_function called at: 1.40625
INFO:root:_cost_function returning 1011.69; elapsed time: 0
INFO:root:_cost_function called at: 1.40625
INFO:root:_cost_function returning 1011.69; elapsed time: 0
INFO:root:_cost_function called at: 1.40625
INFO:root:_cost_function returning 1011.69; elapsed time: 0
INFO:root:_cost_function called at: 1.40625
INFO:root:_cost_function returning 1011.69; elapsed time: 0
INFO:root:_cost_function called at: 1.40625
INFO:root:_cost_function returning 1011.69; elapsed time: 0
INFO:root:_cost_function called at: 1.40625
INFO:root:_cost_function returning 1011.69; elapsed time: 0
INFO:root:_cost_function called at: 1.40625
INFO:root:_cost_function returning 1011.69; elapsed time: 0
INFO:root:_cost_function called at: 1.40625
INFO:root:_cost_function returning 1011.69; elapsed time: 0
INFO:root:_cost_function called at: 1.40625
INFO:root:_cost_function returning 1011.69; elapsed time: 0
INFO:root:_cost_function called at: 1.40625
INFO:root:_cost_function returning 1011.69; elapsed time: 0
INFO:root:_cost_function called at: 1.40625
INFO:root:_cost_function returning 1011.69; elapsed time: 0
INFO:root:_cost_function called at: 1.40625
INFO:root:_cost_function returning 1011.69; elapsed time: 0
INFO:root:_cost_function called at: 1.40625
INFO:root:_cost_function returning 1011.69; elapsed time: 0
INFO:root:_cost_function called at: 1.40625
INFO:root:_cost_function returning 1011.69; elapsed time: 0
INFO:root:_cost_function called at: 1.40625
INFO:root:_cost_function returning 1011.69; elapsed time: 0
INFO:root:_cost_function called at: 1.40625
INFO:root:_cost_function returning 1011.69; elapsed time: 0
INFO:root:_cost_function called at: 1.40625
INFO:root:_cost_function returning 1011.69; elapsed time: 0
INFO:root:_cost_function called at: 1.40625
INFO:root:_cost_function returning 1011.69; elapsed time: 0
INFO:root:_cost_function called at: 1.40625
INFO:root:_cost_function returning 1011.69; elapsed time: 0
INFO:root:_cost_function called at: 1.40625
INFO:root:_cost_function returning 1011.69; elapsed time: 0
INFO:root:_cost_function called at: 1.40625
INFO:root:_cost_function returning 1011.69; elapsed time: 0
INFO:root:_cost_function called at: 1.40625
INFO:root:_cost_function returning 1011.69; elapsed time: 0
INFO:root:_cost_function called at: 1.40625
INFO:root:_cost_function returning 1011.69; elapsed time: 0
INFO:root:_cost_function called at: 1.40625
INFO:root:_cost_function returning 1011.69; elapsed time: 0
INFO:root:_cost_function called at: 1.40625
INFO:root:_cost_function returning 1011.69; elapsed time: 0
INFO:root:_cost_function called at: 1.40625
INFO:root:_cost_function returning 1011.69; elapsed time: 0
INFO:root:_cost_function called at: 1.40625
INFO:root:_cost_function returning 1011.69; elapsed time: 0
INFO:root:_cost_function called at: 1.40625
INFO:root:_cost_function returning 1011.69; elapsed time: 0
INFO:root:_cost_function called at: 1.40625
INFO:root:_cost_function returning 1011.69; elapsed time: 0
INFO:root:_cost_function called at: 1.40625
INFO:root:_cost_function returning 1011.69; elapsed time: 0
INFO:root:_cost_function called at: 1.40625
INFO:root:_cost_function returning 1011.69; elapsed time: 0
INFO:root:_cost_function called at: 1.40625
INFO:root:_cost_function returning 1011.69; elapsed time: 0
INFO:root:_cost_function called at: 1.40625
INFO:root:_cost_function returning 1011.69; elapsed time: 0
INFO:root:_cost_function called at: 1.40625
INFO:root:_cost_function returning 1011.69; elapsed time: 0
INFO:root:_cost_function called at: 1.40625
INFO:root:_cost_function returning 1011.69; elapsed time: 0
INFO:root:_cost_function called at: 1.40625
INFO:root:_cost_function returning 1011.69; elapsed time: 0
INFO:root:_cost_function called at: 1.40625
INFO:root:_cost_function returning 1011.69; elapsed time: 0
INFO:root:_cost_function called at: 1.40625
INFO:root:_cost_function returning 1011.69; elapsed time: 0
INFO:root:_cost_function called at: 1.40625
INFO:root:_cost_function returning 1011.69; elapsed time: 0.015625
INFO:root:_cost_function called at: 1.42188
INFO:root:_cost_function returning 1011.69; elapsed time: 0
INFO:root:_cost_function called at: 1.42188
INFO:root:_cost_function returning 1011.69; elapsed time: 0
INFO:root:_cost_function called at: 1.42188
INFO:root:_cost_function returning 1011.69; elapsed time: 0
INFO:root:_cost_function called at: 1.42188
INFO:root:_cost_function returning 1011.69; elapsed time: 0
INFO:root:_cost_function called at: 1.42188
INFO:root:_cost_function returning 1011.69; elapsed time: 0
INFO:root:_cost_function called at: 1.42188
INFO:root:_cost_function returning 1011.69; elapsed time: 0
INFO:root:_cost_function called at: 1.42188
INFO:root:_cost_function returning 1011.69; elapsed time: 0
INFO:root:_cost_function called at: 1.42188
INFO:root:_cost_function returning 1011.69; elapsed time: 0
INFO:root:_cost_function called at: 1.42188
INFO:root:_cost_function returning 1011.69; elapsed time: 0
INFO:root:_cost_function called at: 1.42188
INFO:root:_cost_function returning 1011.69; elapsed time: 0
INFO:root:_cost_function called at: 1.42188
INFO:root:_cost_function returning 1011.69; elapsed time: 0
INFO:root:_cost_function called at: 1.42188
INFO:root:_cost_function returning 1011.69; elapsed time: 0
INFO:root:_cost_function called at: 1.42188
INFO:root:_cost_function returning 1011.69; elapsed time: 0
INFO:root:_cost_function called at: 1.42188
INFO:root:_cost_function returning 1011.69; elapsed time: 0
INFO:root:_cost_function called at: 1.42188
INFO:root:_cost_function returning 1011.69; elapsed time: 0
INFO:root:_cost_function called at: 1.42188
INFO:root:_cost_function returning 1011.69; elapsed time: 0
INFO:root:_cost_function called at: 1.42188
INFO:root:_cost_function returning 1011.69; elapsed time: 0
INFO:root:_cost_function called at: 1.42188
INFO:root:_cost_function returning 1011.69; elapsed time: 0
INFO:root:_cost_function called at: 1.42188
INFO:root:_cost_function returning 1011.69; elapsed time: 0
INFO:root:_cost_function called at: 1.42188
INFO:root:_cost_function returning 1011.69; elapsed time: 0
INFO:root:_cost_function called at: 1.42188
INFO:root:_cost_function returning 1011.69; elapsed time: 0
INFO:root:_cost_function called at: 1.42188
INFO:root:_cost_function returning 1011.69; elapsed time: 0
INFO:root:_cost_function called at: 1.42188
INFO:root:_cost_function returning 1011.69; elapsed time: 0
INFO:root:_cost_function called at: 1.42188
INFO:root:_cost_function returning 1011.69; elapsed time: 0
INFO:root:_cost_function called at: 1.42188
INFO:root:_cost_function returning 1011.69; elapsed time: 0
INFO:root:_cost_function called at: 1.42188
INFO:root:_cost_function returning 1011.69; elapsed time: 0
INFO:root:_cost_function called at: 1.42188
INFO:root:_cost_function returning 1011.69; elapsed time: 0
INFO:root:_cost_function called at: 1.42188
INFO:root:_cost_function returning 1011.69; elapsed time: 0
INFO:root:_cost_function called at: 1.42188
INFO:root:_cost_function returning 1011.69; elapsed time: 0
INFO:root:_cost_function called at: 1.42188
INFO:root:_cost_function returning 1011.69; elapsed time: 0
INFO:root:_cost_function called at: 1.42188
INFO:root:_cost_function returning 1011.69; elapsed time: 0
INFO:root:_cost_function called at: 1.42188
INFO:root:_cost_function returning 1011.69; elapsed time: 0
INFO:root:_cost_function called at: 1.42188
INFO:root:_cost_function returning 1011.69; elapsed time: 0
INFO:root:_cost_function called at: 1.42188
INFO:root:_cost_function returning 1011.69; elapsed time: 0
INFO:root:_cost_function called at: 1.42188
INFO:root:_cost_function returning 1011.69; elapsed time: 0
INFO:root:_cost_function called at: 1.42188
INFO:root:_cost_function returning 1011.69; elapsed time: 0
INFO:root:_cost_function called at: 1.42188
INFO:root:_cost_function returning 1011.69; elapsed time: 0
INFO:root:_cost_function called at: 1.42188
INFO:root:_cost_function returning 1011.69; elapsed time: 0
INFO:root:_cost_function called at: 1.42188
INFO:root:_cost_function returning 1011.69; elapsed time: 0
INFO:root:_cost_function called at: 1.42188
INFO:root:_cost_function returning 1011.69; elapsed time: 0
INFO:root:_cost_function called at: 1.42188
INFO:root:_cost_function returning 1011.69; elapsed time: 0
INFO:root:_cost_function called at: 1.42188
INFO:root:_cost_function returning 1011.69; elapsed time: 0
INFO:root:_cost_function called at: 1.42188
INFO:root:_cost_function returning 1011.69; elapsed time: 0
INFO:root:_cost_function called at: 1.42188
INFO:root:_cost_function returning 1011.69; elapsed time: 0
INFO:root:_cost_function called at: 1.42188
INFO:root:_cost_function returning 1011.69; elapsed time: 0
INFO:root:_cost_function called at: 1.42188
INFO:root:_cost_function returning 1011.69; elapsed time: 0
INFO:root:_cost_function called at: 1.42188
INFO:root:_cost_function returning 1008.96; elapsed time: 0
INFO:root:_cost_function called at: 1.42188
INFO:root:_cost_function returning 1008.96; elapsed time: 0
INFO:root:_cost_function called at: 1.42188
INFO:root:_cost_function returning 1008.96; elapsed time: 0
INFO:root:_cost_function called at: 1.42188
INFO:root:_cost_function returning 1008.96; elapsed time: 0
INFO:root:_cost_function called at: 1.42188
INFO:root:_cost_function returning 1008.96; elapsed time: 0
INFO:root:_cost_function called at: 1.42188
INFO:root:_cost_function returning 1008.96; elapsed time: 0
INFO:root:_cost_function called at: 1.42188
INFO:root:_cost_function returning 1008.96; elapsed time: 0
INFO:root:_cost_function called at: 1.42188
INFO:root:_cost_function returning 1008.96; elapsed time: 0
INFO:root:_cost_function called at: 1.42188
INFO:root:_cost_function returning 1008.96; elapsed time: 0
INFO:root:_cost_function called at: 1.42188
INFO:root:_cost_function returning 1008.96; elapsed time: 0.015625
INFO:root:_cost_function called at: 1.4375
INFO:root:_cost_function returning 1008.96; elapsed time: 0
INFO:root:_cost_function called at: 1.4375
INFO:root:_cost_function returning 1008.96; elapsed time: 0
INFO:root:_cost_function called at: 1.4375
INFO:root:_cost_function returning 1008.96; elapsed time: 0
INFO:root:_cost_function called at: 1.4375
INFO:root:_cost_function returning 1008.96; elapsed time: 0
INFO:root:_cost_function called at: 1.4375
INFO:root:_cost_function returning 1008.96; elapsed time: 0
INFO:root:_cost_function called at: 1.4375
INFO:root:_cost_function returning 1008.96; elapsed time: 0
INFO:root:_cost_function called at: 1.4375
INFO:root:_cost_function returning 1008.96; elapsed time: 0
INFO:root:_cost_function called at: 1.4375
INFO:root:_cost_function returning 1008.96; elapsed time: 0
INFO:root:_cost_function called at: 1.4375
INFO:root:_cost_function returning 1008.96; elapsed time: 0
INFO:root:_cost_function called at: 1.4375
INFO:root:_cost_function returning 1008.96; elapsed time: 0
INFO:root:_cost_function called at: 1.4375
INFO:root:_cost_function returning 1008.96; elapsed time: 0
INFO:root:_cost_function called at: 1.4375
INFO:root:_cost_function returning 1008.96; elapsed time: 0
INFO:root:_cost_function called at: 1.4375
INFO:root:_cost_function returning 1008.96; elapsed time: 0
INFO:root:_cost_function called at: 1.4375
INFO:root:_cost_function returning 1008.96; elapsed time: 0
INFO:root:_cost_function called at: 1.4375
INFO:root:_cost_function returning 1008.96; elapsed time: 0
INFO:root:_cost_function called at: 1.4375
INFO:root:_cost_function returning 1008.96; elapsed time: 0
INFO:root:_cost_function called at: 1.4375
INFO:root:_cost_function returning 1008.96; elapsed time: 0
INFO:root:_cost_function called at: 1.4375
INFO:root:_cost_function returning 1008.96; elapsed time: 0
INFO:root:_cost_function called at: 1.4375
INFO:root:_cost_function returning 1008.96; elapsed time: 0
INFO:root:_cost_function called at: 1.4375
INFO:root:_cost_function returning 1008.96; elapsed time: 0
INFO:root:_cost_function called at: 1.4375
INFO:root:_cost_function returning 1008.96; elapsed time: 0
INFO:root:_cost_function called at: 1.4375
INFO:root:_cost_function returning 1008.96; elapsed time: 0
INFO:root:_cost_function called at: 1.4375
INFO:root:_cost_function returning 1008.96; elapsed time: 0
INFO:root:_cost_function called at: 1.4375
INFO:root:_cost_function returning 1008.96; elapsed time: 0
INFO:root:_cost_function called at: 1.4375
INFO:root:_cost_function returning 1008.96; elapsed time: 0
INFO:root:_cost_function called at: 1.4375
INFO:root:_cost_function returning 1008.96; elapsed time: 0
INFO:root:_cost_function called at: 1.4375
INFO:root:_cost_function returning 1008.96; elapsed time: 0
INFO:root:_cost_function called at: 1.4375
INFO:root:_cost_function returning 1008.96; elapsed time: 0
INFO:root:_cost_function called at: 1.4375
INFO:root:_cost_function returning 1008.96; elapsed time: 0
INFO:root:_cost_function called at: 1.4375
INFO:root:_cost_function returning 1008.96; elapsed time: 0
INFO:root:_cost_function called at: 1.4375
INFO:root:_cost_function returning 1008.96; elapsed time: 0
INFO:root:_cost_function called at: 1.4375
INFO:root:_cost_function returning 1008.96; elapsed time: 0
INFO:root:_cost_function called at: 1.4375
INFO:root:_cost_function returning 1008.96; elapsed time: 0
INFO:root:_cost_function called at: 1.4375
INFO:root:_cost_function returning 1008.96; elapsed time: 0
INFO:root:_cost_function called at: 1.4375
INFO:root:_cost_function returning 1008.96; elapsed time: 0
INFO:root:_cost_function called at: 1.4375
INFO:root:_cost_function returning 1008.96; elapsed time: 0
INFO:root:_cost_function called at: 1.4375
INFO:root:_cost_function returning 1008.96; elapsed time: 0
INFO:root:_cost_function called at: 1.4375
INFO:root:_cost_function returning 1008.96; elapsed time: 0
INFO:root:_cost_function called at: 1.4375
INFO:root:_cost_function returning 1008.96; elapsed time: 0
INFO:root:_cost_function called at: 1.4375
INFO:root:_cost_function returning 1008.96; elapsed time: 0
INFO:root:_cost_function called at: 1.4375
INFO:root:_cost_function returning 1008.96; elapsed time: 0
INFO:root:_cost_function called at: 1.4375
INFO:root:_cost_function returning 1008.96; elapsed time: 0
INFO:root:_cost_function called at: 1.4375
INFO:root:_cost_function returning 1008.96; elapsed time: 0
INFO:root:_cost_function called at: 1.4375
INFO:root:_cost_function returning 1008.96; elapsed time: 0
INFO:root:_cost_function called at: 1.4375
INFO:root:_cost_function returning 1008.96; elapsed time: 0
INFO:root:_cost_function called at: 1.4375
INFO:root:_cost_function returning 1008.96; elapsed time: 0
INFO:root:_cost_function called at: 1.4375
INFO:root:_cost_function returning 1008.96; elapsed time: 0
INFO:root:_cost_function called at: 1.4375
INFO:root:_cost_function returning 1008.96; elapsed time: 0
INFO:root:_cost_function called at: 1.4375
INFO:root:_cost_function returning 1008.96; elapsed time: 0
INFO:root:_cost_function called at: 1.4375
INFO:root:_cost_function returning 1008.96; elapsed time: 0
INFO:root:_cost_function called at: 1.4375
INFO:root:_cost_function returning 1008.96; elapsed time: 0
INFO:root:_cost_function called at: 1.4375
INFO:root:_cost_function returning 1008.96; elapsed time: 0
INFO:root:_cost_function called at: 1.4375
INFO:root:_cost_function returning 1008.96; elapsed time: 0
INFO:root:_cost_function called at: 1.4375
INFO:root:_cost_function returning 1008.96; elapsed time: 0
INFO:root:_cost_function called at: 1.4375
INFO:root:_cost_function returning 1008.96; elapsed time: 0
INFO:root:_cost_function called at: 1.4375
INFO:root:_cost_function returning 1008.96; elapsed time: 0
INFO:root:_cost_function called at: 1.4375
INFO:root:_cost_function returning 1008.96; elapsed time: 0
INFO:root:_cost_function called at: 1.4375
INFO:root:_cost_function returning 1008.96; elapsed time: 0
INFO:root:_cost_function called at: 1.4375
INFO:root:_cost_function returning 1008.96; elapsed time: 0
INFO:root:_cost_function called at: 1.4375
INFO:root:_cost_function returning 1008.96; elapsed time: 0
INFO:root:_cost_function called at: 1.4375
INFO:root:_cost_function returning 1008.96; elapsed time: 0
INFO:root:_cost_function called at: 1.4375
INFO:root:_cost_function returning 1008.96; elapsed time: 0
INFO:root:_cost_function called at: 1.4375
INFO:root:_cost_function returning 1008.96; elapsed time: 0
INFO:root:_cost_function called at: 1.4375
INFO:root:_cost_function returning 1008.96; elapsed time: 0
INFO:root:_cost_function called at: 1.4375
INFO:root:_cost_function returning 1008.96; elapsed time: 0
INFO:root:_cost_function called at: 1.4375
INFO:root:_cost_function returning 1008.96; elapsed time: 0
INFO:root:_cost_function called at: 1.4375
INFO:root:_cost_function returning 1008.96; elapsed time: 0
INFO:root:_cost_function called at: 1.4375
INFO:root:_cost_function returning 1008.96; elapsed time: 0
INFO:root:_cost_function called at: 1.4375
INFO:root:_cost_function returning 1008.96; elapsed time: 0
INFO:root:_cost_function called at: 1.4375
INFO:root:_cost_function returning 1008.96; elapsed time: 0
INFO:root:_cost_function called at: 1.4375
INFO:root:_cost_function returning 1008.96; elapsed time: 0
INFO:root:_cost_function called at: 1.4375
INFO:root:_cost_function returning 1008.96; elapsed time: 0
INFO:root:_cost_function called at: 1.4375
INFO:root:_cost_function returning 1008.96; elapsed time: 0
INFO:root:_cost_function called at: 1.4375
INFO:root:_cost_function returning 1008.96; elapsed time: 0
INFO:root:_cost_function called at: 1.4375
INFO:root:_cost_function returning 1008.96; elapsed time: 0
INFO:root:_cost_function called at: 1.4375
INFO:root:_cost_function returning 1008.96; elapsed time: 0
INFO:root:_cost_function called at: 1.4375
INFO:root:_cost_function returning 1008.96; elapsed time: 0
INFO:root:_cost_function called at: 1.4375
INFO:root:_cost_function returning 1008.96; elapsed time: 0
INFO:root:_cost_function called at: 1.4375
INFO:root:_cost_function returning 1008.96; elapsed time: 0
INFO:root:_cost_function called at: 1.4375
INFO:root:_cost_function returning 1008.96; elapsed time: 0
INFO:root:_cost_function called at: 1.4375
INFO:root:_cost_function returning 1008.96; elapsed time: 0
INFO:root:_cost_function called at: 1.4375
INFO:root:_cost_function returning 1008.96; elapsed time: 0
INFO:root:_cost_function called at: 1.4375
INFO:root:_cost_function returning 1008.96; elapsed time: 0
INFO:root:_cost_function called at: 1.4375
INFO:root:_cost_function returning 1008.96; elapsed time: 0
INFO:root:_cost_function called at: 1.4375
INFO:root:_cost_function returning 1008.96; elapsed time: 0
INFO:root:_cost_function called at: 1.4375
INFO:root:_cost_function returning 1008.96; elapsed time: 0
INFO:root:_cost_function called at: 1.4375
INFO:root:_cost_function returning 1008.96; elapsed time: 0
INFO:root:_cost_function called at: 1.4375
INFO:root:_cost_function returning 1008.96; elapsed time: 0
INFO:root:_cost_function called at: 1.4375
INFO:root:_cost_function returning 1008.96; elapsed time: 0
INFO:root:_cost_function called at: 1.4375
INFO:root:_cost_function returning 1008.96; elapsed time: 0
INFO:root:_cost_function called at: 1.4375
INFO:root:_cost_function returning 1008.96; elapsed time: 0
INFO:root:_cost_function called at: 1.45312
INFO:root:_cost_function returning 1007.64; elapsed time: 0
INFO:root:_cost_function called at: 1.45312
INFO:root:_cost_function returning 1007.64; elapsed time: 0
INFO:root:_cost_function called at: 1.45312
INFO:root:_cost_function returning 1007.64; elapsed time: 0
INFO:root:_cost_function called at: 1.45312
INFO:root:_cost_function returning 1007.64; elapsed time: 0
INFO:root:_cost_function called at: 1.45312
INFO:root:_cost_function returning 1007.64; elapsed time: 0
INFO:root:_cost_function called at: 1.45312
INFO:root:_cost_function returning 1007.64; elapsed time: 0
INFO:root:_cost_function called at: 1.45312
INFO:root:_cost_function returning 1007.64; elapsed time: 0
INFO:root:_cost_function called at: 1.45312
INFO:root:_cost_function returning 1007.64; elapsed time: 0
INFO:root:_cost_function called at: 1.45312
INFO:root:_cost_function returning 1007.64; elapsed time: 0
INFO:root:_cost_function called at: 1.45312
INFO:root:_cost_function returning 1007.64; elapsed time: 0
INFO:root:_cost_function called at: 1.45312
INFO:root:_cost_function returning 1007.64; elapsed time: 0
INFO:root:_cost_function called at: 1.45312
INFO:root:_cost_function returning 1007.64; elapsed time: 0
INFO:root:_cost_function called at: 1.45312
INFO:root:_cost_function returning 1007.64; elapsed time: 0
INFO:root:_cost_function called at: 1.45312
INFO:root:_cost_function returning 1007.64; elapsed time: 0
INFO:root:_cost_function called at: 1.45312
INFO:root:_cost_function returning 1007.64; elapsed time: 0
INFO:root:_cost_function called at: 1.45312
INFO:root:_cost_function returning 1007.64; elapsed time: 0
INFO:root:_cost_function called at: 1.45312
INFO:root:_cost_function returning 1007.64; elapsed time: 0
INFO:root:_cost_function called at: 1.45312
INFO:root:_cost_function returning 1007.64; elapsed time: 0
INFO:root:_cost_function called at: 1.45312
INFO:root:_cost_function returning 1007.64; elapsed time: 0
INFO:root:_cost_function called at: 1.45312
INFO:root:_cost_function returning 1007.64; elapsed time: 0
INFO:root:_cost_function called at: 1.45312
INFO:root:_cost_function returning 1007.64; elapsed time: 0
INFO:root:_cost_function called at: 1.45312
INFO:root:_cost_function returning 1007.64; elapsed time: 0
INFO:root:_cost_function called at: 1.45312
INFO:root:_cost_function returning 1007.64; elapsed time: 0
INFO:root:_cost_function called at: 1.45312
INFO:root:_cost_function returning 1007.64; elapsed time: 0
INFO:root:_cost_function called at: 1.45312
INFO:root:_cost_function returning 1007.64; elapsed time: 0
INFO:root:_cost_function called at: 1.45312
INFO:root:_cost_function returning 1007.64; elapsed time: 0
INFO:root:_cost_function called at: 1.45312
INFO:root:_cost_function returning 1007.64; elapsed time: 0
INFO:root:_cost_function called at: 1.45312
INFO:root:_cost_function returning 1007.64; elapsed time: 0
INFO:root:_cost_function called at: 1.45312
INFO:root:_cost_function returning 1007.64; elapsed time: 0
INFO:root:_cost_function called at: 1.45312
INFO:root:_cost_function returning 1007.64; elapsed time: 0
INFO:root:_cost_function called at: 1.45312
INFO:root:_cost_function returning 1007.64; elapsed time: 0
INFO:root:_cost_function called at: 1.45312
INFO:root:_cost_function returning 1007.64; elapsed time: 0
INFO:root:_cost_function called at: 1.45312
INFO:root:_cost_function returning 1007.64; elapsed time: 0
INFO:root:_cost_function called at: 1.45312
INFO:root:_cost_function returning 1007.64; elapsed time: 0
INFO:root:_cost_function called at: 1.45312
INFO:root:_cost_function returning 1007.64; elapsed time: 0
INFO:root:_cost_function called at: 1.45312
INFO:root:_cost_function returning 1007.64; elapsed time: 0
INFO:root:_cost_function called at: 1.45312
INFO:root:_cost_function returning 1007.64; elapsed time: 0
INFO:root:_cost_function called at: 1.45312
INFO:root:_cost_function returning 1007.64; elapsed time: 0
INFO:root:_cost_function called at: 1.45312
INFO:root:_cost_function returning 1007.64; elapsed time: 0
INFO:root:_cost_function called at: 1.45312
INFO:root:_cost_function returning 1007.64; elapsed time: 0
INFO:root:_cost_function called at: 1.45312
INFO:root:_cost_function returning 1007.64; elapsed time: 0
INFO:root:_cost_function called at: 1.45312
INFO:root:_cost_function returning 1007.64; elapsed time: 0
INFO:root:_cost_function called at: 1.45312
INFO:root:_cost_function returning 1007.64; elapsed time: 0
INFO:root:_cost_function called at: 1.45312
INFO:root:_cost_function returning 1007.64; elapsed time: 0
INFO:root:_cost_function called at: 1.45312
INFO:root:_cost_function returning 1007.64; elapsed time: 0
INFO:root:_cost_function called at: 1.45312
INFO:root:_cost_function returning 1007.64; elapsed time: 0
INFO:root:_cost_function called at: 1.45312
INFO:root:_cost_function returning 1007.64; elapsed time: 0
INFO:root:_cost_function called at: 1.45312
INFO:root:_cost_function returning 1007.64; elapsed time: 0
INFO:root:_cost_function called at: 1.45312
INFO:root:_cost_function returning 1007.64; elapsed time: 0
INFO:root:_cost_function called at: 1.45312
INFO:root:_cost_function returning 1007.64; elapsed time: 0
INFO:root:_cost_function called at: 1.45312
INFO:root:_cost_function returning 1007.64; elapsed time: 0
INFO:root:_cost_function called at: 1.45312
INFO:root:_cost_function returning 1007.64; elapsed time: 0
INFO:root:_cost_function called at: 1.45312
INFO:root:_cost_function returning 1007.64; elapsed time: 0
INFO:root:_cost_function called at: 1.45312
INFO:root:_cost_function returning 1007.64; elapsed time: 0
INFO:root:_cost_function called at: 1.45312
INFO:root:_cost_function returning 1007.64; elapsed time: 0
INFO:root:_cost_function called at: 1.45312
INFO:root:_cost_function returning 1007.64; elapsed time: 0
INFO:root:_cost_function called at: 1.45312
INFO:root:_cost_function returning 1007.64; elapsed time: 0
INFO:root:_cost_function called at: 1.45312
INFO:root:_cost_function returning 1007.64; elapsed time: 0
INFO:root:_cost_function called at: 1.45312
INFO:root:_cost_function returning 1007.64; elapsed time: 0
INFO:root:_cost_function called at: 1.45312
INFO:root:_cost_function returning 1007.64; elapsed time: 0.015625
INFO:root:_cost_function called at: 1.46875
INFO:root:_cost_function returning 1007.64; elapsed time: 0
INFO:root:_cost_function called at: 1.46875
INFO:root:_cost_function returning 1007.64; elapsed time: 0
INFO:root:_cost_function called at: 1.46875
INFO:root:_cost_function returning 1007.64; elapsed time: 0
INFO:root:_cost_function called at: 1.46875
INFO:root:_cost_function returning 1007.64; elapsed time: 0
INFO:root:_cost_function called at: 1.46875
INFO:root:_cost_function returning 1007.64; elapsed time: 0
INFO:root:_cost_function called at: 1.46875
INFO:root:_cost_function returning 1007.64; elapsed time: 0
INFO:root:_cost_function called at: 1.46875
INFO:root:_cost_function returning 1007.64; elapsed time: 0
INFO:root:_cost_function called at: 1.46875
INFO:root:_cost_function returning 1007.64; elapsed time: 0
INFO:root:_cost_function called at: 1.46875
INFO:root:_cost_function returning 1007.64; elapsed time: 0
INFO:root:_cost_function called at: 1.46875
INFO:root:_cost_function returning 1007.64; elapsed time: 0
INFO:root:_cost_function called at: 1.46875
INFO:root:_cost_function returning 1007.64; elapsed time: 0
INFO:root:_cost_function called at: 1.46875
INFO:root:_cost_function returning 1007.64; elapsed time: 0
INFO:root:_cost_function called at: 1.46875
INFO:root:_cost_function returning 1007.64; elapsed time: 0
INFO:root:_cost_function called at: 1.46875
INFO:root:_cost_function returning 1007.64; elapsed time: 0
INFO:root:_cost_function called at: 1.46875
INFO:root:_cost_function returning 1007.64; elapsed time: 0
INFO:root:_cost_function called at: 1.46875
INFO:root:_cost_function returning 1007.64; elapsed time: 0
INFO:root:_cost_function called at: 1.46875
INFO:root:_cost_function returning 1007.64; elapsed time: 0
INFO:root:_cost_function called at: 1.46875
INFO:root:_cost_function returning 1007.64; elapsed time: 0
INFO:root:_cost_function called at: 1.46875
INFO:root:_cost_function returning 1007.64; elapsed time: 0
INFO:root:_cost_function called at: 1.46875
INFO:root:_cost_function returning 1007.64; elapsed time: 0
INFO:root:_cost_function called at: 1.46875
INFO:root:_cost_function returning 1007.64; elapsed time: 0
INFO:root:_cost_function called at: 1.46875
INFO:root:_cost_function returning 1007.64; elapsed time: 0
INFO:root:_cost_function called at: 1.46875
INFO:root:_cost_function returning 1007.64; elapsed time: 0
INFO:root:_cost_function called at: 1.46875
INFO:root:_cost_function returning 1007.64; elapsed time: 0
INFO:root:_cost_function called at: 1.46875
INFO:root:_cost_function returning 1007.64; elapsed time: 0
INFO:root:_cost_function called at: 1.46875
INFO:root:_cost_function returning 1007.64; elapsed time: 0
INFO:root:_cost_function called at: 1.46875
INFO:root:_cost_function returning 1007.64; elapsed time: 0
INFO:root:_cost_function called at: 1.46875
INFO:root:_cost_function returning 1007.64; elapsed time: 0
INFO:root:_cost_function called at: 1.46875
INFO:root:_cost_function returning 1007.64; elapsed time: 0
INFO:root:_cost_function called at: 1.46875
INFO:root:_cost_function returning 1007.64; elapsed time: 0
INFO:root:_cost_function called at: 1.46875
INFO:root:_cost_function returning 1007.64; elapsed time: 0
INFO:root:_cost_function called at: 1.46875
INFO:root:_cost_function returning 1007.64; elapsed time: 0
INFO:root:_cost_function called at: 1.46875
INFO:root:_cost_function returning 1007.64; elapsed time: 0
INFO:root:_cost_function called at: 1.46875
INFO:root:_cost_function returning 1007.64; elapsed time: 0
INFO:root:_cost_function called at: 1.46875
INFO:root:_cost_function returning 1007.64; elapsed time: 0
INFO:root:_cost_function called at: 1.46875
INFO:root:_cost_function returning 1007.64; elapsed time: 0
INFO:root:_cost_function called at: 1.46875
INFO:root:_cost_function returning 1007.64; elapsed time: 0
INFO:root:_cost_function called at: 1.46875
INFO:root:_cost_function returning 1007.64; elapsed time: 0
INFO:root:_cost_function called at: 1.46875
INFO:root:_cost_function returning 1007.64; elapsed time: 0
INFO:root:_cost_function called at: 1.46875
INFO:root:_cost_function returning 1007.64; elapsed time: 0
INFO:root:_cost_function called at: 1.46875
INFO:root:_cost_function returning 1007.64; elapsed time: 0
INFO:root:_cost_function called at: 1.48438
INFO:root:_cost_function returning 1006.53; elapsed time: 0
INFO:root:_cost_function called at: 1.48438
INFO:root:_cost_function returning 1006.53; elapsed time: 0
INFO:root:_cost_function called at: 1.48438
INFO:root:_cost_function returning 1006.53; elapsed time: 0
INFO:root:_cost_function called at: 1.48438
INFO:root:_cost_function returning 1006.53; elapsed time: 0
INFO:root:_cost_function called at: 1.48438
INFO:root:_cost_function returning 1006.53; elapsed time: 0
INFO:root:_cost_function called at: 1.48438
INFO:root:_cost_function returning 1006.53; elapsed time: 0
INFO:root:_cost_function called at: 1.48438
INFO:root:_cost_function returning 1006.53; elapsed time: 0
INFO:root:_cost_function called at: 1.48438
INFO:root:_cost_function returning 1006.53; elapsed time: 0
INFO:root:_cost_function called at: 1.48438
INFO:root:_cost_function returning 1006.53; elapsed time: 0
INFO:root:_cost_function called at: 1.48438
INFO:root:_cost_function returning 1006.53; elapsed time: 0
INFO:root:_cost_function called at: 1.48438
INFO:root:_cost_function returning 1006.53; elapsed time: 0
INFO:root:_cost_function called at: 1.48438
INFO:root:_cost_function returning 1006.53; elapsed time: 0
INFO:root:_cost_function called at: 1.48438
INFO:root:_cost_function returning 1006.53; elapsed time: 0
INFO:root:_cost_function called at: 1.48438
INFO:root:_cost_function returning 1006.53; elapsed time: 0
INFO:root:_cost_function called at: 1.48438
INFO:root:_cost_function returning 1006.53; elapsed time: 0
INFO:root:_cost_function called at: 1.48438
INFO:root:_cost_function returning 1006.53; elapsed time: 0
INFO:root:_cost_function called at: 1.48438
INFO:root:_cost_function returning 1006.53; elapsed time: 0
INFO:root:_cost_function called at: 1.48438
INFO:root:_cost_function returning 1006.53; elapsed time: 0
INFO:root:_cost_function called at: 1.48438
INFO:root:_cost_function returning 1006.53; elapsed time: 0
INFO:root:_cost_function called at: 1.48438
INFO:root:_cost_function returning 1006.53; elapsed time: 0
INFO:root:_cost_function called at: 1.48438
INFO:root:_cost_function returning 1006.53; elapsed time: 0
INFO:root:_cost_function called at: 1.48438
INFO:root:_cost_function returning 1006.53; elapsed time: 0
INFO:root:_cost_function called at: 1.48438
INFO:root:_cost_function returning 1006.53; elapsed time: 0
INFO:root:_cost_function called at: 1.48438
INFO:root:_cost_function returning 1006.53; elapsed time: 0
INFO:root:_cost_function called at: 1.48438
INFO:root:_cost_function returning 1006.53; elapsed time: 0
INFO:root:_cost_function called at: 1.48438
INFO:root:_cost_function returning 1006.53; elapsed time: 0
INFO:root:_cost_function called at: 1.48438
INFO:root:_cost_function returning 1006.53; elapsed time: 0
INFO:root:_cost_function called at: 1.48438
INFO:root:_cost_function returning 1006.53; elapsed time: 0
INFO:root:_cost_function called at: 1.48438
INFO:root:_cost_function returning 1006.53; elapsed time: 0
INFO:root:_cost_function called at: 1.48438
INFO:root:_cost_function returning 1006.53; elapsed time: 0
INFO:root:_cost_function called at: 1.48438
INFO:root:_cost_function returning 1006.53; elapsed time: 0
INFO:root:_cost_function called at: 1.48438
INFO:root:_cost_function returning 1006.53; elapsed time: 0
INFO:root:_cost_function called at: 1.48438
INFO:root:_cost_function returning 1006.53; elapsed time: 0
INFO:root:_cost_function called at: 1.48438
INFO:root:_cost_function returning 1006.53; elapsed time: 0
INFO:root:_cost_function called at: 1.48438
INFO:root:_cost_function returning 1006.53; elapsed time: 0
INFO:root:_cost_function called at: 1.48438
INFO:root:_cost_function returning 1006.53; elapsed time: 0
INFO:root:_cost_function called at: 1.48438
INFO:root:_cost_function returning 1006.53; elapsed time: 0
INFO:root:_cost_function called at: 1.48438
INFO:root:_cost_function returning 1006.53; elapsed time: 0
INFO:root:_cost_function called at: 1.48438
INFO:root:_cost_function returning 1006.53; elapsed time: 0
INFO:root:_cost_function called at: 1.48438
INFO:root:_cost_function returning 1006.53; elapsed time: 0
INFO:root:_cost_function called at: 1.48438
INFO:root:_cost_function returning 1006.53; elapsed time: 0
INFO:root:_cost_function called at: 1.48438
INFO:root:_cost_function returning 1006.53; elapsed time: 0
INFO:root:_cost_function called at: 1.48438
INFO:root:_cost_function returning 1006.53; elapsed time: 0
INFO:root:_cost_function called at: 1.48438
INFO:root:_cost_function returning 1006.53; elapsed time: 0
INFO:root:_cost_function called at: 1.48438
INFO:root:_cost_function returning 1006.53; elapsed time: 0
INFO:root:_cost_function called at: 1.48438
INFO:root:_cost_function returning 1006.53; elapsed time: 0
INFO:root:_cost_function called at: 1.48438
INFO:root:_cost_function returning 1006.53; elapsed time: 0
INFO:root:_cost_function called at: 1.48438
INFO:root:_cost_function returning 1006.53; elapsed time: 0
INFO:root:_cost_function called at: 1.48438
INFO:root:_cost_function returning 1006.53; elapsed time: 0
INFO:root:_cost_function called at: 1.48438
INFO:root:_cost_function returning 1006.53; elapsed time: 0
INFO:root:_cost_function called at: 1.48438
INFO:root:_cost_function returning 1006.53; elapsed time: 0
INFO:root:_cost_function called at: 1.48438
INFO:root:_cost_function returning 1006.53; elapsed time: 0
INFO:root:_cost_function called at: 1.48438
INFO:root:_cost_function returning 1006.53; elapsed time: 0
INFO:root:_cost_function called at: 1.48438
INFO:root:_cost_function returning 1006.53; elapsed time: 0
INFO:root:_cost_function called at: 1.48438
INFO:root:_cost_function returning 1006.53; elapsed time: 0
INFO:root:_cost_function called at: 1.48438
INFO:root:_cost_function returning 1006.53; elapsed time: 0
INFO:root:_cost_function called at: 1.48438
INFO:root:_cost_function returning 1006.53; elapsed time: 0
INFO:root:_cost_function called at: 1.48438
INFO:root:_cost_function returning 1006.53; elapsed time: 0
INFO:root:_cost_function called at: 1.48438
INFO:root:_cost_function returning 1006.53; elapsed time: 0
INFO:root:_cost_function called at: 1.48438
INFO:root:_cost_function returning 1006.53; elapsed time: 0
INFO:root:_cost_function called at: 1.48438
INFO:root:_cost_function returning 1006.53; elapsed time: 0
INFO:root:_cost_function called at: 1.48438
INFO:root:_cost_function returning 1006.53; elapsed time: 0
INFO:root:_cost_function called at: 1.48438
INFO:root:_cost_function returning 1006.53; elapsed time: 0
INFO:root:_cost_function called at: 1.48438
INFO:root:_cost_function returning 1006.53; elapsed time: 0
INFO:root:_cost_function called at: 1.48438
INFO:root:_cost_function returning 1006.53; elapsed time: 0
INFO:root:_cost_function called at: 1.48438
INFO:root:_cost_function returning 1006.53; elapsed time: 0
INFO:root:_cost_function called at: 1.48438
INFO:root:_cost_function returning 1006.53; elapsed time: 0
INFO:root:_cost_function called at: 1.48438
INFO:root:_cost_function returning 1006.53; elapsed time: 0
INFO:root:_cost_function called at: 1.48438
INFO:root:_cost_function returning 1006.53; elapsed time: 0
INFO:root:_cost_function called at: 1.48438
INFO:root:_cost_function returning 1006.53; elapsed time: 0
INFO:root:_cost_function called at: 1.48438
INFO:root:_cost_function returning 1006.53; elapsed time: 0
INFO:root:_cost_function called at: 1.48438
INFO:root:_cost_function returning 1006.53; elapsed time: 0
INFO:root:_cost_function called at: 1.48438
INFO:root:_cost_function returning 1006.53; elapsed time: 0
INFO:root:_cost_function called at: 1.48438
INFO:root:_cost_function returning 1006.53; elapsed time: 0
INFO:root:_cost_function called at: 1.48438
INFO:root:_cost_function returning 1006.53; elapsed time: 0
INFO:root:_cost_function called at: 1.48438
INFO:root:_cost_function returning 1006.53; elapsed time: 0
INFO:root:_cost_function called at: 1.48438
INFO:root:_cost_function returning 1006.53; elapsed time: 0
INFO:root:_cost_function called at: 1.48438
INFO:root:_cost_function returning 1006.53; elapsed time: 0
INFO:root:_cost_function called at: 1.48438
INFO:root:_cost_function returning 1006.53; elapsed time: 0
INFO:root:_cost_function called at: 1.48438
INFO:root:_cost_function returning 1006.53; elapsed time: 0
INFO:root:_cost_function called at: 1.48438
INFO:root:_cost_function returning 1006.53; elapsed time: 0
INFO:root:_cost_function called at: 1.48438
INFO:root:_cost_function returning 1006.53; elapsed time: 0
INFO:root:_cost_function called at: 1.48438
INFO:root:_cost_function returning 1006.53; elapsed time: 0
INFO:root:_cost_function called at: 1.48438
INFO:root:_cost_function returning 1006.53; elapsed time: 0
INFO:root:_cost_function called at: 1.48438
INFO:root:_cost_function returning 1006.53; elapsed time: 0
INFO:root:_cost_function called at: 1.48438
INFO:root:_cost_function returning 1006.53; elapsed time: 0
INFO:root:_cost_function called at: 1.48438
INFO:root:_cost_function returning 1006.53; elapsed time: 0
INFO:root:_cost_function called at: 1.48438
INFO:root:_cost_function returning 1006.53; elapsed time: 0
INFO:root:_cost_function called at: 1.48438
INFO:root:_cost_function returning 1006.53; elapsed time: 0
INFO:root:_cost_function called at: 1.48438
INFO:root:_cost_function returning 1006.53; elapsed time: 0
INFO:root:_cost_function called at: 1.48438
INFO:root:_cost_function returning 1006.53; elapsed time: 0
INFO:root:_cost_function called at: 1.48438
INFO:root:_cost_function returning 1006.53; elapsed time: 0
INFO:root:_cost_function called at: 1.48438
INFO:root:_cost_function returning 1006.53; elapsed time: 0
INFO:root:_cost_function called at: 1.48438
INFO:root:_cost_function returning 1006.53; elapsed time: 0
INFO:root:_cost_function called at: 1.48438
INFO:root:_cost_function returning 1006.53; elapsed time: 0
INFO:root:_cost_function called at: 1.48438
INFO:root:_cost_function returning 1006.53; elapsed time: 0
INFO:root:_cost_function called at: 1.48438
INFO:root:_cost_function returning 1006.53; elapsed time: 0
INFO:root:_cost_function called at: 1.48438
INFO:root:_cost_function returning 1006.53; elapsed time: 0
INFO:root:_cost_function called at: 1.48438
INFO:root:_cost_function returning 1006.53; elapsed time: 0
INFO:root:_cost_function called at: 1.48438
INFO:root:_cost_function returning 1006.53; elapsed time: 0
INFO:root:_cost_function called at: 1.48438
INFO:root:_cost_function returning 1006.53; elapsed time: 0
INFO:root:_cost_function called at: 1.5
INFO:root:_cost_function returning 1005.68; elapsed time: 0
INFO:root:_cost_function called at: 1.5
INFO:root:_cost_function returning 1005.68; elapsed time: 0
INFO:root:_cost_function called at: 1.5
INFO:root:_cost_function returning 1005.68; elapsed time: 0
INFO:root:_cost_function called at: 1.5
INFO:root:_cost_function returning 1005.68; elapsed time: 0
INFO:root:_cost_function called at: 1.5
INFO:root:_cost_function returning 1005.68; elapsed time: 0
INFO:root:_cost_function called at: 1.5
INFO:root:_cost_function returning 1005.68; elapsed time: 0
INFO:root:_cost_function called at: 1.5
INFO:root:_cost_function returning 1005.68; elapsed time: 0
INFO:root:_cost_function called at: 1.5
INFO:root:_cost_function returning 1005.68; elapsed time: 0
INFO:root:_cost_function called at: 1.5
INFO:root:_cost_function returning 1005.68; elapsed time: 0
INFO:root:_cost_function called at: 1.5
INFO:root:_cost_function returning 1005.68; elapsed time: 0
INFO:root:_cost_function called at: 1.5
INFO:root:_cost_function returning 1005.68; elapsed time: 0
INFO:root:_cost_function called at: 1.5
INFO:root:_cost_function returning 1005.68; elapsed time: 0
INFO:root:_cost_function called at: 1.5
INFO:root:_cost_function returning 1005.68; elapsed time: 0
INFO:root:_cost_function called at: 1.5
INFO:root:_cost_function returning 1005.68; elapsed time: 0
INFO:root:_cost_function called at: 1.5
INFO:root:_cost_function returning 1005.68; elapsed time: 0
INFO:root:_cost_function called at: 1.5
INFO:root:_cost_function returning 1005.68; elapsed time: 0
INFO:root:_cost_function called at: 1.5
INFO:root:_cost_function returning 1005.68; elapsed time: 0
INFO:root:_cost_function called at: 1.5
INFO:root:_cost_function returning 1005.68; elapsed time: 0
INFO:root:_cost_function called at: 1.5
INFO:root:_cost_function returning 1005.68; elapsed time: 0
INFO:root:_cost_function called at: 1.5
INFO:root:_cost_function returning 1005.68; elapsed time: 0
INFO:root:_cost_function called at: 1.5
INFO:root:_cost_function returning 1005.68; elapsed time: 0
INFO:root:_cost_function called at: 1.5
INFO:root:_cost_function returning 1005.68; elapsed time: 0
INFO:root:_cost_function called at: 1.5
INFO:root:_cost_function returning 1005.68; elapsed time: 0
INFO:root:_cost_function called at: 1.5
INFO:root:_cost_function returning 1005.68; elapsed time: 0
INFO:root:_cost_function called at: 1.5
INFO:root:_cost_function returning 1005.68; elapsed time: 0
INFO:root:_cost_function called at: 1.5
INFO:root:_cost_function returning 1005.68; elapsed time: 0
INFO:root:_cost_function called at: 1.5
INFO:root:_cost_function returning 1005.68; elapsed time: 0
INFO:root:_cost_function called at: 1.5
INFO:root:_cost_function returning 1005.68; elapsed time: 0
INFO:root:_cost_function called at: 1.5
INFO:root:_cost_function returning 1005.68; elapsed time: 0
INFO:root:_cost_function called at: 1.5
INFO:root:_cost_function returning 1005.68; elapsed time: 0
INFO:root:_cost_function called at: 1.5
INFO:root:_cost_function returning 1005.68; elapsed time: 0
INFO:root:_cost_function called at: 1.5
INFO:root:_cost_function returning 1005.68; elapsed time: 0
INFO:root:_cost_function called at: 1.5
INFO:root:_cost_function returning 1005.68; elapsed time: 0
INFO:root:_cost_function called at: 1.5
INFO:root:_cost_function returning 1005.68; elapsed time: 0
INFO:root:_cost_function called at: 1.5
INFO:root:_cost_function returning 1005.68; elapsed time: 0
INFO:root:_cost_function called at: 1.5
INFO:root:_cost_function returning 1005.68; elapsed time: 0
INFO:root:_cost_function called at: 1.5
INFO:root:_cost_function returning 1005.68; elapsed time: 0
INFO:root:_cost_function called at: 1.5
INFO:root:_cost_function returning 1005.68; elapsed time: 0
INFO:root:_cost_function called at: 1.5
INFO:root:_cost_function returning 1005.68; elapsed time: 0
INFO:root:_cost_function called at: 1.5
INFO:root:_cost_function returning 1005.68; elapsed time: 0
INFO:root:_cost_function called at: 1.5
INFO:root:_cost_function returning 1005.68; elapsed time: 0.015625
INFO:root:_cost_function called at: 1.51562
INFO:root:_cost_function returning 1005.68; elapsed time: 0
INFO:root:_cost_function called at: 1.51562
INFO:root:_cost_function returning 1005.68; elapsed time: 0
INFO:root:_cost_function called at: 1.51562
INFO:root:_cost_function returning 1005.68; elapsed time: 0
INFO:root:_cost_function called at: 1.51562
INFO:root:_cost_function returning 1005.68; elapsed time: 0
INFO:root:_cost_function called at: 1.51562
INFO:root:_cost_function returning 1005.68; elapsed time: 0
INFO:root:_cost_function called at: 1.51562
INFO:root:_cost_function returning 1005.68; elapsed time: 0
INFO:root:_cost_function called at: 1.51562
INFO:root:_cost_function returning 1005.68; elapsed time: 0
INFO:root:_cost_function called at: 1.51562
INFO:root:_cost_function returning 1005.68; elapsed time: 0
INFO:root:_cost_function called at: 1.51562
INFO:root:_cost_function returning 1005.68; elapsed time: 0
INFO:root:_cost_function called at: 1.51562
INFO:root:_cost_function returning 1005.68; elapsed time: 0
INFO:root:_cost_function called at: 1.51562
INFO:root:_cost_function returning 1005.68; elapsed time: 0
INFO:root:_cost_function called at: 1.51562
INFO:root:_cost_function returning 1005.68; elapsed time: 0
INFO:root:_cost_function called at: 1.51562
INFO:root:_cost_function returning 1005.68; elapsed time: 0
INFO:root:_cost_function called at: 1.51562
INFO:root:_cost_function returning 1005.68; elapsed time: 0
INFO:root:_cost_function called at: 1.51562
INFO:root:_cost_function returning 1005.68; elapsed time: 0
INFO:root:_cost_function called at: 1.51562
INFO:root:_cost_function returning 1005.68; elapsed time: 0
INFO:root:_cost_function called at: 1.51562
INFO:root:_cost_function returning 1005.68; elapsed time: 0
INFO:root:_cost_function called at: 1.51562
INFO:root:_cost_function returning 1005.68; elapsed time: 0
INFO:root:_cost_function called at: 1.51562
INFO:root:_cost_function returning 1005.68; elapsed time: 0
INFO:root:_cost_function called at: 1.51562
INFO:root:_cost_function returning 1005.68; elapsed time: 0
INFO:root:_cost_function called at: 1.51562
INFO:root:_cost_function returning 1005.68; elapsed time: 0
INFO:root:_cost_function called at: 1.51562
INFO:root:_cost_function returning 1005.68; elapsed time: 0
INFO:root:_cost_function called at: 1.51562
INFO:root:_cost_function returning 1005.68; elapsed time: 0
INFO:root:_cost_function called at: 1.51562
INFO:root:_cost_function returning 1005.68; elapsed time: 0
INFO:root:_cost_function called at: 1.51562
INFO:root:_cost_function returning 1005.68; elapsed time: 0
INFO:root:_cost_function called at: 1.51562
INFO:root:_cost_function returning 1005.68; elapsed time: 0
INFO:root:_cost_function called at: 1.51562
INFO:root:_cost_function returning 1005.68; elapsed time: 0
INFO:root:_cost_function called at: 1.51562
INFO:root:_cost_function returning 1005.68; elapsed time: 0
INFO:root:_cost_function called at: 1.51562
INFO:root:_cost_function returning 1005.68; elapsed time: 0
INFO:root:_cost_function called at: 1.51562
INFO:root:_cost_function returning 1005.68; elapsed time: 0
INFO:root:_cost_function called at: 1.51562
INFO:root:_cost_function returning 1005.68; elapsed time: 0
INFO:root:_cost_function called at: 1.51562
INFO:root:_cost_function returning 1005.68; elapsed time: 0
INFO:root:_cost_function called at: 1.51562
INFO:root:_cost_function returning 1005.68; elapsed time: 0
INFO:root:_cost_function called at: 1.51562
INFO:root:_cost_function returning 1005.68; elapsed time: 0
INFO:root:_cost_function called at: 1.51562
INFO:root:_cost_function returning 1005.68; elapsed time: 0
INFO:root:_cost_function called at: 1.51562
INFO:root:_cost_function returning 1005.68; elapsed time: 0
INFO:root:_cost_function called at: 1.51562
INFO:root:_cost_function returning 1005.68; elapsed time: 0
INFO:root:_cost_function called at: 1.51562
INFO:root:_cost_function returning 1005.68; elapsed time: 0
INFO:root:_cost_function called at: 1.51562
INFO:root:_cost_function returning 1005.68; elapsed time: 0
INFO:root:_cost_function called at: 1.51562
INFO:root:_cost_function returning 1005.68; elapsed time: 0
INFO:root:_cost_function called at: 1.51562
INFO:root:_cost_function returning 1005.68; elapsed time: 0
INFO:root:_cost_function called at: 1.51562
INFO:root:_cost_function returning 1005.68; elapsed time: 0
INFO:root:_cost_function called at: 1.51562
INFO:root:_cost_function returning 1005.68; elapsed time: 0
INFO:root:_cost_function called at: 1.51562
INFO:root:_cost_function returning 1005.68; elapsed time: 0
INFO:root:_cost_function called at: 1.51562
INFO:root:_cost_function returning 1005.68; elapsed time: 0
INFO:root:_cost_function called at: 1.51562
INFO:root:_cost_function returning 1005.68; elapsed time: 0
INFO:root:_cost_function called at: 1.51562
INFO:root:_cost_function returning 1005.68; elapsed time: 0
INFO:root:_cost_function called at: 1.51562
INFO:root:_cost_function returning 1005.68; elapsed time: 0
INFO:root:_cost_function called at: 1.51562
INFO:root:_cost_function returning 1005.68; elapsed time: 0
INFO:root:_cost_function called at: 1.51562
INFO:root:_cost_function returning 1005.68; elapsed time: 0
INFO:root:_cost_function called at: 1.51562
INFO:root:_cost_function returning 1005.68; elapsed time: 0
INFO:root:_cost_function called at: 1.51562
INFO:root:_cost_function returning 1005.68; elapsed time: 0
INFO:root:_cost_function called at: 1.51562
INFO:root:_cost_function returning 1005.68; elapsed time: 0
INFO:root:_cost_function called at: 1.51562
INFO:root:_cost_function returning 1005.68; elapsed time: 0
INFO:root:_cost_function called at: 1.51562
INFO:root:_cost_function returning 1005.68; elapsed time: 0
INFO:root:_cost_function called at: 1.51562
INFO:root:_cost_function returning 1005.68; elapsed time: 0
INFO:root:_cost_function called at: 1.51562
INFO:root:_cost_function returning 1005.68; elapsed time: 0
INFO:root:_cost_function called at: 1.51562
INFO:root:_cost_function returning 1005.68; elapsed time: 0
INFO:root:_cost_function called at: 1.51562
INFO:root:_cost_function returning 1005.68; elapsed time: 0
INFO:root:_cost_function called at: 1.51562
INFO:root:_cost_function returning 1005.68; elapsed time: 0
INFO:root:_cost_function called at: 1.53125
INFO:root:_cost_function returning 1028.8; elapsed time: 0
INFO:root:_cost_function called at: 1.53125
INFO:root:_cost_function returning 1005.33; elapsed time: 0
INFO:root:_cost_function called at: 1.53125
INFO:root:_cost_function returning 1005.62; elapsed time: 0
INFO:root:_cost_function called at: 1.53125
INFO:root:_cost_function returning 1005.67; elapsed time: 0
INFO:root:_cost_function called at: 1.53125
INFO:root:_cost_function returning 1005.67; elapsed time: 0
INFO:root:_cost_function called at: 1.53125
INFO:root:_cost_function returning 1005.67; elapsed time: 0
INFO:root:_cost_function called at: 1.53125
INFO:root:_cost_function returning 1005.67; elapsed time: 0
INFO:root:_cost_function called at: 1.53125
INFO:root:_cost_function returning 1005.67; elapsed time: 0
INFO:root:_cost_function called at: 1.53125
INFO:root:_cost_function returning 1005.67; elapsed time: 0
INFO:root:_cost_function called at: 1.53125
INFO:root:_cost_function returning 1005.67; elapsed time: 0
INFO:root:_cost_function called at: 1.53125
INFO:root:_cost_function returning 1005.67; elapsed time: 0
INFO:root:_cost_function called at: 1.53125
INFO:root:_cost_function returning 1005.67; elapsed time: 0
INFO:root:_cost_function called at: 1.53125
INFO:root:_cost_function returning 1005.67; elapsed time: 0
INFO:root:_cost_function called at: 1.53125
INFO:root:_cost_function returning 1005.67; elapsed time: 0
INFO:root:_cost_function called at: 1.53125
INFO:root:_cost_function returning 1005.67; elapsed time: 0
INFO:root:_cost_function called at: 1.53125
INFO:root:_cost_function returning 1005.67; elapsed time: 0
INFO:root:_cost_function called at: 1.53125
INFO:root:_cost_function returning 1005.67; elapsed time: 0
INFO:root:_cost_function called at: 1.53125
INFO:root:_cost_function returning 1005.67; elapsed time: 0
INFO:root:_cost_function called at: 1.53125
INFO:root:_cost_function returning 1005.67; elapsed time: 0
INFO:root:_cost_function called at: 1.53125
INFO:root:_cost_function returning 1005.67; elapsed time: 0
INFO:root:_cost_function called at: 1.53125
INFO:root:_cost_function returning 1005.67; elapsed time: 0
INFO:root:_cost_function called at: 1.53125
INFO:root:_cost_function returning 1005.67; elapsed time: 0
INFO:root:_cost_function called at: 1.53125
INFO:root:_cost_function returning 1005.67; elapsed time: 0
INFO:root:_cost_function called at: 1.53125
INFO:root:_cost_function returning 1005.67; elapsed time: 0
INFO:root:_cost_function called at: 1.53125
INFO:root:_cost_function returning 1005.67; elapsed time: 0
INFO:root:_cost_function called at: 1.53125
INFO:root:_cost_function returning 1005.67; elapsed time: 0
INFO:root:_cost_function called at: 1.53125
INFO:root:_cost_function returning 1005.67; elapsed time: 0
INFO:root:_cost_function called at: 1.53125
INFO:root:_cost_function returning 1005.67; elapsed time: 0
INFO:root:_cost_function called at: 1.53125
INFO:root:_cost_function returning 1005.67; elapsed time: 0
INFO:root:_cost_function called at: 1.53125
INFO:root:_cost_function returning 1005.67; elapsed time: 0
INFO:root:_cost_function called at: 1.53125
INFO:root:_cost_function returning 1005.67; elapsed time: 0
INFO:root:_cost_function called at: 1.53125
INFO:root:_cost_function returning 1005.67; elapsed time: 0
INFO:root:_cost_function called at: 1.53125
INFO:root:_cost_function returning 1005.67; elapsed time: 0
INFO:root:_cost_function called at: 1.53125
INFO:root:_cost_function returning 1005.67; elapsed time: 0
INFO:root:_cost_function called at: 1.53125
INFO:root:_cost_function returning 1005.67; elapsed time: 0
INFO:root:_cost_function called at: 1.53125
INFO:root:_cost_function returning 1005.67; elapsed time: 0
INFO:root:_cost_function called at: 1.53125
INFO:root:_cost_function returning 1005.67; elapsed time: 0
INFO:root:_cost_function called at: 1.53125
INFO:root:_cost_function returning 1005.67; elapsed time: 0
INFO:root:_cost_function called at: 1.53125
INFO:root:_cost_function returning 1005.67; elapsed time: 0
INFO:root:_cost_function called at: 1.53125
INFO:root:_cost_function returning 1005.67; elapsed time: 0
INFO:root:_cost_function called at: 1.53125
INFO:root:_cost_function returning 1005.67; elapsed time: 0
INFO:root:_cost_function called at: 1.53125
INFO:root:_cost_function returning 1005.67; elapsed time: 0
INFO:root:_cost_function called at: 1.53125
INFO:root:_cost_function returning 1005.67; elapsed time: 0
INFO:root:_cost_function called at: 1.53125
INFO:root:_cost_function returning 1005.67; elapsed time: 0
INFO:root:_cost_function called at: 1.53125
INFO:root:_cost_function returning 1005.67; elapsed time: 0
INFO:root:_cost_function called at: 1.53125
INFO:root:_cost_function returning 1005.67; elapsed time: 0
INFO:root:_cost_function called at: 1.53125
INFO:root:_cost_function returning 1005.67; elapsed time: 0
INFO:root:_cost_function called at: 1.53125
INFO:root:_cost_function returning 1005.67; elapsed time: 0
INFO:root:_cost_function called at: 1.53125
INFO:root:_cost_function returning 1005.67; elapsed time: 0
INFO:root:_cost_function called at: 1.53125
INFO:root:_cost_function returning 1005.67; elapsed time: 0
INFO:root:_cost_function called at: 1.53125
INFO:root:_cost_function returning 1005.67; elapsed time: 0
INFO:root:_cost_function called at: 1.53125
INFO:root:_cost_function returning 1005.67; elapsed time: 0
INFO:root:_cost_function called at: 1.53125
INFO:root:_cost_function returning 1005.67; elapsed time: 0
INFO:root:_cost_function called at: 1.53125
INFO:root:_cost_function returning 1005.67; elapsed time: 0
INFO:root:_cost_function called at: 1.53125
INFO:root:_cost_function returning 1005.67; elapsed time: 0
INFO:root:_cost_function called at: 1.53125
INFO:root:_cost_function returning 1005.67; elapsed time: 0
INFO:root:_cost_function called at: 1.53125
INFO:root:_cost_function returning 1005.67; elapsed time: 0
INFO:root:_cost_function called at: 1.53125
INFO:root:_cost_function returning 1005.67; elapsed time: 0
INFO:root:_cost_function called at: 1.53125
INFO:root:_cost_function returning 1005.67; elapsed time: 0
INFO:root:_cost_function called at: 1.53125
INFO:root:_cost_function returning 1005.67; elapsed time: 0
INFO:root:_cost_function called at: 1.53125
INFO:root:_cost_function returning 1005.67; elapsed time: 0
INFO:root:_cost_function called at: 1.53125
INFO:root:_cost_function returning 1005.67; elapsed time: 0
INFO:root:_cost_function called at: 1.53125
INFO:root:_cost_function returning 1005.67; elapsed time: 0
INFO:root:_cost_function called at: 1.53125
INFO:root:_cost_function returning 1005.67; elapsed time: 0
INFO:root:_cost_function called at: 1.53125
INFO:root:_cost_function returning 1005.67; elapsed time: 0
INFO:root:_cost_function called at: 1.53125
INFO:root:_cost_function returning 1005.67; elapsed time: 0
INFO:root:_cost_function called at: 1.53125
INFO:root:_cost_function returning 1005.67; elapsed time: 0
INFO:root:_cost_function called at: 1.53125
INFO:root:_cost_function returning 1005.67; elapsed time: 0
INFO:root:_cost_function called at: 1.53125
INFO:root:_cost_function returning 1005.67; elapsed time: 0
INFO:root:_cost_function called at: 1.53125
INFO:root:_cost_function returning 1005.67; elapsed time: 0
INFO:root:_cost_function called at: 1.53125
INFO:root:_cost_function returning 1005.67; elapsed time: 0
INFO:root:_cost_function called at: 1.53125
INFO:root:_cost_function returning 1005.67; elapsed time: 0
INFO:root:_cost_function called at: 1.53125
INFO:root:_cost_function returning 1005.67; elapsed time: 0
INFO:root:_cost_function called at: 1.53125
INFO:root:_cost_function returning 1005.67; elapsed time: 0
INFO:root:_cost_function called at: 1.53125
INFO:root:_cost_function returning 1005.67; elapsed time: 0
INFO:root:_cost_function called at: 1.53125
INFO:root:_cost_function returning 1005.67; elapsed time: 0
INFO:root:_cost_function called at: 1.53125
INFO:root:_cost_function returning 1005.67; elapsed time: 0
INFO:root:_cost_function called at: 1.53125
INFO:root:_cost_function returning 1005.67; elapsed time: 0
INFO:root:_cost_function called at: 1.53125
INFO:root:_cost_function returning 1005.67; elapsed time: 0
INFO:root:_cost_function called at: 1.53125
INFO:root:_cost_function returning 1005.67; elapsed time: 0.015625
INFO:root:_cost_function called at: 1.54688
INFO:root:_cost_function returning 1005.67; elapsed time: 0
INFO:root:_cost_function called at: 1.54688
INFO:root:_cost_function returning 1005.67; elapsed time: 0
INFO:root:_cost_function called at: 1.54688
INFO:root:_cost_function returning 1005.67; elapsed time: 0
INFO:root:_cost_function called at: 1.54688
INFO:root:_cost_function returning 1005.67; elapsed time: 0
INFO:root:_cost_function called at: 1.54688
INFO:root:_cost_function returning 1005.67; elapsed time: 0
INFO:root:_cost_function called at: 1.54688
INFO:root:_cost_function returning 1005.67; elapsed time: 0
INFO:root:_cost_function called at: 1.54688
INFO:root:_cost_function returning 1005.67; elapsed time: 0
INFO:root:_cost_function called at: 1.54688
INFO:root:_cost_function returning 1005.67; elapsed time: 0
INFO:root:_cost_function called at: 1.54688
INFO:root:_cost_function returning 1005.67; elapsed time: 0
INFO:root:_cost_function called at: 1.54688
INFO:root:_cost_function returning 1005.67; elapsed time: 0
INFO:root:_cost_function called at: 1.54688
INFO:root:_cost_function returning 1005.67; elapsed time: 0
INFO:root:_cost_function called at: 1.54688
INFO:root:_cost_function returning 1005.67; elapsed time: 0
INFO:root:_cost_function called at: 1.54688
INFO:root:_cost_function returning 1005.67; elapsed time: 0
INFO:root:_cost_function called at: 1.54688
INFO:root:_cost_function returning 1005.67; elapsed time: 0
INFO:root:_cost_function called at: 1.54688
INFO:root:_cost_function returning 1005.67; elapsed time: 0
INFO:root:_cost_function called at: 1.54688
INFO:root:_cost_function returning 1005.67; elapsed time: 0
INFO:root:_cost_function called at: 1.54688
INFO:root:_cost_function returning 1005.67; elapsed time: 0
INFO:root:_cost_function called at: 1.54688
INFO:root:_cost_function returning 1005.67; elapsed time: 0
INFO:root:_cost_function called at: 1.54688
INFO:root:_cost_function returning 1005.67; elapsed time: 0
INFO:root:_cost_function called at: 1.54688
INFO:root:_cost_function returning 1005.67; elapsed time: 0
INFO:root:_cost_function called at: 1.54688
INFO:root:_cost_function returning 1005.67; elapsed time: 0
INFO:root:_cost_function called at: 1.54688
INFO:root:_cost_function returning 1005.67; elapsed time: 0
INFO:root:_cost_function called at: 1.54688
INFO:root:_cost_function returning 1005.67; elapsed time: 0
INFO:root:_cost_function called at: 1.54688
INFO:root:_cost_function returning 1005.67; elapsed time: 0
INFO:root:_cost_function called at: 1.54688
INFO:root:_cost_function returning 1004.67; elapsed time: 0
INFO:root:_cost_function called at: 1.54688
INFO:root:_cost_function returning 1005.47; elapsed time: 0
INFO:root:_cost_function called at: 1.54688
INFO:root:_cost_function returning 1005.65; elapsed time: 0
INFO:root:_cost_function called at: 1.54688
INFO:root:_cost_function returning 1005.65; elapsed time: 0
INFO:root:_cost_function called at: 1.54688
INFO:root:_cost_function returning 1005.65; elapsed time: 0
INFO:root:_cost_function called at: 1.54688
INFO:root:_cost_function returning 1005.65; elapsed time: 0
INFO:root:_cost_function called at: 1.54688
INFO:root:_cost_function returning 1005.65; elapsed time: 0
INFO:root:_cost_function called at: 1.54688
INFO:root:_cost_function returning 1005.65; elapsed time: 0
INFO:root:_cost_function called at: 1.54688
INFO:root:_cost_function returning 1005.65; elapsed time: 0
INFO:root:_cost_function called at: 1.54688
INFO:root:_cost_function returning 1005.65; elapsed time: 0
INFO:root:_cost_function called at: 1.54688
INFO:root:_cost_function returning 1005.65; elapsed time: 0
INFO:root:_cost_function called at: 1.54688
INFO:root:_cost_function returning 1005.65; elapsed time: 0
INFO:root:_cost_function called at: 1.54688
INFO:root:_cost_function returning 1005.65; elapsed time: 0
INFO:root:_cost_function called at: 1.54688
INFO:root:_cost_function returning 1005.65; elapsed time: 0
INFO:root:_cost_function called at: 1.54688
INFO:root:_cost_function returning 1005.65; elapsed time: 0
INFO:root:_cost_function called at: 1.54688
INFO:root:_cost_function returning 1005.65; elapsed time: 0
INFO:root:_cost_function called at: 1.54688
INFO:root:_cost_function returning 1005.65; elapsed time: 0
INFO:root:_cost_function called at: 1.54688
INFO:root:_cost_function returning 1005.65; elapsed time: 0
INFO:root:_cost_function called at: 1.54688
INFO:root:_cost_function returning 1005.65; elapsed time: 0
INFO:root:_cost_function called at: 1.54688
INFO:root:_cost_function returning 1005.65; elapsed time: 0
INFO:root:_cost_function called at: 1.54688
INFO:root:_cost_function returning 1005.65; elapsed time: 0
INFO:root:_cost_function called at: 1.54688
INFO:root:_cost_function returning 1005.65; elapsed time: 0
INFO:root:_cost_function called at: 1.54688
INFO:root:_cost_function returning 1005.65; elapsed time: 0
INFO:root:_cost_function called at: 1.54688
INFO:root:_cost_function returning 1005.65; elapsed time: 0
INFO:root:_cost_function called at: 1.54688
INFO:root:_cost_function returning 1005.65; elapsed time: 0
INFO:root:_cost_function called at: 1.54688
INFO:root:_cost_function returning 1005.65; elapsed time: 0
INFO:root:_cost_function called at: 1.54688
INFO:root:_cost_function returning 1005.65; elapsed time: 0
INFO:root:_cost_function called at: 1.54688
INFO:root:_cost_function returning 1005.65; elapsed time: 0
INFO:root:_cost_function called at: 1.54688
INFO:root:_cost_function returning 1005.65; elapsed time: 0
INFO:root:_cost_function called at: 1.54688
INFO:root:_cost_function returning 1005.65; elapsed time: 0
INFO:root:_cost_function called at: 1.54688
INFO:root:_cost_function returning 1005.65; elapsed time: 0
INFO:root:_cost_function called at: 1.54688
INFO:root:_cost_function returning 1005.65; elapsed time: 0
INFO:root:_cost_function called at: 1.54688
INFO:root:_cost_function returning 1005.65; elapsed time: 0
INFO:root:_cost_function called at: 1.54688
INFO:root:_cost_function returning 1005.65; elapsed time: 0
INFO:root:_cost_function called at: 1.54688
INFO:root:_cost_function returning 1005.65; elapsed time: 0
INFO:root:_cost_function called at: 1.54688
INFO:root:_cost_function returning 1005.65; elapsed time: 0
INFO:root:_cost_function called at: 1.54688
INFO:root:_cost_function returning 1005.65; elapsed time: 0
INFO:root:_cost_function called at: 1.54688
INFO:root:_cost_function returning 1005.65; elapsed time: 0
INFO:root:_cost_function called at: 1.54688
INFO:root:_cost_function returning 1005.65; elapsed time: 0
INFO:root:_cost_function called at: 1.54688
INFO:root:_cost_function returning 1005.65; elapsed time: 0
INFO:root:_cost_function called at: 1.54688
INFO:root:_cost_function returning 1005.65; elapsed time: 0
INFO:root:_cost_function called at: 1.54688
INFO:root:_cost_function returning 1005.65; elapsed time: 0
INFO:root:_cost_function called at: 1.54688
INFO:root:_cost_function returning 1005.65; elapsed time: 0
INFO:root:_cost_function called at: 1.54688
INFO:root:_cost_function returning 1005.65; elapsed time: 0
INFO:root:_cost_function called at: 1.54688
INFO:root:_cost_function returning 1005.65; elapsed time: 0
INFO:root:_cost_function called at: 1.54688
INFO:root:_cost_function returning 1005.65; elapsed time: 0
INFO:root:_cost_function called at: 1.54688
INFO:root:_cost_function returning 1005.65; elapsed time: 0
INFO:root:_cost_function called at: 1.54688
INFO:root:_cost_function returning 1005.65; elapsed time: 0
INFO:root:_cost_function called at: 1.54688
INFO:root:_cost_function returning 1005.65; elapsed time: 0
INFO:root:_cost_function called at: 1.54688
INFO:root:_cost_function returning 1005.65; elapsed time: 0
INFO:root:_cost_function called at: 1.54688
INFO:root:_cost_function returning 1005.65; elapsed time: 0
INFO:root:_cost_function called at: 1.54688
INFO:root:_cost_function returning 1005.65; elapsed time: 0
INFO:root:_cost_function called at: 1.54688
INFO:root:_cost_function returning 1005.65; elapsed time: 0
INFO:root:_cost_function called at: 1.54688
INFO:root:_cost_function returning 1005.65; elapsed time: 0
INFO:root:_cost_function called at: 1.54688
INFO:root:_cost_function returning 1005.65; elapsed time: 0
INFO:root:_cost_function called at: 1.54688
INFO:root:_cost_function returning 1005.65; elapsed time: 0
INFO:root:_cost_function called at: 1.54688
INFO:root:_cost_function returning 1005.65; elapsed time: 0
INFO:root:_cost_function called at: 1.54688
INFO:root:_cost_function returning 1005.65; elapsed time: 0
INFO:root:_cost_function called at: 1.54688
INFO:root:_cost_function returning 1005.65; elapsed time: 0
INFO:root:_cost_function called at: 1.54688
INFO:root:_cost_function returning 1005.65; elapsed time: 0
INFO:root:_cost_function called at: 1.54688
INFO:root:_cost_function returning 1005.65; elapsed time: 0
INFO:root:_cost_function called at: 1.54688
INFO:root:_cost_function returning 1005.65; elapsed time: 0
INFO:root:_cost_function called at: 1.54688
INFO:root:_cost_function returning 1005.65; elapsed time: 0
INFO:root:_cost_function called at: 1.54688
INFO:root:_cost_function returning 1005.65; elapsed time: 0
INFO:root:_cost_function called at: 1.54688
INFO:root:_cost_function returning 1005.65; elapsed time: 0
INFO:root:_cost_function called at: 1.54688
INFO:root:_cost_function returning 1005.65; elapsed time: 0
INFO:root:_cost_function called at: 1.54688
INFO:root:_cost_function returning 1005.65; elapsed time: 0
INFO:root:_cost_function called at: 1.54688
INFO:root:_cost_function returning 1005.65; elapsed time: 0
INFO:root:_cost_function called at: 1.54688
INFO:root:_cost_function returning 1005.65; elapsed time: 0
INFO:root:_cost_function called at: 1.54688
INFO:root:_cost_function returning 1005.65; elapsed time: 0
INFO:root:_cost_function called at: 1.54688
INFO:root:_cost_function returning 1005.65; elapsed time: 0
INFO:root:_cost_function called at: 1.54688
INFO:root:_cost_function returning 1005.65; elapsed time: 0
INFO:root:_cost_function called at: 1.54688
INFO:root:_cost_function returning 1005.65; elapsed time: 0
INFO:root:_cost_function called at: 1.54688
INFO:root:_cost_function returning 1005.65; elapsed time: 0
INFO:root:_cost_function called at: 1.54688
INFO:root:_cost_function returning 1005.65; elapsed time: 0
INFO:root:_cost_function called at: 1.54688
INFO:root:_cost_function returning 1005.65; elapsed time: 0
INFO:root:_cost_function called at: 1.54688
INFO:root:_cost_function returning 1005.65; elapsed time: 0
INFO:root:_cost_function called at: 1.54688
INFO:root:_cost_function returning 1005.65; elapsed time: 0
INFO:root:_cost_function called at: 1.54688
INFO:root:_cost_function returning 1005.65; elapsed time: 0
INFO:root:_cost_function called at: 1.54688
INFO:root:_cost_function returning 1005.65; elapsed time: 0
INFO:root:_cost_function called at: 1.54688
INFO:root:_cost_function returning 1005.65; elapsed time: 0
INFO:root:_cost_function called at: 1.54688
INFO:root:_cost_function returning 1005.65; elapsed time: 0
INFO:root:_cost_function called at: 1.54688
INFO:root:_cost_function returning 1005.65; elapsed time: 0
INFO:root:_cost_function called at: 1.54688
INFO:root:_cost_function returning 1005.65; elapsed time: 0
INFO:root:_cost_function called at: 1.54688
INFO:root:_cost_function returning 1005.65; elapsed time: 0
INFO:root:_cost_function called at: 1.54688
INFO:root:_cost_function returning 1005.65; elapsed time: 0
INFO:root:_cost_function called at: 1.54688
INFO:root:_cost_function returning 1005.65; elapsed time: 0
INFO:root:_cost_function called at: 1.54688
INFO:root:_cost_function returning 1005.65; elapsed time: 0
INFO:root:_cost_function called at: 1.54688
INFO:root:_cost_function returning 1005.65; elapsed time: 0
INFO:root:_cost_function called at: 1.54688
INFO:root:_cost_function returning 1005.65; elapsed time: 0
INFO:root:_cost_function called at: 1.54688
INFO:root:_cost_function returning 1005.65; elapsed time: 0
INFO:root:_cost_function called at: 1.54688
INFO:root:_cost_function returning 1005.65; elapsed time: 0
INFO:root:_cost_function called at: 1.54688
INFO:root:_cost_function returning 1005.65; elapsed time: 0
INFO:root:_cost_function called at: 1.54688
INFO:root:_cost_function returning 1005.65; elapsed time: 0
INFO:root:_cost_function called at: 1.54688
INFO:root:_cost_function returning 1005.65; elapsed time: 0
INFO:root:_cost_function called at: 1.54688
INFO:root:_cost_function returning 1005.65; elapsed time: 0
INFO:root:_cost_function called at: 1.54688
INFO:root:_cost_function returning 1005.65; elapsed time: 0
INFO:root:_cost_function called at: 1.54688
INFO:root:_cost_function returning 1005.65; elapsed time: 0
INFO:root:_cost_function called at: 1.54688
INFO:root:_cost_function returning 1005.65; elapsed time: 0
INFO:root:_cost_function called at: 1.54688
INFO:root:_cost_function returning 1005.65; elapsed time: 0
INFO:root:_cost_function called at: 1.54688
INFO:root:_cost_function returning 1005.65; elapsed time: 0
INFO:root:_cost_function called at: 1.54688
INFO:root:_cost_function returning 1005.65; elapsed time: 0
INFO:root:_cost_function called at: 1.54688
INFO:root:_cost_function returning 1005.65; elapsed time: 0
INFO:root:_cost_function called at: 1.5625
INFO:root:_cost_function returning 1004.39; elapsed time: 0
INFO:root:_cost_function called at: 1.5625
INFO:root:_cost_function returning 1005.33; elapsed time: 0
INFO:root:_cost_function called at: 1.5625
INFO:root:_cost_function returning 1005.6; elapsed time: 0
INFO:root:_cost_function called at: 1.5625
INFO:root:_cost_function returning 1005.64; elapsed time: 0
INFO:root:_cost_function called at: 1.5625
INFO:root:_cost_function returning 1005.64; elapsed time: 0
INFO:root:_cost_function called at: 1.5625
INFO:root:_cost_function returning 1005.64; elapsed time: 0
INFO:root:_cost_function called at: 1.5625
INFO:root:_cost_function returning 1005.64; elapsed time: 0
INFO:root:_cost_function called at: 1.5625
INFO:root:_cost_function returning 1005.64; elapsed time: 0
INFO:root:_cost_function called at: 1.5625
INFO:root:_cost_function returning 1005.64; elapsed time: 0
INFO:root:_cost_function called at: 1.5625
INFO:root:_cost_function returning 1005.64; elapsed time: 0
INFO:root:_cost_function called at: 1.5625
INFO:root:_cost_function returning 1005.64; elapsed time: 0
INFO:root:_cost_function called at: 1.5625
INFO:root:_cost_function returning 1005.64; elapsed time: 0
INFO:root:_cost_function called at: 1.5625
INFO:root:_cost_function returning 1005.64; elapsed time: 0
INFO:root:_cost_function called at: 1.5625
INFO:root:_cost_function returning 1005.64; elapsed time: 0
INFO:root:_cost_function called at: 1.5625
INFO:root:_cost_function returning 1005.64; elapsed time: 0
INFO:root:_cost_function called at: 1.5625
INFO:root:_cost_function returning 1005.64; elapsed time: 0
INFO:root:_cost_function called at: 1.5625
INFO:root:_cost_function returning 1005.64; elapsed time: 0
INFO:root:_cost_function called at: 1.5625
INFO:root:_cost_function returning 1005.64; elapsed time: 0
INFO:root:_cost_function called at: 1.5625
INFO:root:_cost_function returning 1005.64; elapsed time: 0
INFO:root:_cost_function called at: 1.5625
INFO:root:_cost_function returning 1005.64; elapsed time: 0
INFO:root:_cost_function called at: 1.5625
INFO:root:_cost_function returning 1005.64; elapsed time: 0
INFO:root:_cost_function called at: 1.5625
INFO:root:_cost_function returning 1005.64; elapsed time: 0
INFO:root:_cost_function called at: 1.5625
INFO:root:_cost_function returning 1005.64; elapsed time: 0
INFO:root:_cost_function called at: 1.5625
INFO:root:_cost_function returning 1005.64; elapsed time: 0
INFO:root:_cost_function called at: 1.5625
INFO:root:_cost_function returning 1005.64; elapsed time: 0
INFO:root:_cost_function called at: 1.5625
INFO:root:_cost_function returning 1005.64; elapsed time: 0
INFO:root:_cost_function called at: 1.5625
INFO:root:_cost_function returning 1005.64; elapsed time: 0
INFO:root:_cost_function called at: 1.5625
INFO:root:_cost_function returning 1005.64; elapsed time: 0
INFO:root:_cost_function called at: 1.5625
INFO:root:_cost_function returning 1005.64; elapsed time: 0
INFO:root:_cost_function called at: 1.5625
INFO:root:_cost_function returning 1005.64; elapsed time: 0
INFO:root:_cost_function called at: 1.5625
INFO:root:_cost_function returning 1005.64; elapsed time: 0
INFO:root:_cost_function called at: 1.5625
INFO:root:_cost_function returning 1005.64; elapsed time: 0
INFO:root:_cost_function called at: 1.5625
INFO:root:_cost_function returning 1005.64; elapsed time: 0
INFO:root:_cost_function called at: 1.5625
INFO:root:_cost_function returning 1005.64; elapsed time: 0
INFO:root:_cost_function called at: 1.5625
INFO:root:_cost_function returning 1005.64; elapsed time: 0
INFO:root:_cost_function called at: 1.5625
INFO:root:_cost_function returning 1005.64; elapsed time: 0
INFO:root:_cost_function called at: 1.5625
INFO:root:_cost_function returning 1005.64; elapsed time: 0
INFO:root:_cost_function called at: 1.5625
INFO:root:_cost_function returning 1005.64; elapsed time: 0
INFO:root:_cost_function called at: 1.5625
INFO:root:_cost_function returning 1005.64; elapsed time: 0
INFO:root:_cost_function called at: 1.5625
INFO:root:_cost_function returning 1005.64; elapsed time: 0
INFO:root:_cost_function called at: 1.5625
INFO:root:_cost_function returning 1005.64; elapsed time: 0
INFO:root:_cost_function called at: 1.5625
INFO:root:_cost_function returning 1005.64; elapsed time: 0
INFO:root:_cost_function called at: 1.5625
INFO:root:_cost_function returning 1005.64; elapsed time: 0
INFO:root:_cost_function called at: 1.5625
INFO:root:_cost_function returning 1005.64; elapsed time: 0
INFO:root:_cost_function called at: 1.5625
INFO:root:_cost_function returning 1005.64; elapsed time: 0
INFO:root:_cost_function called at: 1.5625
INFO:root:_cost_function returning 1005.64; elapsed time: 0
INFO:root:_cost_function called at: 1.5625
INFO:root:_cost_function returning 1005.64; elapsed time: 0
INFO:root:_cost_function called at: 1.5625
INFO:root:_cost_function returning 1005.64; elapsed time: 0
INFO:root:_cost_function called at: 1.5625
INFO:root:_cost_function returning 1005.64; elapsed time: 0
INFO:root:_cost_function called at: 1.5625
INFO:root:_cost_function returning 1005.64; elapsed time: 0
INFO:root:_cost_function called at: 1.5625
INFO:root:_cost_function returning 1005.64; elapsed time: 0
INFO:root:_cost_function called at: 1.5625
INFO:root:_cost_function returning 1005.64; elapsed time: 0
INFO:root:_cost_function called at: 1.5625
INFO:root:_cost_function returning 1005.64; elapsed time: 0
INFO:root:_cost_function called at: 1.5625
INFO:root:_cost_function returning 1005.64; elapsed time: 0
INFO:root:_cost_function called at: 1.5625
INFO:root:_cost_function returning 1005.64; elapsed time: 0
INFO:root:_cost_function called at: 1.5625
INFO:root:_cost_function returning 1005.64; elapsed time: 0
INFO:root:_cost_function called at: 1.57812
INFO:root:_cost_function returning 1005.64; elapsed time: 0
INFO:root:_cost_function called at: 1.57812
INFO:root:_cost_function returning 1005.64; elapsed time: 0
INFO:root:_cost_function called at: 1.57812
INFO:root:_cost_function returning 1005.64; elapsed time: 0
INFO:root:_cost_function called at: 1.57812
INFO:root:_cost_function returning 1005.64; elapsed time: 0
INFO:root:_cost_function called at: 1.57812
INFO:root:_cost_function returning 1005.64; elapsed time: 0
INFO:root:_cost_function called at: 1.57812
INFO:root:_cost_function returning 1005.64; elapsed time: 0
INFO:root:_cost_function called at: 1.57812
INFO:root:_cost_function returning 1005.64; elapsed time: 0
INFO:root:_cost_function called at: 1.57812
INFO:root:_cost_function returning 1005.64; elapsed time: 0
INFO:root:_cost_function called at: 1.57812
INFO:root:_cost_function returning 1005.64; elapsed time: 0
INFO:root:_cost_function called at: 1.57812
INFO:root:_cost_function returning 1005.64; elapsed time: 0
INFO:root:_cost_function called at: 1.57812
INFO:root:_cost_function returning 1005.64; elapsed time: 0
INFO:root:_cost_function called at: 1.57812
INFO:root:_cost_function returning 1005.64; elapsed time: 0
INFO:root:_cost_function called at: 1.57812
INFO:root:_cost_function returning 1005.64; elapsed time: 0
INFO:root:_cost_function called at: 1.57812
INFO:root:_cost_function returning 1005.64; elapsed time: 0
INFO:root:_cost_function called at: 1.57812
INFO:root:_cost_function returning 1005.64; elapsed time: 0
INFO:root:_cost_function called at: 1.57812
INFO:root:_cost_function returning 1005.64; elapsed time: 0
INFO:root:_cost_function called at: 1.57812
INFO:root:_cost_function returning 1005.64; elapsed time: 0
INFO:root:_cost_function called at: 1.57812
INFO:root:_cost_function returning 1005.64; elapsed time: 0
INFO:root:_cost_function called at: 1.57812
INFO:root:_cost_function returning 1005.64; elapsed time: 0
INFO:root:_cost_function called at: 1.57812
INFO:root:_cost_function returning 1005.64; elapsed time: 0
INFO:root:_cost_function called at: 1.57812
INFO:root:_cost_function returning 1005.64; elapsed time: 0
INFO:root:_cost_function called at: 1.57812
INFO:root:_cost_function returning 1005.64; elapsed time: 0
INFO:root:_cost_function called at: 1.57812
INFO:root:_cost_function returning 1005.64; elapsed time: 0
INFO:root:_cost_function called at: 1.57812
INFO:root:_cost_function returning 1005.64; elapsed time: 0
INFO:root:_cost_function called at: 1.57812
INFO:root:_cost_function returning 1005.64; elapsed time: 0
INFO:root:_cost_function called at: 1.57812
INFO:root:_cost_function returning 1005.64; elapsed time: 0
INFO:root:_cost_function called at: 1.57812
INFO:root:_cost_function returning 1005.64; elapsed time: 0
INFO:root:_cost_function called at: 1.57812
INFO:root:_cost_function returning 1005.64; elapsed time: 0
INFO:root:_cost_function called at: 1.57812
INFO:root:_cost_function returning 1005.64; elapsed time: 0
INFO:root:_cost_function called at: 1.57812
INFO:root:_cost_function returning 1005.64; elapsed time: 0
INFO:root:_cost_function called at: 1.57812
INFO:root:_cost_function returning 1005.64; elapsed time: 0
INFO:root:_cost_function called at: 1.57812
INFO:root:_cost_function returning 1005.64; elapsed time: 0
INFO:root:_cost_function called at: 1.57812
INFO:root:_cost_function returning 1005.64; elapsed time: 0
INFO:root:_cost_function called at: 1.57812
INFO:root:_cost_function returning 1005.64; elapsed time: 0
INFO:root:_cost_function called at: 1.57812
INFO:root:_cost_function returning 1005.64; elapsed time: 0
INFO:root:_cost_function called at: 1.57812
INFO:root:_cost_function returning 1005.64; elapsed time: 0
INFO:root:_cost_function called at: 1.57812
INFO:root:_cost_function returning 1005.64; elapsed time: 0
INFO:root:_cost_function called at: 1.57812
INFO:root:_cost_function returning 1005.64; elapsed time: 0
INFO:root:_cost_function called at: 1.57812
INFO:root:_cost_function returning 1005.64; elapsed time: 0
INFO:root:_cost_function called at: 1.57812
INFO:root:_cost_function returning 1005.64; elapsed time: 0
INFO:root:_cost_function called at: 1.57812
INFO:root:_cost_function returning 1005.64; elapsed time: 0
INFO:root:_cost_function called at: 1.57812
INFO:root:_cost_function returning 1005.64; elapsed time: 0
INFO:root:_cost_function called at: 1.57812
INFO:root:_cost_function returning 1005.64; elapsed time: 0
INFO:root:_cost_function called at: 1.57812
INFO:root:_cost_function returning 1005.64; elapsed time: 0
INFO:root:_cost_function called at: 1.57812
INFO:root:_cost_function returning 1005.64; elapsed time: 0
INFO:root:_cost_function called at: 1.57812
INFO:root:_cost_function returning 1005.64; elapsed time: 0
INFO:root:_cost_function called at: 1.57812
INFO:root:_cost_function returning 1005.64; elapsed time: 0
INFO:root:_cost_function called at: 1.57812
INFO:root:_cost_function returning 1005.64; elapsed time: 0
INFO:root:_cost_function called at: 1.59375
INFO:root:_cost_function returning 1004.19; elapsed time: 0
INFO:root:_cost_function called at: 1.59375
INFO:root:_cost_function returning 1005.17; elapsed time: 0
INFO:root:_cost_function called at: 1.59375
INFO:root:_cost_function returning 1005.54; elapsed time: 0
INFO:root:_cost_function called at: 1.59375
INFO:root:_cost_function returning 1005.62; elapsed time: 0
INFO:root:_cost_function called at: 1.59375
INFO:root:_cost_function returning 1005.63; elapsed time: 0
INFO:root:_cost_function called at: 1.59375
INFO:root:_cost_function returning 1005.63; elapsed time: 0
INFO:root:_cost_function called at: 1.59375
INFO:root:_cost_function returning 1005.63; elapsed time: 0
INFO:root:_cost_function called at: 1.59375
INFO:root:_cost_function returning 1005.63; elapsed time: 0
INFO:root:_cost_function called at: 1.59375
INFO:root:_cost_function returning 1005.63; elapsed time: 0
INFO:root:_cost_function called at: 1.59375
INFO:root:_cost_function returning 1005.63; elapsed time: 0
INFO:root:_cost_function called at: 1.59375
INFO:root:_cost_function returning 1005.63; elapsed time: 0
INFO:root:_cost_function called at: 1.59375
INFO:root:_cost_function returning 1005.63; elapsed time: 0
INFO:root:_cost_function called at: 1.59375
INFO:root:_cost_function returning 1005.63; elapsed time: 0
INFO:root:_cost_function called at: 1.59375
INFO:root:_cost_function returning 1005.63; elapsed time: 0
INFO:root:_cost_function called at: 1.59375
INFO:root:_cost_function returning 1005.63; elapsed time: 0
INFO:root:_cost_function called at: 1.59375
INFO:root:_cost_function returning 1005.63; elapsed time: 0
INFO:root:_cost_function called at: 1.59375
INFO:root:_cost_function returning 1005.63; elapsed time: 0
INFO:root:_cost_function called at: 1.59375
INFO:root:_cost_function returning 1005.63; elapsed time: 0
INFO:root:_cost_function called at: 1.59375
INFO:root:_cost_function returning 1005.63; elapsed time: 0
INFO:root:_cost_function called at: 1.59375
INFO:root:_cost_function returning 1005.63; elapsed time: 0
INFO:root:_cost_function called at: 1.59375
INFO:root:_cost_function returning 1005.63; elapsed time: 0
INFO:root:_cost_function called at: 1.59375
INFO:root:_cost_function returning 1005.63; elapsed time: 0
INFO:root:_cost_function called at: 1.59375
INFO:root:_cost_function returning 1005.63; elapsed time: 0
INFO:root:_cost_function called at: 1.59375
INFO:root:_cost_function returning 1005.63; elapsed time: 0
INFO:root:_cost_function called at: 1.59375
INFO:root:_cost_function returning 1005.63; elapsed time: 0
INFO:root:_cost_function called at: 1.59375
INFO:root:_cost_function returning 1005.63; elapsed time: 0
INFO:root:_cost_function called at: 1.59375
INFO:root:_cost_function returning 1005.63; elapsed time: 0
INFO:root:_cost_function called at: 1.59375
INFO:root:_cost_function returning 1005.63; elapsed time: 0
INFO:root:_cost_function called at: 1.59375
INFO:root:_cost_function returning 1005.63; elapsed time: 0
INFO:root:_cost_function called at: 1.59375
INFO:root:_cost_function returning 1005.63; elapsed time: 0
INFO:root:_cost_function called at: 1.59375
INFO:root:_cost_function returning 1005.63; elapsed time: 0
INFO:root:_cost_function called at: 1.59375
INFO:root:_cost_function returning 1005.63; elapsed time: 0
INFO:root:_cost_function called at: 1.59375
INFO:root:_cost_function returning 1005.63; elapsed time: 0
INFO:root:_cost_function called at: 1.59375
INFO:root:_cost_function returning 1005.63; elapsed time: 0
INFO:root:_cost_function called at: 1.59375
INFO:root:_cost_function returning 1005.63; elapsed time: 0
INFO:root:_cost_function called at: 1.59375
INFO:root:_cost_function returning 1005.63; elapsed time: 0
INFO:root:_cost_function called at: 1.59375
INFO:root:_cost_function returning 1005.63; elapsed time: 0
INFO:root:_cost_function called at: 1.59375
INFO:root:_cost_function returning 1005.63; elapsed time: 0
INFO:root:_cost_function called at: 1.59375
INFO:root:_cost_function returning 1005.63; elapsed time: 0
INFO:root:_cost_function called at: 1.59375
INFO:root:_cost_function returning 1005.63; elapsed time: 0
INFO:root:_cost_function called at: 1.59375
INFO:root:_cost_function returning 1005.63; elapsed time: 0
INFO:root:_cost_function called at: 1.59375
INFO:root:_cost_function returning 1005.63; elapsed time: 0
INFO:root:_cost_function called at: 1.59375
INFO:root:_cost_function returning 1005.63; elapsed time: 0
INFO:root:_cost_function called at: 1.59375
INFO:root:_cost_function returning 1005.63; elapsed time: 0
INFO:root:_cost_function called at: 1.59375
INFO:root:_cost_function returning 1005.63; elapsed time: 0
INFO:root:_cost_function called at: 1.59375
INFO:root:_cost_function returning 1005.63; elapsed time: 0
INFO:root:_cost_function called at: 1.59375
INFO:root:_cost_function returning 1005.63; elapsed time: 0
INFO:root:_cost_function called at: 1.59375
INFO:root:_cost_function returning 1005.63; elapsed time: 0
INFO:root:_cost_function called at: 1.59375
INFO:root:_cost_function returning 1005.63; elapsed time: 0
INFO:root:_cost_function called at: 1.59375
INFO:root:_cost_function returning 1005.63; elapsed time: 0
INFO:root:_cost_function called at: 1.59375
INFO:root:_cost_function returning 1005.63; elapsed time: 0
INFO:root:_cost_function called at: 1.59375
INFO:root:_cost_function returning 1005.63; elapsed time: 0
INFO:root:_cost_function called at: 1.59375
INFO:root:_cost_function returning 1005.63; elapsed time: 0
INFO:root:_cost_function called at: 1.59375
INFO:root:_cost_function returning 1005.63; elapsed time: 0
INFO:root:_cost_function called at: 1.59375
INFO:root:_cost_function returning 1005.63; elapsed time: 0
INFO:root:_cost_function called at: 1.59375
INFO:root:_cost_function returning 1005.63; elapsed time: 0
INFO:root:_cost_function called at: 1.59375
INFO:root:_cost_function returning 1005.63; elapsed time: 0
INFO:root:_cost_function called at: 1.59375
INFO:root:_cost_function returning 1005.63; elapsed time: 0
INFO:root:_cost_function called at: 1.59375
INFO:root:_cost_function returning 1005.63; elapsed time: 0
INFO:root:_cost_function called at: 1.59375
INFO:root:_cost_function returning 1005.63; elapsed time: 0
INFO:root:_cost_function called at: 1.59375
INFO:root:_cost_function returning 1005.63; elapsed time: 0
INFO:root:_cost_function called at: 1.59375
INFO:root:_cost_function returning 1005.63; elapsed time: 0
INFO:root:_cost_function called at: 1.59375
INFO:root:_cost_function returning 1005.63; elapsed time: 0
INFO:root:_cost_function called at: 1.59375
INFO:root:_cost_function returning 1005.63; elapsed time: 0
INFO:root:_cost_function called at: 1.59375
INFO:root:_cost_function returning 1005.63; elapsed time: 0
INFO:root:_cost_function called at: 1.59375
INFO:root:_cost_function returning 1005.63; elapsed time: 0
INFO:root:_cost_function called at: 1.59375
INFO:root:_cost_function returning 1005.63; elapsed time: 0
INFO:root:_cost_function called at: 1.59375
INFO:root:_cost_function returning 1005.63; elapsed time: 0
INFO:root:_cost_function called at: 1.59375
INFO:root:_cost_function returning 1005.63; elapsed time: 0
INFO:root:_cost_function called at: 1.59375
INFO:root:_cost_function returning 1005.63; elapsed time: 0
INFO:root:_cost_function called at: 1.59375
INFO:root:_cost_function returning 1005.63; elapsed time: 0
INFO:root:_cost_function called at: 1.59375
INFO:root:_cost_function returning 1005.63; elapsed time: 0
INFO:root:_cost_function called at: 1.59375
INFO:root:_cost_function returning 1005.63; elapsed time: 0
INFO:root:_cost_function called at: 1.59375
INFO:root:_cost_function returning 1005.63; elapsed time: 0
INFO:root:_cost_function called at: 1.59375
INFO:root:_cost_function returning 1005.63; elapsed time: 0
INFO:root:_cost_function called at: 1.59375
INFO:root:_cost_function returning 1005.63; elapsed time: 0
INFO:root:_cost_function called at: 1.59375
INFO:root:_cost_function returning 1005.63; elapsed time: 0
INFO:root:_cost_function called at: 1.59375
INFO:root:_cost_function returning 1005.63; elapsed time: 0
INFO:root:_cost_function called at: 1.59375
INFO:root:_cost_function returning 1005.63; elapsed time: 0
INFO:root:_cost_function called at: 1.59375
INFO:root:_cost_function returning 1005.63; elapsed time: 0
INFO:root:_cost_function called at: 1.59375
INFO:root:_cost_function returning 1005.63; elapsed time: 0
INFO:root:_cost_function called at: 1.59375
INFO:root:_cost_function returning 1005.63; elapsed time: 0.015625
INFO:root:_cost_function called at: 1.60938
INFO:root:_cost_function returning 1005.63; elapsed time: 0
INFO:root:_cost_function called at: 1.60938
INFO:root:_cost_function returning 1005.63; elapsed time: 0
INFO:root:_cost_function called at: 1.60938
INFO:root:_cost_function returning 1005.63; elapsed time: 0
INFO:root:_cost_function called at: 1.60938
INFO:root:_cost_function returning 1005.63; elapsed time: 0
INFO:root:_cost_function called at: 1.60938
INFO:root:_cost_function returning 1005.63; elapsed time: 0
INFO:root:_cost_function called at: 1.60938
INFO:root:_cost_function returning 1005.63; elapsed time: 0
INFO:root:_cost_function called at: 1.60938
INFO:root:_cost_function returning 1005.63; elapsed time: 0
INFO:root:_cost_function called at: 1.60938
INFO:root:_cost_function returning 1005.63; elapsed time: 0
INFO:root:_cost_function called at: 1.60938
INFO:root:_cost_function returning 1005.63; elapsed time: 0
INFO:root:_cost_function called at: 1.60938
INFO:root:_cost_function returning 1005.63; elapsed time: 0
INFO:root:_cost_function called at: 1.60938
INFO:root:_cost_function returning 1005.63; elapsed time: 0
INFO:root:_cost_function called at: 1.60938
INFO:root:_cost_function returning 1005.63; elapsed time: 0
INFO:root:_cost_function called at: 1.60938
INFO:root:_cost_function returning 1005.63; elapsed time: 0
INFO:root:_cost_function called at: 1.60938
INFO:root:_cost_function returning 1005.63; elapsed time: 0
INFO:root:_cost_function called at: 1.60938
INFO:root:_cost_function returning 1005.63; elapsed time: 0
INFO:root:_cost_function called at: 1.60938
INFO:root:_cost_function returning 1005.63; elapsed time: 0
INFO:root:_cost_function called at: 1.60938
INFO:root:_cost_function returning 1005.63; elapsed time: 0
INFO:root:_cost_function called at: 1.60938
INFO:root:_cost_function returning 1005.63; elapsed time: 0
INFO:root:_cost_function called at: 1.60938
INFO:root:_cost_function returning 1005.63; elapsed time: 0
INFO:root:_cost_function called at: 1.60938
INFO:root:_cost_function returning 1005.63; elapsed time: 0
INFO:root:_cost_function called at: 1.60938
INFO:root:_cost_function returning 1005.63; elapsed time: 0
INFO:root:_cost_function called at: 1.60938
INFO:root:_cost_function returning 1005.63; elapsed time: 0
INFO:root:_cost_function called at: 1.60938
INFO:root:_cost_function returning 1005.63; elapsed time: 0
INFO:root:_cost_function called at: 1.60938
INFO:root:_cost_function returning 1004.03; elapsed time: 0
INFO:root:_cost_function called at: 1.60938
INFO:root:_cost_function returning 1005; elapsed time: 0
INFO:root:_cost_function called at: 1.60938
INFO:root:_cost_function returning 1005.46; elapsed time: 0
INFO:root:_cost_function called at: 1.60938
INFO:root:_cost_function returning 1005.59; elapsed time: 0
INFO:root:_cost_function called at: 1.60938
INFO:root:_cost_function returning 1005.62; elapsed time: 0
INFO:root:_cost_function called at: 1.60938
INFO:root:_cost_function returning 1005.63; elapsed time: 0
INFO:root:_cost_function called at: 1.60938
INFO:root:_cost_function returning 1005.63; elapsed time: 0
INFO:root:_cost_function called at: 1.60938
INFO:root:_cost_function returning 1005.63; elapsed time: 0
INFO:root:_cost_function called at: 1.60938
INFO:root:_cost_function returning 1005.63; elapsed time: 0
INFO:root:_cost_function called at: 1.60938
INFO:root:_cost_function returning 1005.63; elapsed time: 0
INFO:root:_cost_function called at: 1.60938
INFO:root:_cost_function returning 1005.63; elapsed time: 0
INFO:root:_cost_function called at: 1.60938
INFO:root:_cost_function returning 1005.63; elapsed time: 0
INFO:root:_cost_function called at: 1.60938
INFO:root:_cost_function returning 1005.63; elapsed time: 0
INFO:root:_cost_function called at: 1.60938
INFO:root:_cost_function returning 1005.63; elapsed time: 0
INFO:root:_cost_function called at: 1.60938
INFO:root:_cost_function returning 1005.63; elapsed time: 0
INFO:root:_cost_function called at: 1.60938
INFO:root:_cost_function returning 1005.63; elapsed time: 0
INFO:root:_cost_function called at: 1.60938
INFO:root:_cost_function returning 1005.63; elapsed time: 0
INFO:root:_cost_function called at: 1.60938
INFO:root:_cost_function returning 1005.63; elapsed time: 0
INFO:root:_cost_function called at: 1.60938
INFO:root:_cost_function returning 1005.63; elapsed time: 0.015625
INFO:root:_cost_function called at: 1.625
INFO:root:_cost_function returning 1005.63; elapsed time: 0
INFO:root:_cost_function called at: 1.625
INFO:root:_cost_function returning 1005.63; elapsed time: 0
INFO:root:_cost_function called at: 1.625
INFO:root:_cost_function returning 1005.63; elapsed time: 0
INFO:root:_cost_function called at: 1.625
INFO:root:_cost_function returning 1005.63; elapsed time: 0
INFO:root:_cost_function called at: 1.625
INFO:root:_cost_function returning 1005.63; elapsed time: 0
INFO:root:_cost_function called at: 1.625
INFO:root:_cost_function returning 1005.63; elapsed time: 0
INFO:root:_cost_function called at: 1.625
INFO:root:_cost_function returning 1005.63; elapsed time: 0
INFO:root:_cost_function called at: 1.625
INFO:root:_cost_function returning 1005.63; elapsed time: 0
INFO:root:_cost_function called at: 1.625
INFO:root:_cost_function returning 1005.63; elapsed time: 0
INFO:root:_cost_function called at: 1.625
INFO:root:_cost_function returning 1005.63; elapsed time: 0
INFO:root:_cost_function called at: 1.625
INFO:root:_cost_function returning 1005.63; elapsed time: 0
INFO:root:_cost_function called at: 1.625
INFO:root:_cost_function returning 1005.63; elapsed time: 0
INFO:root:_cost_function called at: 1.625
INFO:root:_cost_function returning 1005.63; elapsed time: 0
INFO:root:_cost_function called at: 1.625
INFO:root:_cost_function returning 1005.63; elapsed time: 0
INFO:root:_cost_function called at: 1.625
INFO:root:_cost_function returning 1005.63; elapsed time: 0
INFO:root:_cost_function called at: 1.625
INFO:root:_cost_function returning 1005.63; elapsed time: 0
INFO:root:_cost_function called at: 1.625
INFO:root:_cost_function returning 1005.63; elapsed time: 0
INFO:root:_cost_function called at: 1.625
INFO:root:_cost_function returning 1005.63; elapsed time: 0
INFO:root:_cost_function called at: 1.625
INFO:root:_cost_function returning 1005.63; elapsed time: 0
INFO:root:_cost_function called at: 1.625
INFO:root:_cost_function returning 1005.63; elapsed time: 0
INFO:root:_cost_function called at: 1.625
INFO:root:_cost_function returning 1005.63; elapsed time: 0
INFO:root:_cost_function called at: 1.625
INFO:root:_cost_function returning 1005.63; elapsed time: 0
INFO:root:_cost_function called at: 1.625
INFO:root:_cost_function returning 1005.63; elapsed time: 0
INFO:root:_cost_function called at: 1.625
INFO:root:_cost_function returning 1005.63; elapsed time: 0
INFO:root:_cost_function called at: 1.625
INFO:root:_cost_function returning 1005.63; elapsed time: 0
INFO:root:_cost_function called at: 1.625
INFO:root:_cost_function returning 1005.63; elapsed time: 0
INFO:root:_cost_function called at: 1.625
INFO:root:_cost_function returning 1005.63; elapsed time: 0
INFO:root:_cost_function called at: 1.625
INFO:root:_cost_function returning 1005.63; elapsed time: 0
INFO:root:_cost_function called at: 1.625
INFO:root:_cost_function returning 1005.63; elapsed time: 0
INFO:root:_cost_function called at: 1.625
INFO:root:_cost_function returning 1005.63; elapsed time: 0
INFO:root:_cost_function called at: 1.625
INFO:root:_cost_function returning 1005.63; elapsed time: 0
INFO:root:_cost_function called at: 1.625
INFO:root:_cost_function returning 1005.63; elapsed time: 0
INFO:root:_cost_function called at: 1.625
INFO:root:_cost_function returning 1005.63; elapsed time: 0
INFO:root:_cost_function called at: 1.625
INFO:root:_cost_function returning 1005.63; elapsed time: 0
INFO:root:_cost_function called at: 1.625
INFO:root:_cost_function returning 1005.63; elapsed time: 0
INFO:root:_cost_function called at: 1.625
INFO:root:_cost_function returning 1005.63; elapsed time: 0
INFO:root:_cost_function called at: 1.625
INFO:root:_cost_function returning 1005.63; elapsed time: 0
INFO:root:_cost_function called at: 1.625
INFO:root:_cost_function returning 1005.63; elapsed time: 0
INFO:root:_cost_function called at: 1.625
INFO:root:_cost_function returning 1005.63; elapsed time: 0
INFO:root:_cost_function called at: 1.625
INFO:root:_cost_function returning 1005.63; elapsed time: 0
INFO:root:_cost_function called at: 1.625
INFO:root:_cost_function returning 1005.63; elapsed time: 0
INFO:root:_cost_function called at: 1.625
INFO:root:_cost_function returning 1005.63; elapsed time: 0
INFO:root:_cost_function called at: 1.625
INFO:root:_cost_function returning 1005.63; elapsed time: 0
INFO:root:_cost_function called at: 1.625
INFO:root:_cost_function returning 1005.63; elapsed time: 0
INFO:root:_cost_function called at: 1.625
INFO:root:_cost_function returning 1005.63; elapsed time: 0
INFO:root:_cost_function called at: 1.625
INFO:root:_cost_function returning 1005.63; elapsed time: 0
INFO:root:_cost_function called at: 1.625
INFO:root:_cost_function returning 1005.63; elapsed time: 0
INFO:root:_cost_function called at: 1.625
INFO:root:_cost_function returning 1005.63; elapsed time: 0
INFO:root:_cost_function called at: 1.625
INFO:root:_cost_function returning 1005.63; elapsed time: 0
INFO:root:_cost_function called at: 1.625
INFO:root:_cost_function returning 1005.63; elapsed time: 0
INFO:root:_cost_function called at: 1.625
INFO:root:_cost_function returning 1005.63; elapsed time: 0
INFO:root:_cost_function called at: 1.625
INFO:root:_cost_function returning 1005.63; elapsed time: 0
INFO:root:_cost_function called at: 1.625
INFO:root:_cost_function returning 1005.63; elapsed time: 0
INFO:root:_cost_function called at: 1.625
INFO:root:_cost_function returning 1005.63; elapsed time: 0
INFO:root:_cost_function called at: 1.625
INFO:root:_cost_function returning 1005.63; elapsed time: 0
INFO:root:_cost_function called at: 1.625
INFO:root:_cost_function returning 1005.63; elapsed time: 0
INFO:root:_cost_function called at: 1.625
INFO:root:_cost_function returning 1005.63; elapsed time: 0
INFO:root:_cost_function called at: 1.625
INFO:root:_cost_function returning 1005.63; elapsed time: 0
INFO:root:_cost_function called at: 1.625
INFO:root:_cost_function returning 1005.63; elapsed time: 0
INFO:root:_cost_function called at: 1.625
INFO:root:_cost_function returning 1005.63; elapsed time: 0
INFO:root:_cost_function called at: 1.625
INFO:root:_cost_function returning 1005.63; elapsed time: 0
INFO:root:_cost_function called at: 1.625
INFO:root:_cost_function returning 1005.63; elapsed time: 0
INFO:root:_cost_function called at: 1.625
INFO:root:_cost_function returning 1005.63; elapsed time: 0
INFO:root:_cost_function called at: 1.625
INFO:root:_cost_function returning 1005.63; elapsed time: 0
INFO:root:_cost_function called at: 1.625
INFO:root:_cost_function returning 1005.63; elapsed time: 0
INFO:root:_cost_function called at: 1.625
INFO:root:_cost_function returning 1005.63; elapsed time: 0
INFO:root:_cost_function called at: 1.625
INFO:root:_cost_function returning 1005.63; elapsed time: 0
INFO:root:_cost_function called at: 1.625
INFO:root:_cost_function returning 1005.63; elapsed time: 0
INFO:root:_cost_function called at: 1.625
INFO:root:_cost_function returning 1005.63; elapsed time: 0
INFO:root:_cost_function called at: 1.625
INFO:root:_cost_function returning 1005.63; elapsed time: 0
INFO:root:_cost_function called at: 1.625
INFO:root:_cost_function returning 1005.63; elapsed time: 0
INFO:root:_cost_function called at: 1.625
INFO:root:_cost_function returning 1005.63; elapsed time: 0
INFO:root:_cost_function called at: 1.625
INFO:root:_cost_function returning 1005.63; elapsed time: 0
INFO:root:_cost_function called at: 1.625
INFO:root:_cost_function returning 1005.63; elapsed time: 0
INFO:root:_cost_function called at: 1.625
INFO:root:_cost_function returning 1005.63; elapsed time: 0
INFO:root:_cost_function called at: 1.625
INFO:root:_cost_function returning 1005.63; elapsed time: 0
INFO:root:_cost_function called at: 1.625
INFO:root:_cost_function returning 1005.63; elapsed time: 0
INFO:root:_cost_function called at: 1.625
INFO:root:_cost_function returning 1005.63; elapsed time: 0
INFO:root:_cost_function called at: 1.625
INFO:root:_cost_function returning 1005.63; elapsed time: 0
INFO:root:_cost_function called at: 1.625
INFO:root:_cost_function returning 1005.63; elapsed time: 0
INFO:root:_cost_function called at: 1.625
INFO:root:_cost_function returning 1005.63; elapsed time: 0
INFO:root:_cost_function called at: 1.625
INFO:root:_cost_function returning 1005.63; elapsed time: 0
INFO:root:_cost_function called at: 1.625
INFO:root:_cost_function returning 1005.63; elapsed time: 0
INFO:root:_cost_function called at: 1.625
INFO:root:_cost_function returning 1005.63; elapsed time: 0
INFO:root:_cost_function called at: 1.625
INFO:root:_cost_function returning 1005.63; elapsed time: 0
INFO:root:_cost_function called at: 1.625
INFO:root:_cost_function returning 1005.63; elapsed time: 0
INFO:root:_cost_function called at: 1.625
INFO:root:_cost_function returning 1005.63; elapsed time: 0
INFO:root:_cost_function called at: 1.64062
INFO:root:_cost_function returning 1004.77; elapsed time: 0
INFO:root:_cost_function called at: 1.64062
INFO:root:_cost_function returning 1004.77; elapsed time: 0
INFO:root:_cost_function called at: 1.64062
INFO:root:_cost_function returning 1004.77; elapsed time: 0
INFO:root:_cost_function called at: 1.64062
INFO:root:_cost_function returning 1004.77; elapsed time: 0
INFO:root:_cost_function called at: 1.64062
INFO:root:_cost_function returning 1004.77; elapsed time: 0
INFO:root:_cost_function called at: 1.64062
INFO:root:_cost_function returning 1004.77; elapsed time: 0
INFO:root:_cost_function called at: 1.64062
INFO:root:_cost_function returning 1004.77; elapsed time: 0
INFO:root:_cost_function called at: 1.64062
INFO:root:_cost_function returning 1004.77; elapsed time: 0
INFO:root:_cost_function called at: 1.64062
INFO:root:_cost_function returning 1004.77; elapsed time: 0
INFO:root:_cost_function called at: 1.64062
INFO:root:_cost_function returning 1004.77; elapsed time: 0
INFO:root:_cost_function called at: 1.64062
INFO:root:_cost_function returning 1004.77; elapsed time: 0
INFO:root:_cost_function called at: 1.64062
INFO:root:_cost_function returning 1004.77; elapsed time: 0
INFO:root:_cost_function called at: 1.64062
INFO:root:_cost_function returning 1004.77; elapsed time: 0
INFO:root:_cost_function called at: 1.64062
INFO:root:_cost_function returning 1004.77; elapsed time: 0
INFO:root:_cost_function called at: 1.64062
INFO:root:_cost_function returning 1004.77; elapsed time: 0
INFO:root:_cost_function called at: 1.64062
INFO:root:_cost_function returning 1004.77; elapsed time: 0
INFO:root:_cost_function called at: 1.64062
INFO:root:_cost_function returning 1004.77; elapsed time: 0
INFO:root:_cost_function called at: 1.64062
INFO:root:_cost_function returning 1004.77; elapsed time: 0
INFO:root:_cost_function called at: 1.64062
INFO:root:_cost_function returning 1004.77; elapsed time: 0
INFO:root:_cost_function called at: 1.64062
INFO:root:_cost_function returning 1004.77; elapsed time: 0
INFO:root:_cost_function called at: 1.64062
INFO:root:_cost_function returning 1004.77; elapsed time: 0
INFO:root:_cost_function called at: 1.64062
INFO:root:_cost_function returning 1004.77; elapsed time: 0
INFO:root:_cost_function called at: 1.64062
INFO:root:_cost_function returning 1004.77; elapsed time: 0
INFO:root:_cost_function called at: 1.64062
INFO:root:_cost_function returning 1004.77; elapsed time: 0
INFO:root:_cost_function called at: 1.64062
INFO:root:_cost_function returning 1004.77; elapsed time: 0
INFO:root:_cost_function called at: 1.64062
INFO:root:_cost_function returning 1004.77; elapsed time: 0
INFO:root:_cost_function called at: 1.64062
INFO:root:_cost_function returning 1004.77; elapsed time: 0
INFO:root:_cost_function called at: 1.64062
INFO:root:_cost_function returning 1004.77; elapsed time: 0
INFO:root:_cost_function called at: 1.64062
INFO:root:_cost_function returning 1004.77; elapsed time: 0
INFO:root:_cost_function called at: 1.64062
INFO:root:_cost_function returning 1004.77; elapsed time: 0
INFO:root:_cost_function called at: 1.64062
INFO:root:_cost_function returning 1004.77; elapsed time: 0
INFO:root:_cost_function called at: 1.64062
INFO:root:_cost_function returning 1004.77; elapsed time: 0
INFO:root:_cost_function called at: 1.64062
INFO:root:_cost_function returning 1004.77; elapsed time: 0
INFO:root:_cost_function called at: 1.64062
INFO:root:_cost_function returning 1004.77; elapsed time: 0
INFO:root:_cost_function called at: 1.64062
INFO:root:_cost_function returning 1004.77; elapsed time: 0
INFO:root:_cost_function called at: 1.64062
INFO:root:_cost_function returning 1004.77; elapsed time: 0
INFO:root:_cost_function called at: 1.64062
INFO:root:_cost_function returning 1004.77; elapsed time: 0
INFO:root:_cost_function called at: 1.64062
INFO:root:_cost_function returning 1004.77; elapsed time: 0
INFO:root:_cost_function called at: 1.64062
INFO:root:_cost_function returning 1004.77; elapsed time: 0
INFO:root:_cost_function called at: 1.64062
INFO:root:_cost_function returning 1004.77; elapsed time: 0
INFO:root:_cost_function called at: 1.64062
INFO:root:_cost_function returning 1004.77; elapsed time: 0
INFO:root:_cost_function called at: 1.64062
INFO:root:_cost_function returning 1004.77; elapsed time: 0
INFO:root:_cost_function called at: 1.64062
INFO:root:_cost_function returning 1004.77; elapsed time: 0
INFO:root:_cost_function called at: 1.64062
INFO:root:_cost_function returning 1004.77; elapsed time: 0
INFO:root:_cost_function called at: 1.64062
INFO:root:_cost_function returning 1004.77; elapsed time: 0
INFO:root:_cost_function called at: 1.64062
INFO:root:_cost_function returning 1004.77; elapsed time: 0
INFO:root:_cost_function called at: 1.64062
INFO:root:_cost_function returning 1004.77; elapsed time: 0
INFO:root:_cost_function called at: 1.64062
INFO:root:_cost_function returning 1004.77; elapsed time: 0
INFO:root:_cost_function called at: 1.64062
INFO:root:_cost_function returning 1004.77; elapsed time: 0
INFO:root:_cost_function called at: 1.64062
INFO:root:_cost_function returning 1004.77; elapsed time: 0
INFO:root:_cost_function called at: 1.64062
INFO:root:_cost_function returning 1004.77; elapsed time: 0.015625
INFO:root:_cost_function called at: 1.65625
INFO:root:_cost_function returning 1004.77; elapsed time: 0
INFO:root:_cost_function called at: 1.65625
INFO:root:_cost_function returning 1004.77; elapsed time: 0
INFO:root:_cost_function called at: 1.65625
INFO:root:_cost_function returning 1004.77; elapsed time: 0
INFO:root:_cost_function called at: 1.65625
INFO:root:_cost_function returning 1004.77; elapsed time: 0
INFO:root:_cost_function called at: 1.65625
INFO:root:_cost_function returning 1004.77; elapsed time: 0
INFO:root:_cost_function called at: 1.65625
INFO:root:_cost_function returning 1004.77; elapsed time: 0
INFO:root:_cost_function called at: 1.65625
INFO:root:_cost_function returning 1004.77; elapsed time: 0
INFO:root:_cost_function called at: 1.65625
INFO:root:_cost_function returning 1004.77; elapsed time: 0
INFO:root:_cost_function called at: 1.65625
INFO:root:_cost_function returning 1004.77; elapsed time: 0
INFO:root:_cost_function called at: 1.65625
INFO:root:_cost_function returning 1004.77; elapsed time: 0
INFO:root:_cost_function called at: 1.65625
INFO:root:_cost_function returning 1004.77; elapsed time: 0
INFO:root:_cost_function called at: 1.65625
INFO:root:_cost_function returning 1004.77; elapsed time: 0
INFO:root:_cost_function called at: 1.65625
INFO:root:_cost_function returning 1004.77; elapsed time: 0
INFO:root:_cost_function called at: 1.65625
INFO:root:_cost_function returning 1004.77; elapsed time: 0
INFO:root:_cost_function called at: 1.65625
INFO:root:_cost_function returning 1004.77; elapsed time: 0
INFO:root:_cost_function called at: 1.65625
INFO:root:_cost_function returning 1004.77; elapsed time: 0
INFO:root:_cost_function called at: 1.65625
INFO:root:_cost_function returning 1004.77; elapsed time: 0
INFO:root:_cost_function called at: 1.65625
INFO:root:_cost_function returning 1004.77; elapsed time: 0
INFO:root:_cost_function called at: 1.65625
INFO:root:_cost_function returning 1004.77; elapsed time: 0
INFO:root:_cost_function called at: 1.65625
INFO:root:_cost_function returning 1004.77; elapsed time: 0
INFO:root:_cost_function called at: 1.65625
INFO:root:_cost_function returning 1004.77; elapsed time: 0
INFO:root:_cost_function called at: 1.65625
INFO:root:_cost_function returning 1004.77; elapsed time: 0
INFO:root:_cost_function called at: 1.65625
INFO:root:_cost_function returning 1004.77; elapsed time: 0
INFO:root:_cost_function called at: 1.65625
INFO:root:_cost_function returning 1004.77; elapsed time: 0
INFO:root:_cost_function called at: 1.65625
INFO:root:_cost_function returning 1004.77; elapsed time: 0
INFO:root:_cost_function called at: 1.65625
INFO:root:_cost_function returning 1004.77; elapsed time: 0
INFO:root:_cost_function called at: 1.65625
INFO:root:_cost_function returning 1004.77; elapsed time: 0
INFO:root:_cost_function called at: 1.65625
INFO:root:_cost_function returning 1004.77; elapsed time: 0
INFO:root:_cost_function called at: 1.65625
INFO:root:_cost_function returning 1004.77; elapsed time: 0
INFO:root:_cost_function called at: 1.65625
INFO:root:_cost_function returning 1004.77; elapsed time: 0
INFO:root:_cost_function called at: 1.65625
INFO:root:_cost_function returning 1004.77; elapsed time: 0
INFO:root:_cost_function called at: 1.65625
INFO:root:_cost_function returning 1004.77; elapsed time: 0
INFO:root:_cost_function called at: 1.65625
INFO:root:_cost_function returning 1004.77; elapsed time: 0
INFO:root:_cost_function called at: 1.65625
INFO:root:_cost_function returning 1004.77; elapsed time: 0
INFO:root:_cost_function called at: 1.65625
INFO:root:_cost_function returning 1004.77; elapsed time: 0
INFO:root:_cost_function called at: 1.65625
INFO:root:_cost_function returning 1004.77; elapsed time: 0
INFO:root:_cost_function called at: 1.65625
INFO:root:_cost_function returning 1004.77; elapsed time: 0
INFO:root:_cost_function called at: 1.65625
INFO:root:_cost_function returning 1004.77; elapsed time: 0
INFO:root:_cost_function called at: 1.65625
INFO:root:_cost_function returning 1004.77; elapsed time: 0
INFO:root:_cost_function called at: 1.65625
INFO:root:_cost_function returning 1004.77; elapsed time: 0
INFO:root:_cost_function called at: 1.65625
INFO:root:_cost_function returning 1004.77; elapsed time: 0
INFO:root:_cost_function called at: 1.65625
INFO:root:_cost_function returning 1004.77; elapsed time: 0
INFO:root:_cost_function called at: 1.65625
INFO:root:_cost_function returning 1004.77; elapsed time: 0
INFO:root:_cost_function called at: 1.65625
INFO:root:_cost_function returning 1004.77; elapsed time: 0
INFO:root:_cost_function called at: 1.65625
INFO:root:_cost_function returning 1004.77; elapsed time: 0
INFO:root:_cost_function called at: 1.65625
INFO:root:_cost_function returning 1004.77; elapsed time: 0
INFO:root:_cost_function called at: 1.65625
INFO:root:_cost_function returning 1004.77; elapsed time: 0
INFO:root:_cost_function called at: 1.65625
INFO:root:_cost_function returning 1004.77; elapsed time: 0
INFO:root:_cost_function called at: 1.65625
INFO:root:_cost_function returning 1004.77; elapsed time: 0
INFO:root:_cost_function called at: 1.65625
INFO:root:_cost_function returning 1004.77; elapsed time: 0
INFO:root:_cost_function called at: 1.67188
INFO:root:_cost_function returning 1004.38; elapsed time: 0
INFO:root:_cost_function called at: 1.67188
INFO:root:_cost_function returning 1004.38; elapsed time: 0
INFO:root:_cost_function called at: 1.67188
INFO:root:_cost_function returning 1004.38; elapsed time: 0
INFO:root:_cost_function called at: 1.67188
INFO:root:_cost_function returning 1004.38; elapsed time: 0
INFO:root:_cost_function called at: 1.67188
INFO:root:_cost_function returning 1004.38; elapsed time: 0
INFO:root:_cost_function called at: 1.67188
INFO:root:_cost_function returning 1004.38; elapsed time: 0
INFO:root:_cost_function called at: 1.67188
INFO:root:_cost_function returning 1004.38; elapsed time: 0
INFO:root:_cost_function called at: 1.67188
INFO:root:_cost_function returning 1004.38; elapsed time: 0
INFO:root:_cost_function called at: 1.67188
INFO:root:_cost_function returning 1004.38; elapsed time: 0
INFO:root:_cost_function called at: 1.67188
INFO:root:_cost_function returning 1004.38; elapsed time: 0
INFO:root:_cost_function called at: 1.67188
INFO:root:_cost_function returning 1004.38; elapsed time: 0
INFO:root:_cost_function called at: 1.67188
INFO:root:_cost_function returning 1004.38; elapsed time: 0
INFO:root:_cost_function called at: 1.67188
INFO:root:_cost_function returning 1004.38; elapsed time: 0
INFO:root:_cost_function called at: 1.67188
INFO:root:_cost_function returning 1004.38; elapsed time: 0
INFO:root:_cost_function called at: 1.67188
INFO:root:_cost_function returning 1004.38; elapsed time: 0
INFO:root:_cost_function called at: 1.67188
INFO:root:_cost_function returning 1004.38; elapsed time: 0
INFO:root:_cost_function called at: 1.67188
INFO:root:_cost_function returning 1004.38; elapsed time: 0
INFO:root:_cost_function called at: 1.67188
INFO:root:_cost_function returning 1004.38; elapsed time: 0
INFO:root:_cost_function called at: 1.67188
INFO:root:_cost_function returning 1004.38; elapsed time: 0
INFO:root:_cost_function called at: 1.67188
INFO:root:_cost_function returning 1004.38; elapsed time: 0
INFO:root:_cost_function called at: 1.67188
INFO:root:_cost_function returning 1004.38; elapsed time: 0
INFO:root:_cost_function called at: 1.67188
INFO:root:_cost_function returning 1004.38; elapsed time: 0
INFO:root:_cost_function called at: 1.67188
INFO:root:_cost_function returning 1004.38; elapsed time: 0
INFO:root:_cost_function called at: 1.67188
INFO:root:_cost_function returning 1004.38; elapsed time: 0
INFO:root:_cost_function called at: 1.67188
INFO:root:_cost_function returning 1004.38; elapsed time: 0
INFO:root:_cost_function called at: 1.67188
INFO:root:_cost_function returning 1004.38; elapsed time: 0
INFO:root:_cost_function called at: 1.67188
INFO:root:_cost_function returning 1004.38; elapsed time: 0
INFO:root:_cost_function called at: 1.67188
INFO:root:_cost_function returning 1004.38; elapsed time: 0
INFO:root:_cost_function called at: 1.67188
INFO:root:_cost_function returning 1004.38; elapsed time: 0
INFO:root:_cost_function called at: 1.67188
INFO:root:_cost_function returning 1004.38; elapsed time: 0
INFO:root:_cost_function called at: 1.67188
INFO:root:_cost_function returning 1004.38; elapsed time: 0
INFO:root:_cost_function called at: 1.67188
INFO:root:_cost_function returning 1004.38; elapsed time: 0
INFO:root:_cost_function called at: 1.67188
INFO:root:_cost_function returning 1004.38; elapsed time: 0
INFO:root:_cost_function called at: 1.67188
INFO:root:_cost_function returning 1004.38; elapsed time: 0
INFO:root:_cost_function called at: 1.67188
INFO:root:_cost_function returning 1004.38; elapsed time: 0
INFO:root:_cost_function called at: 1.67188
INFO:root:_cost_function returning 1004.38; elapsed time: 0
INFO:root:_cost_function called at: 1.67188
INFO:root:_cost_function returning 1004.38; elapsed time: 0
INFO:root:_cost_function called at: 1.67188
INFO:root:_cost_function returning 1004.38; elapsed time: 0
INFO:root:_cost_function called at: 1.67188
INFO:root:_cost_function returning 1004.38; elapsed time: 0
INFO:root:_cost_function called at: 1.67188
INFO:root:_cost_function returning 1004.38; elapsed time: 0
INFO:root:_cost_function called at: 1.67188
INFO:root:_cost_function returning 1004.38; elapsed time: 0
INFO:root:_cost_function called at: 1.67188
INFO:root:_cost_function returning 1004.38; elapsed time: 0
INFO:root:_cost_function called at: 1.67188
INFO:root:_cost_function returning 1004.38; elapsed time: 0
INFO:root:_cost_function called at: 1.67188
INFO:root:_cost_function returning 1004.38; elapsed time: 0
INFO:root:_cost_function called at: 1.67188
INFO:root:_cost_function returning 1004.38; elapsed time: 0
INFO:root:_cost_function called at: 1.67188
INFO:root:_cost_function returning 1004.38; elapsed time: 0
INFO:root:_cost_function called at: 1.67188
INFO:root:_cost_function returning 1004.38; elapsed time: 0
INFO:root:_cost_function called at: 1.67188
INFO:root:_cost_function returning 1004.38; elapsed time: 0
INFO:root:_cost_function called at: 1.67188
INFO:root:_cost_function returning 1004.38; elapsed time: 0
INFO:root:_cost_function called at: 1.67188
INFO:root:_cost_function returning 1004.38; elapsed time: 0
INFO:root:_cost_function called at: 1.67188
INFO:root:_cost_function returning 1004.38; elapsed time: 0
INFO:root:_cost_function called at: 1.67188
INFO:root:_cost_function returning 1004.38; elapsed time: 0
INFO:root:_cost_function called at: 1.67188
INFO:root:_cost_function returning 1004.38; elapsed time: 0
INFO:root:_cost_function called at: 1.67188
INFO:root:_cost_function returning 1004.38; elapsed time: 0
INFO:root:_cost_function called at: 1.67188
INFO:root:_cost_function returning 1004.38; elapsed time: 0
INFO:root:_cost_function called at: 1.67188
INFO:root:_cost_function returning 1004.38; elapsed time: 0
INFO:root:_cost_function called at: 1.67188
INFO:root:_cost_function returning 1004.38; elapsed time: 0
INFO:root:_cost_function called at: 1.67188
INFO:root:_cost_function returning 1004.38; elapsed time: 0
INFO:root:_cost_function called at: 1.67188
INFO:root:_cost_function returning 1004.38; elapsed time: 0
INFO:root:_cost_function called at: 1.67188
INFO:root:_cost_function returning 1004.38; elapsed time: 0
INFO:root:_cost_function called at: 1.67188
INFO:root:_cost_function returning 1004.38; elapsed time: 0
INFO:root:_cost_function called at: 1.67188
INFO:root:_cost_function returning 1004.38; elapsed time: 0
INFO:root:_cost_function called at: 1.67188
INFO:root:_cost_function returning 1004.38; elapsed time: 0
INFO:root:_cost_function called at: 1.67188
INFO:root:_cost_function returning 1004.38; elapsed time: 0
INFO:root:_cost_function called at: 1.67188
INFO:root:_cost_function returning 1004.38; elapsed time: 0
INFO:root:_cost_function called at: 1.67188
INFO:root:_cost_function returning 1004.38; elapsed time: 0
INFO:root:_cost_function called at: 1.67188
INFO:root:_cost_function returning 1004.38; elapsed time: 0
INFO:root:_cost_function called at: 1.67188
INFO:root:_cost_function returning 1004.38; elapsed time: 0
INFO:root:_cost_function called at: 1.67188
INFO:root:_cost_function returning 1004.38; elapsed time: 0
INFO:root:_cost_function called at: 1.67188
INFO:root:_cost_function returning 1004.38; elapsed time: 0
INFO:root:_cost_function called at: 1.67188
INFO:root:_cost_function returning 1004.38; elapsed time: 0
INFO:root:_cost_function called at: 1.67188
INFO:root:_cost_function returning 1004.38; elapsed time: 0
INFO:root:_cost_function called at: 1.67188
INFO:root:_cost_function returning 1004.38; elapsed time: 0
INFO:root:_cost_function called at: 1.67188
INFO:root:_cost_function returning 1004.38; elapsed time: 0
INFO:root:_cost_function called at: 1.67188
INFO:root:_cost_function returning 1004.38; elapsed time: 0
INFO:root:_cost_function called at: 1.67188
INFO:root:_cost_function returning 1004.38; elapsed time: 0
INFO:root:_cost_function called at: 1.67188
INFO:root:_cost_function returning 1004.38; elapsed time: 0
INFO:root:_cost_function called at: 1.67188
INFO:root:_cost_function returning 1004.38; elapsed time: 0
INFO:root:_cost_function called at: 1.67188
INFO:root:_cost_function returning 1004.38; elapsed time: 0
INFO:root:_cost_function called at: 1.67188
INFO:root:_cost_function returning 1004.38; elapsed time: 0
INFO:root:_cost_function called at: 1.67188
INFO:root:_cost_function returning 1004.38; elapsed time: 0
INFO:root:_cost_function called at: 1.67188
INFO:root:_cost_function returning 1004.38; elapsed time: 0
INFO:root:_cost_function called at: 1.67188
INFO:root:_cost_function returning 1004.38; elapsed time: 0
INFO:root:_cost_function called at: 1.67188
INFO:root:_cost_function returning 1004.38; elapsed time: 0
INFO:root:_cost_function called at: 1.67188
INFO:root:_cost_function returning 1004.38; elapsed time: 0
INFO:root:_cost_function called at: 1.67188
INFO:root:_cost_function returning 1004.38; elapsed time: 0
INFO:root:_cost_function called at: 1.67188
INFO:root:_cost_function returning 1004.38; elapsed time: 0.015625
INFO:root:_cost_function called at: 1.6875
INFO:root:_cost_function returning 1004.38; elapsed time: 0
INFO:root:_cost_function called at: 1.6875
INFO:root:_cost_function returning 1004.38; elapsed time: 0
INFO:root:_cost_function called at: 1.6875
INFO:root:_cost_function returning 1004.38; elapsed time: 0
INFO:root:_cost_function called at: 1.6875
INFO:root:_cost_function returning 1004.38; elapsed time: 0
INFO:root:_cost_function called at: 1.6875
INFO:root:_cost_function returning 1004.38; elapsed time: 0
INFO:root:_cost_function called at: 1.6875
INFO:root:_cost_function returning 1004.38; elapsed time: 0
INFO:root:_cost_function called at: 1.6875
INFO:root:_cost_function returning 1004.38; elapsed time: 0
INFO:root:_cost_function called at: 1.6875
INFO:root:_cost_function returning 1004.38; elapsed time: 0
INFO:root:_cost_function called at: 1.6875
INFO:root:_cost_function returning 1004.38; elapsed time: 0
INFO:root:_cost_function called at: 1.6875
INFO:root:_cost_function returning 1004.38; elapsed time: 0
INFO:root:_cost_function called at: 1.6875
INFO:root:_cost_function returning 1004.38; elapsed time: 0
INFO:root:_cost_function called at: 1.6875
INFO:root:_cost_function returning 1004.38; elapsed time: 0
INFO:root:_cost_function called at: 1.6875
INFO:root:_cost_function returning 1004.38; elapsed time: 0
INFO:root:_cost_function called at: 1.6875
INFO:root:_cost_function returning 1004.38; elapsed time: 0
INFO:root:_cost_function called at: 1.6875
INFO:root:_cost_function returning 1003.75; elapsed time: 0
INFO:root:_cost_function called at: 1.6875
INFO:root:_cost_function returning 1003.75; elapsed time: 0
INFO:root:_cost_function called at: 1.6875
INFO:root:_cost_function returning 1003.75; elapsed time: 0
INFO:root:_cost_function called at: 1.6875
INFO:root:_cost_function returning 1003.75; elapsed time: 0
INFO:root:_cost_function called at: 1.6875
INFO:root:_cost_function returning 1003.75; elapsed time: 0
INFO:root:_cost_function called at: 1.6875
INFO:root:_cost_function returning 1003.75; elapsed time: 0
INFO:root:_cost_function called at: 1.6875
INFO:root:_cost_function returning 1003.75; elapsed time: 0
INFO:root:_cost_function called at: 1.6875
INFO:root:_cost_function returning 1003.75; elapsed time: 0
INFO:root:_cost_function called at: 1.6875
INFO:root:_cost_function returning 1003.75; elapsed time: 0
INFO:root:_cost_function called at: 1.6875
INFO:root:_cost_function returning 1003.75; elapsed time: 0
INFO:root:_cost_function called at: 1.6875
INFO:root:_cost_function returning 1003.75; elapsed time: 0
INFO:root:_cost_function called at: 1.6875
INFO:root:_cost_function returning 1003.75; elapsed time: 0
INFO:root:_cost_function called at: 1.6875
INFO:root:_cost_function returning 1003.75; elapsed time: 0
INFO:root:_cost_function called at: 1.6875
INFO:root:_cost_function returning 1003.75; elapsed time: 0
INFO:root:_cost_function called at: 1.6875
INFO:root:_cost_function returning 1003.75; elapsed time: 0
INFO:root:_cost_function called at: 1.6875
INFO:root:_cost_function returning 1003.75; elapsed time: 0
INFO:root:_cost_function called at: 1.6875
INFO:root:_cost_function returning 1003.75; elapsed time: 0
INFO:root:_cost_function called at: 1.6875
INFO:root:_cost_function returning 1003.75; elapsed time: 0
INFO:root:_cost_function called at: 1.6875
INFO:root:_cost_function returning 1003.75; elapsed time: 0
INFO:root:_cost_function called at: 1.6875
INFO:root:_cost_function returning 1003.75; elapsed time: 0
INFO:root:_cost_function called at: 1.6875
INFO:root:_cost_function returning 1003.75; elapsed time: 0
INFO:root:_cost_function called at: 1.6875
INFO:root:_cost_function returning 1003.75; elapsed time: 0
INFO:root:_cost_function called at: 1.6875
INFO:root:_cost_function returning 1003.75; elapsed time: 0.015625
INFO:root:_cost_function called at: 1.70312
INFO:root:_cost_function returning 1003.75; elapsed time: 0
INFO:root:_cost_function called at: 1.70312
INFO:root:_cost_function returning 1003.75; elapsed time: 0
INFO:root:_cost_function called at: 1.70312
INFO:root:_cost_function returning 1003.75; elapsed time: 0
INFO:root:_cost_function called at: 1.70312
INFO:root:_cost_function returning 1003.75; elapsed time: 0
INFO:root:_cost_function called at: 1.70312
INFO:root:_cost_function returning 1003.75; elapsed time: 0
INFO:root:_cost_function called at: 1.70312
INFO:root:_cost_function returning 1003.75; elapsed time: 0
INFO:root:_cost_function called at: 1.70312
INFO:root:_cost_function returning 1003.75; elapsed time: 0
INFO:root:_cost_function called at: 1.70312
INFO:root:_cost_function returning 1003.75; elapsed time: 0
INFO:root:_cost_function called at: 1.70312
INFO:root:_cost_function returning 1003.75; elapsed time: 0
INFO:root:_cost_function called at: 1.70312
INFO:root:_cost_function returning 1003.75; elapsed time: 0
INFO:root:_cost_function called at: 1.70312
INFO:root:_cost_function returning 1003.75; elapsed time: 0
INFO:root:_cost_function called at: 1.70312
INFO:root:_cost_function returning 1003.75; elapsed time: 0
INFO:root:_cost_function called at: 1.70312
INFO:root:_cost_function returning 1003.75; elapsed time: 0
INFO:root:_cost_function called at: 1.70312
INFO:root:_cost_function returning 1003.75; elapsed time: 0
INFO:root:_cost_function called at: 1.70312
INFO:root:_cost_function returning 1003.75; elapsed time: 0
INFO:root:_cost_function called at: 1.70312
INFO:root:_cost_function returning 1003.75; elapsed time: 0
INFO:root:_cost_function called at: 1.70312
INFO:root:_cost_function returning 1003.75; elapsed time: 0
INFO:root:_cost_function called at: 1.70312
INFO:root:_cost_function returning 1003.75; elapsed time: 0
INFO:root:_cost_function called at: 1.70312
INFO:root:_cost_function returning 1003.75; elapsed time: 0
INFO:root:_cost_function called at: 1.70312
INFO:root:_cost_function returning 1003.75; elapsed time: 0
INFO:root:_cost_function called at: 1.70312
INFO:root:_cost_function returning 1003.75; elapsed time: 0
INFO:root:_cost_function called at: 1.70312
INFO:root:_cost_function returning 1003.75; elapsed time: 0
INFO:root:_cost_function called at: 1.70312
INFO:root:_cost_function returning 1003.75; elapsed time: 0
INFO:root:_cost_function called at: 1.70312
INFO:root:_cost_function returning 1003.75; elapsed time: 0
INFO:root:_cost_function called at: 1.70312
INFO:root:_cost_function returning 1003.75; elapsed time: 0
INFO:root:_cost_function called at: 1.70312
INFO:root:_cost_function returning 1003.75; elapsed time: 0
INFO:root:_cost_function called at: 1.70312
INFO:root:_cost_function returning 1003.75; elapsed time: 0
INFO:root:_cost_function called at: 1.70312
INFO:root:_cost_function returning 1003.75; elapsed time: 0
INFO:root:_cost_function called at: 1.70312
INFO:root:_cost_function returning 1003.75; elapsed time: 0
INFO:root:_cost_function called at: 1.70312
INFO:root:_cost_function returning 1003.75; elapsed time: 0
INFO:root:_cost_function called at: 1.70312
INFO:root:_cost_function returning 1003.75; elapsed time: 0
INFO:root:_cost_function called at: 1.70312
INFO:root:_cost_function returning 1003.75; elapsed time: 0
INFO:root:_cost_function called at: 1.70312
INFO:root:_cost_function returning 1003.75; elapsed time: 0
INFO:root:_cost_function called at: 1.70312
INFO:root:_cost_function returning 1003.75; elapsed time: 0
INFO:root:_cost_function called at: 1.70312
INFO:root:_cost_function returning 1003.75; elapsed time: 0
INFO:root:_cost_function called at: 1.70312
INFO:root:_cost_function returning 1003.75; elapsed time: 0
INFO:root:_cost_function called at: 1.70312
INFO:root:_cost_function returning 1003.75; elapsed time: 0
INFO:root:_cost_function called at: 1.70312
INFO:root:_cost_function returning 1003.75; elapsed time: 0
INFO:root:_cost_function called at: 1.70312
INFO:root:_cost_function returning 1003.75; elapsed time: 0
INFO:root:_cost_function called at: 1.70312
INFO:root:_cost_function returning 1003.75; elapsed time: 0
INFO:root:_cost_function called at: 1.70312
INFO:root:_cost_function returning 1003.75; elapsed time: 0
INFO:root:_cost_function called at: 1.70312
INFO:root:_cost_function returning 1003.75; elapsed time: 0
INFO:root:_cost_function called at: 1.70312
INFO:root:_cost_function returning 1003.75; elapsed time: 0
INFO:root:_cost_function called at: 1.70312
INFO:root:_cost_function returning 1003.75; elapsed time: 0
INFO:root:_cost_function called at: 1.70312
INFO:root:_cost_function returning 1003.75; elapsed time: 0
INFO:root:_cost_function called at: 1.70312
INFO:root:_cost_function returning 1003.75; elapsed time: 0
INFO:root:_cost_function called at: 1.70312
INFO:root:_cost_function returning 1003.75; elapsed time: 0
INFO:root:_cost_function called at: 1.70312
INFO:root:_cost_function returning 1003.75; elapsed time: 0
INFO:root:_cost_function called at: 1.70312
INFO:root:_cost_function returning 1003.75; elapsed time: 0
INFO:root:_cost_function called at: 1.70312
INFO:root:_cost_function returning 1003.75; elapsed time: 0
INFO:root:_cost_function called at: 1.70312
INFO:root:_cost_function returning 1003.75; elapsed time: 0
INFO:root:_cost_function called at: 1.70312
INFO:root:_cost_function returning 1003.75; elapsed time: 0
INFO:root:_cost_function called at: 1.70312
INFO:root:_cost_function returning 1003.75; elapsed time: 0
INFO:root:_cost_function called at: 1.70312
INFO:root:_cost_function returning 1003.75; elapsed time: 0
INFO:root:_cost_function called at: 1.70312
INFO:root:_cost_function returning 1003.75; elapsed time: 0
INFO:root:_cost_function called at: 1.70312
INFO:root:_cost_function returning 1003.75; elapsed time: 0
INFO:root:_cost_function called at: 1.70312
INFO:root:_cost_function returning 1003.75; elapsed time: 0
INFO:root:_cost_function called at: 1.70312
INFO:root:_cost_function returning 1003.75; elapsed time: 0
INFO:root:_cost_function called at: 1.70312
INFO:root:_cost_function returning 1003.75; elapsed time: 0
INFO:root:_cost_function called at: 1.70312
INFO:root:_cost_function returning 1003.75; elapsed time: 0
INFO:root:_cost_function called at: 1.70312
INFO:root:_cost_function returning 1003.75; elapsed time: 0
INFO:root:_cost_function called at: 1.70312
INFO:root:_cost_function returning 1003.75; elapsed time: 0
INFO:root:_cost_function called at: 1.70312
INFO:root:_cost_function returning 1003.75; elapsed time: 0
INFO:root:_cost_function called at: 1.70312
INFO:root:_cost_function returning 1003.75; elapsed time: 0
INFO:root:_cost_function called at: 1.70312
INFO:root:_cost_function returning 1003.75; elapsed time: 0
INFO:root:_cost_function called at: 1.70312
INFO:root:_cost_function returning 1003.75; elapsed time: 0
INFO:root:_cost_function called at: 1.70312
INFO:root:_cost_function returning 1003.75; elapsed time: 0
INFO:root:_cost_function called at: 1.70312
INFO:root:_cost_function returning 1003.75; elapsed time: 0
INFO:root:_cost_function called at: 1.70312
INFO:root:_cost_function returning 1003.75; elapsed time: 0
INFO:root:_cost_function called at: 1.70312
INFO:root:_cost_function returning 1003.75; elapsed time: 0
INFO:root:_cost_function called at: 1.70312
INFO:root:_cost_function returning 1003.75; elapsed time: 0
INFO:root:_cost_function called at: 1.70312
INFO:root:_cost_function returning 1003.75; elapsed time: 0
INFO:root:_cost_function called at: 1.70312
INFO:root:_cost_function returning 1003.75; elapsed time: 0
INFO:root:_cost_function called at: 1.70312
INFO:root:_cost_function returning 1003.75; elapsed time: 0
INFO:root:_cost_function called at: 1.70312
INFO:root:_cost_function returning 1003.75; elapsed time: 0
INFO:root:_cost_function called at: 1.70312
INFO:root:_cost_function returning 1003.75; elapsed time: 0
INFO:root:_cost_function called at: 1.70312
INFO:root:_cost_function returning 1003.75; elapsed time: 0
INFO:root:_cost_function called at: 1.70312
INFO:root:_cost_function returning 1003.75; elapsed time: 0
INFO:root:_cost_function called at: 1.71875
INFO:root:_cost_function returning 1003.73; elapsed time: 0
INFO:root:_cost_function called at: 1.71875
INFO:root:_cost_function returning 1003.73; elapsed time: 0
INFO:root:_cost_function called at: 1.71875
INFO:root:_cost_function returning 1003.73; elapsed time: 0
INFO:root:_cost_function called at: 1.71875
INFO:root:_cost_function returning 1003.73; elapsed time: 0
INFO:root:_cost_function called at: 1.71875
INFO:root:_cost_function returning 1003.73; elapsed time: 0
INFO:root:_cost_function called at: 1.71875
INFO:root:_cost_function returning 1003.73; elapsed time: 0
INFO:root:_cost_function called at: 1.71875
INFO:root:_cost_function returning 1003.73; elapsed time: 0
INFO:root:_cost_function called at: 1.71875
INFO:root:_cost_function returning 1003.73; elapsed time: 0
INFO:root:_cost_function called at: 1.71875
INFO:root:_cost_function returning 1003.73; elapsed time: 0
INFO:root:_cost_function called at: 1.71875
INFO:root:_cost_function returning 1003.73; elapsed time: 0
INFO:root:_cost_function called at: 1.71875
INFO:root:_cost_function returning 1003.73; elapsed time: 0
INFO:root:_cost_function called at: 1.71875
INFO:root:_cost_function returning 1003.73; elapsed time: 0
INFO:root:_cost_function called at: 1.71875
INFO:root:_cost_function returning 1003.73; elapsed time: 0
INFO:root:_cost_function called at: 1.71875
INFO:root:_cost_function returning 1003.73; elapsed time: 0
INFO:root:_cost_function called at: 1.71875
INFO:root:_cost_function returning 1003.73; elapsed time: 0
INFO:root:_cost_function called at: 1.71875
INFO:root:_cost_function returning 1003.73; elapsed time: 0
INFO:root:_cost_function called at: 1.71875
INFO:root:_cost_function returning 1003.73; elapsed time: 0
INFO:root:_cost_function called at: 1.71875
INFO:root:_cost_function returning 1003.73; elapsed time: 0
INFO:root:_cost_function called at: 1.71875
INFO:root:_cost_function returning 1003.73; elapsed time: 0
INFO:root:_cost_function called at: 1.71875
INFO:root:_cost_function returning 1003.73; elapsed time: 0
INFO:root:_cost_function called at: 1.71875
INFO:root:_cost_function returning 1003.73; elapsed time: 0
INFO:root:_cost_function called at: 1.71875
INFO:root:_cost_function returning 1003.73; elapsed time: 0
INFO:root:_cost_function called at: 1.71875
INFO:root:_cost_function returning 1003.73; elapsed time: 0
INFO:root:_cost_function called at: 1.71875
INFO:root:_cost_function returning 1003.73; elapsed time: 0
INFO:root:_cost_function called at: 1.71875
INFO:root:_cost_function returning 1003.73; elapsed time: 0
INFO:root:_cost_function called at: 1.71875
INFO:root:_cost_function returning 1003.73; elapsed time: 0
INFO:root:_cost_function called at: 1.71875
INFO:root:_cost_function returning 1003.73; elapsed time: 0
INFO:root:_cost_function called at: 1.71875
INFO:root:_cost_function returning 1003.73; elapsed time: 0
INFO:root:_cost_function called at: 1.71875
INFO:root:_cost_function returning 1003.73; elapsed time: 0
INFO:root:_cost_function called at: 1.71875
INFO:root:_cost_function returning 1003.73; elapsed time: 0
INFO:root:_cost_function called at: 1.71875
INFO:root:_cost_function returning 1003.73; elapsed time: 0
INFO:root:_cost_function called at: 1.71875
INFO:root:_cost_function returning 1003.73; elapsed time: 0
INFO:root:_cost_function called at: 1.71875
INFO:root:_cost_function returning 1003.73; elapsed time: 0
INFO:root:_cost_function called at: 1.71875
INFO:root:_cost_function returning 1003.73; elapsed time: 0
INFO:root:_cost_function called at: 1.71875
INFO:root:_cost_function returning 1003.73; elapsed time: 0
INFO:root:_cost_function called at: 1.71875
INFO:root:_cost_function returning 1003.73; elapsed time: 0
INFO:root:_cost_function called at: 1.71875
INFO:root:_cost_function returning 1003.73; elapsed time: 0
INFO:root:_cost_function called at: 1.71875
INFO:root:_cost_function returning 1003.73; elapsed time: 0
INFO:root:_cost_function called at: 1.71875
INFO:root:_cost_function returning 1003.73; elapsed time: 0
INFO:root:_cost_function called at: 1.71875
INFO:root:_cost_function returning 1003.73; elapsed time: 0
INFO:root:_cost_function called at: 1.71875
INFO:root:_cost_function returning 1003.73; elapsed time: 0
INFO:root:_cost_function called at: 1.71875
INFO:root:_cost_function returning 1003.73; elapsed time: 0
INFO:root:_cost_function called at: 1.71875
INFO:root:_cost_function returning 1003.73; elapsed time: 0
INFO:root:_cost_function called at: 1.71875
INFO:root:_cost_function returning 1003.73; elapsed time: 0
INFO:root:_cost_function called at: 1.71875
INFO:root:_cost_function returning 1003.73; elapsed time: 0
INFO:root:_cost_function called at: 1.71875
INFO:root:_cost_function returning 1003.73; elapsed time: 0
INFO:root:_cost_function called at: 1.71875
INFO:root:_cost_function returning 1003.73; elapsed time: 0
INFO:root:_cost_function called at: 1.71875
INFO:root:_cost_function returning 1003.73; elapsed time: 0
INFO:root:_cost_function called at: 1.71875
INFO:root:_cost_function returning 1003.73; elapsed time: 0
INFO:root:_cost_function called at: 1.71875
INFO:root:_cost_function returning 1003.73; elapsed time: 0
INFO:root:_cost_function called at: 1.71875
INFO:root:_cost_function returning 1003.73; elapsed time: 0
INFO:root:_cost_function called at: 1.71875
INFO:root:_cost_function returning 1003.73; elapsed time: 0
INFO:root:_cost_function called at: 1.71875
INFO:root:_cost_function returning 1003.73; elapsed time: 0
INFO:root:_cost_function called at: 1.71875
INFO:root:_cost_function returning 1003.73; elapsed time: 0
INFO:root:_cost_function called at: 1.71875
INFO:root:_cost_function returning 1003.73; elapsed time: 0
INFO:root:_cost_function called at: 1.71875
INFO:root:_cost_function returning 1003.73; elapsed time: 0
INFO:root:_cost_function called at: 1.71875
INFO:root:_cost_function returning 1003.73; elapsed time: 0
INFO:root:_cost_function called at: 1.71875
INFO:root:_cost_function returning 1003.73; elapsed time: 0
INFO:root:_cost_function called at: 1.71875
INFO:root:_cost_function returning 1003.73; elapsed time: 0
INFO:root:_cost_function called at: 1.71875
INFO:root:_cost_function returning 1003.73; elapsed time: 0
INFO:root:_cost_function called at: 1.71875
INFO:root:_cost_function returning 1003.73; elapsed time: 0
INFO:root:_cost_function called at: 1.71875
INFO:root:_cost_function returning 1003.73; elapsed time: 0
INFO:root:_cost_function called at: 1.71875
INFO:root:_cost_function returning 1003.73; elapsed time: 0
INFO:root:_cost_function called at: 1.71875
INFO:root:_cost_function returning 1003.73; elapsed time: 0
INFO:root:_cost_function called at: 1.71875
INFO:root:_cost_function returning 1003.73; elapsed time: 0
INFO:root:_cost_function called at: 1.71875
INFO:root:_cost_function returning 1003.73; elapsed time: 0
INFO:root:_cost_function called at: 1.71875
INFO:root:_cost_function returning 1003.73; elapsed time: 0
INFO:root:_cost_function called at: 1.71875
INFO:root:_cost_function returning 1003.73; elapsed time: 0
INFO:root:_cost_function called at: 1.71875
INFO:root:_cost_function returning 1003.73; elapsed time: 0
INFO:root:_cost_function called at: 1.71875
INFO:root:_cost_function returning 1003.73; elapsed time: 0
INFO:root:_cost_function called at: 1.71875
INFO:root:_cost_function returning 1003.73; elapsed time: 0
INFO:root:_cost_function called at: 1.71875
INFO:root:_cost_function returning 1003.73; elapsed time: 0
INFO:root:_cost_function called at: 1.71875
INFO:root:_cost_function returning 1003.73; elapsed time: 0
INFO:root:_cost_function called at: 1.71875
INFO:root:_cost_function returning 1003.73; elapsed time: 0
INFO:root:_cost_function called at: 1.71875
INFO:root:_cost_function returning 1003.73; elapsed time: 0
INFO:root:_cost_function called at: 1.71875
INFO:root:_cost_function returning 1003.73; elapsed time: 0
INFO:root:_cost_function called at: 1.71875
INFO:root:_cost_function returning 1003.73; elapsed time: 0
INFO:root:_cost_function called at: 1.71875
INFO:root:_cost_function returning 1003.73; elapsed time: 0
INFO:root:_cost_function called at: 1.71875
INFO:root:_cost_function returning 1003.73; elapsed time: 0
INFO:root:_cost_function called at: 1.73438
INFO:root:_cost_function returning 1003.73; elapsed time: 0
INFO:root:_cost_function called at: 1.73438
INFO:root:_cost_function returning 1003.73; elapsed time: 0
INFO:root:_cost_function called at: 1.73438
INFO:root:_cost_function returning 1003.73; elapsed time: 0
INFO:root:_cost_function called at: 1.73438
INFO:root:_cost_function returning 1003.73; elapsed time: 0
INFO:root:_cost_function called at: 1.73438
INFO:root:_cost_function returning 1003.73; elapsed time: 0
INFO:root:_cost_function called at: 1.73438
INFO:root:_cost_function returning 1003.73; elapsed time: 0
INFO:root:_cost_function called at: 1.73438
INFO:root:_cost_function returning 1003.73; elapsed time: 0
INFO:root:_cost_function called at: 1.73438
INFO:root:_cost_function returning 1003.73; elapsed time: 0
INFO:root:_cost_function called at: 1.73438
INFO:root:_cost_function returning 1003.73; elapsed time: 0
INFO:root:_cost_function called at: 1.73438
INFO:root:_cost_function returning 1003.73; elapsed time: 0
INFO:root:_cost_function called at: 1.73438
INFO:root:_cost_function returning 1003.73; elapsed time: 0
INFO:root:_cost_function called at: 1.73438
INFO:root:_cost_function returning 1003.73; elapsed time: 0
INFO:root:_cost_function called at: 1.73438
INFO:root:_cost_function returning 1003.73; elapsed time: 0
INFO:root:_cost_function called at: 1.73438
INFO:root:_cost_function returning 1003.73; elapsed time: 0
INFO:root:_cost_function called at: 1.73438
INFO:root:_cost_function returning 1003.73; elapsed time: 0
INFO:root:_cost_function called at: 1.73438
INFO:root:_cost_function returning 1003.73; elapsed time: 0
INFO:root:_cost_function called at: 1.73438
INFO:root:_cost_function returning 1003.73; elapsed time: 0
INFO:root:_cost_function called at: 1.73438
INFO:root:_cost_function returning 1003.73; elapsed time: 0
INFO:root:_cost_function called at: 1.73438
INFO:root:_cost_function returning 1003.73; elapsed time: 0
INFO:root:_cost_function called at: 1.73438
INFO:root:_cost_function returning 1003.73; elapsed time: 0
INFO:root:_cost_function called at: 1.73438
INFO:root:_cost_function returning 1003.73; elapsed time: 0
INFO:root:_cost_function called at: 1.73438
INFO:root:_cost_function returning 1003.73; elapsed time: 0
INFO:root:_cost_function called at: 1.73438
INFO:root:_cost_function returning 1003.25; elapsed time: 0
INFO:root:_cost_function called at: 1.73438
INFO:root:_cost_function returning 1003.25; elapsed time: 0
INFO:root:_cost_function called at: 1.73438
INFO:root:_cost_function returning 1003.25; elapsed time: 0
INFO:root:_cost_function called at: 1.73438
INFO:root:_cost_function returning 1003.25; elapsed time: 0
INFO:root:_cost_function called at: 1.73438
INFO:root:_cost_function returning 1003.25; elapsed time: 0
INFO:root:_cost_function called at: 1.73438
INFO:root:_cost_function returning 1003.25; elapsed time: 0
INFO:root:_cost_function called at: 1.73438
INFO:root:_cost_function returning 1003.25; elapsed time: 0
INFO:root:_cost_function called at: 1.73438
INFO:root:_cost_function returning 1003.25; elapsed time: 0
INFO:root:_cost_function called at: 1.73438
INFO:root:_cost_function returning 1003.25; elapsed time: 0
INFO:root:_cost_function called at: 1.73438
INFO:root:_cost_function returning 1003.25; elapsed time: 0
INFO:root:_cost_function called at: 1.73438
INFO:root:_cost_function returning 1003.25; elapsed time: 0
INFO:root:_cost_function called at: 1.73438
INFO:root:_cost_function returning 1003.25; elapsed time: 0
INFO:root:_cost_function called at: 1.73438
INFO:root:_cost_function returning 1003.25; elapsed time: 0
INFO:root:_cost_function called at: 1.73438
INFO:root:_cost_function returning 1003.25; elapsed time: 0
INFO:root:_cost_function called at: 1.73438
INFO:root:_cost_function returning 1003.25; elapsed time: 0
INFO:root:_cost_function called at: 1.73438
INFO:root:_cost_function returning 1003.25; elapsed time: 0
INFO:root:_cost_function called at: 1.73438
INFO:root:_cost_function returning 1003.25; elapsed time: 0
INFO:root:_cost_function called at: 1.73438
INFO:root:_cost_function returning 1003.25; elapsed time: 0
INFO:root:_cost_function called at: 1.73438
INFO:root:_cost_function returning 1003.25; elapsed time: 0
INFO:root:_cost_function called at: 1.73438
INFO:root:_cost_function returning 1003.25; elapsed time: 0
INFO:root:_cost_function called at: 1.73438
INFO:root:_cost_function returning 1003.25; elapsed time: 0
INFO:root:_cost_function called at: 1.75
INFO:root:_cost_function returning 1003.25; elapsed time: 0
INFO:root:_cost_function called at: 1.75
INFO:root:_cost_function returning 1003.25; elapsed time: 0
INFO:root:_cost_function called at: 1.75
INFO:root:_cost_function returning 1003.25; elapsed time: 0
INFO:root:_cost_function called at: 1.75
INFO:root:_cost_function returning 1003.25; elapsed time: 0
INFO:root:_cost_function called at: 1.75
INFO:root:_cost_function returning 1003.25; elapsed time: 0
INFO:root:_cost_function called at: 1.75
INFO:root:_cost_function returning 1003.25; elapsed time: 0
INFO:root:_cost_function called at: 1.75
INFO:root:_cost_function returning 1003.25; elapsed time: 0
INFO:root:_cost_function called at: 1.75
INFO:root:_cost_function returning 1003.25; elapsed time: 0
INFO:root:_cost_function called at: 1.75
INFO:root:_cost_function returning 1003.25; elapsed time: 0
INFO:root:_cost_function called at: 1.75
INFO:root:_cost_function returning 1003.25; elapsed time: 0
INFO:root:_cost_function called at: 1.75
INFO:root:_cost_function returning 1003.25; elapsed time: 0
INFO:root:_cost_function called at: 1.75
INFO:root:_cost_function returning 1003.25; elapsed time: 0
INFO:root:_cost_function called at: 1.75
INFO:root:_cost_function returning 1003.25; elapsed time: 0
INFO:root:_cost_function called at: 1.75
INFO:root:_cost_function returning 1003.25; elapsed time: 0
INFO:root:_cost_function called at: 1.75
INFO:root:_cost_function returning 1003.25; elapsed time: 0
INFO:root:_cost_function called at: 1.75
INFO:root:_cost_function returning 1003.25; elapsed time: 0
INFO:root:_cost_function called at: 1.75
INFO:root:_cost_function returning 1003.25; elapsed time: 0
INFO:root:_cost_function called at: 1.75
INFO:root:_cost_function returning 1003.25; elapsed time: 0
INFO:root:_cost_function called at: 1.75
INFO:root:_cost_function returning 1003.25; elapsed time: 0
INFO:root:_cost_function called at: 1.75
INFO:root:_cost_function returning 1003.25; elapsed time: 0
INFO:root:_cost_function called at: 1.75
INFO:root:_cost_function returning 1003.25; elapsed time: 0
INFO:root:_cost_function called at: 1.75
INFO:root:_cost_function returning 1003.25; elapsed time: 0
INFO:root:_cost_function called at: 1.75
INFO:root:_cost_function returning 1003.25; elapsed time: 0
INFO:root:_cost_function called at: 1.75
INFO:root:_cost_function returning 1003.25; elapsed time: 0
INFO:root:_cost_function called at: 1.75
INFO:root:_cost_function returning 1003.25; elapsed time: 0
INFO:root:_cost_function called at: 1.75
INFO:root:_cost_function returning 1003.25; elapsed time: 0
INFO:root:_cost_function called at: 1.75
INFO:root:_cost_function returning 1003.25; elapsed time: 0
INFO:root:_cost_function called at: 1.75
INFO:root:_cost_function returning 1003.25; elapsed time: 0
INFO:root:_cost_function called at: 1.75
INFO:root:_cost_function returning 1003.25; elapsed time: 0
INFO:root:_cost_function called at: 1.75
INFO:root:_cost_function returning 1003.25; elapsed time: 0
INFO:root:_cost_function called at: 1.75
INFO:root:_cost_function returning 1003.25; elapsed time: 0
INFO:root:_cost_function called at: 1.75
INFO:root:_cost_function returning 1003.25; elapsed time: 0
INFO:root:_cost_function called at: 1.75
INFO:root:_cost_function returning 1003.25; elapsed time: 0
INFO:root:_cost_function called at: 1.75
INFO:root:_cost_function returning 1003.25; elapsed time: 0
INFO:root:_cost_function called at: 1.75
INFO:root:_cost_function returning 1003.25; elapsed time: 0
INFO:root:_cost_function called at: 1.75
INFO:root:_cost_function returning 1003.25; elapsed time: 0
INFO:root:_cost_function called at: 1.75
INFO:root:_cost_function returning 1003.25; elapsed time: 0
INFO:root:_cost_function called at: 1.75
INFO:root:_cost_function returning 1003.25; elapsed time: 0
INFO:root:_cost_function called at: 1.75
INFO:root:_cost_function returning 1003.25; elapsed time: 0
INFO:root:_cost_function called at: 1.75
INFO:root:_cost_function returning 1003.25; elapsed time: 0
INFO:root:_cost_function called at: 1.75
INFO:root:_cost_function returning 1003.25; elapsed time: 0
INFO:root:_cost_function called at: 1.75
INFO:root:_cost_function returning 1003.25; elapsed time: 0
INFO:root:_cost_function called at: 1.75
INFO:root:_cost_function returning 1003.25; elapsed time: 0
INFO:root:_cost_function called at: 1.75
INFO:root:_cost_function returning 1003.25; elapsed time: 0
INFO:root:_cost_function called at: 1.75
INFO:root:_cost_function returning 1003.25; elapsed time: 0
INFO:root:_cost_function called at: 1.75
INFO:root:_cost_function returning 1003.25; elapsed time: 0
INFO:root:_cost_function called at: 1.75
INFO:root:_cost_function returning 1003.25; elapsed time: 0
INFO:root:_cost_function called at: 1.75
INFO:root:_cost_function returning 1003.25; elapsed time: 0
INFO:root:_cost_function called at: 1.75
INFO:root:_cost_function returning 1003.25; elapsed time: 0
INFO:root:_cost_function called at: 1.75
INFO:root:_cost_function returning 1003.25; elapsed time: 0
INFO:root:_cost_function called at: 1.75
INFO:root:_cost_function returning 1003.25; elapsed time: 0
INFO:root:_cost_function called at: 1.75
INFO:root:_cost_function returning 1003.25; elapsed time: 0
INFO:root:_cost_function called at: 1.75
INFO:root:_cost_function returning 1003.25; elapsed time: 0
INFO:root:_cost_function called at: 1.75
INFO:root:_cost_function returning 1003.25; elapsed time: 0
INFO:root:_cost_function called at: 1.75
INFO:root:_cost_function returning 1003.25; elapsed time: 0
INFO:root:_cost_function called at: 1.75
INFO:root:_cost_function returning 1003.25; elapsed time: 0
INFO:root:_cost_function called at: 1.75
INFO:root:_cost_function returning 1003.25; elapsed time: 0
INFO:root:_cost_function called at: 1.75
INFO:root:_cost_function returning 1003.25; elapsed time: 0
INFO:root:_cost_function called at: 1.75
INFO:root:_cost_function returning 1003.25; elapsed time: 0
INFO:root:_cost_function called at: 1.75
INFO:root:_cost_function returning 1003.25; elapsed time: 0
INFO:root:_cost_function called at: 1.75
INFO:root:_cost_function returning 1003.25; elapsed time: 0
INFO:root:_cost_function called at: 1.75
INFO:root:_cost_function returning 1003.25; elapsed time: 0
INFO:root:_cost_function called at: 1.75
INFO:root:_cost_function returning 1003.25; elapsed time: 0
INFO:root:_cost_function called at: 1.75
INFO:root:_cost_function returning 1003.25; elapsed time: 0
INFO:root:_cost_function called at: 1.75
INFO:root:_cost_function returning 1003.25; elapsed time: 0
INFO:root:_cost_function called at: 1.75
INFO:root:_cost_function returning 1003.25; elapsed time: 0
INFO:root:_cost_function called at: 1.75
INFO:root:_cost_function returning 1003.25; elapsed time: 0
INFO:root:_cost_function called at: 1.75
INFO:root:_cost_function returning 1003.25; elapsed time: 0
INFO:root:_cost_function called at: 1.75
INFO:root:_cost_function returning 1003.25; elapsed time: 0
INFO:root:_cost_function called at: 1.75
INFO:root:_cost_function returning 1003.25; elapsed time: 0
INFO:root:_cost_function called at: 1.75
INFO:root:_cost_function returning 1003.25; elapsed time: 0
INFO:root:_cost_function called at: 1.75
INFO:root:_cost_function returning 1003.25; elapsed time: 0
INFO:root:_cost_function called at: 1.75
INFO:root:_cost_function returning 1003.25; elapsed time: 0
INFO:root:_cost_function called at: 1.75
INFO:root:_cost_function returning 1003.25; elapsed time: 0
INFO:root:_cost_function called at: 1.75
INFO:root:_cost_function returning 1003.25; elapsed time: 0
INFO:root:_cost_function called at: 1.75
INFO:root:_cost_function returning 1003.25; elapsed time: 0
INFO:root:_cost_function called at: 1.75
INFO:root:_cost_function returning 1003.25; elapsed time: 0
INFO:root:_cost_function called at: 1.75
INFO:root:_cost_function returning 1003.25; elapsed time: 0
INFO:root:_cost_function called at: 1.75
INFO:root:_cost_function returning 1003.25; elapsed time: 0
INFO:root:_cost_function called at: 1.75
INFO:root:_cost_function returning 1003.25; elapsed time: 0
INFO:root:_cost_function called at: 1.76562
INFO:root:_cost_function returning 1003.01; elapsed time: 0
INFO:root:_cost_function called at: 1.76562
INFO:root:_cost_function returning 1003.01; elapsed time: 0
INFO:root:_cost_function called at: 1.76562
INFO:root:_cost_function returning 1003.01; elapsed time: 0
INFO:root:_cost_function called at: 1.76562
INFO:root:_cost_function returning 1003.01; elapsed time: 0
INFO:root:_cost_function called at: 1.76562
INFO:root:_cost_function returning 1003.01; elapsed time: 0
INFO:root:_cost_function called at: 1.76562
INFO:root:_cost_function returning 1003.01; elapsed time: 0
INFO:root:_cost_function called at: 1.76562
INFO:root:_cost_function returning 1003.01; elapsed time: 0
INFO:root:_cost_function called at: 1.76562
INFO:root:_cost_function returning 1003.01; elapsed time: 0
INFO:root:_cost_function called at: 1.76562
INFO:root:_cost_function returning 1003.01; elapsed time: 0
INFO:root:_cost_function called at: 1.76562
INFO:root:_cost_function returning 1003.01; elapsed time: 0
INFO:root:_cost_function called at: 1.76562
INFO:root:_cost_function returning 1003.01; elapsed time: 0
INFO:root:_cost_function called at: 1.76562
INFO:root:_cost_function returning 1003.01; elapsed time: 0
INFO:root:_cost_function called at: 1.76562
INFO:root:_cost_function returning 1003.01; elapsed time: 0
INFO:root:_cost_function called at: 1.76562
INFO:root:_cost_function returning 1003.01; elapsed time: 0
INFO:root:_cost_function called at: 1.76562
INFO:root:_cost_function returning 1003.01; elapsed time: 0
INFO:root:_cost_function called at: 1.76562
INFO:root:_cost_function returning 1003.01; elapsed time: 0
INFO:root:_cost_function called at: 1.76562
INFO:root:_cost_function returning 1003.01; elapsed time: 0
INFO:root:_cost_function called at: 1.76562
INFO:root:_cost_function returning 1003.01; elapsed time: 0
INFO:root:_cost_function called at: 1.76562
INFO:root:_cost_function returning 1003.01; elapsed time: 0
INFO:root:_cost_function called at: 1.76562
INFO:root:_cost_function returning 1003.01; elapsed time: 0
INFO:root:_cost_function called at: 1.76562
INFO:root:_cost_function returning 1003.01; elapsed time: 0
INFO:root:_cost_function called at: 1.76562
INFO:root:_cost_function returning 1003.01; elapsed time: 0
INFO:root:_cost_function called at: 1.76562
INFO:root:_cost_function returning 1003.01; elapsed time: 0
INFO:root:_cost_function called at: 1.76562
INFO:root:_cost_function returning 1003.01; elapsed time: 0
INFO:root:_cost_function called at: 1.76562
INFO:root:_cost_function returning 1003.01; elapsed time: 0
INFO:root:_cost_function called at: 1.76562
INFO:root:_cost_function returning 1003.01; elapsed time: 0
INFO:root:_cost_function called at: 1.76562
INFO:root:_cost_function returning 1003.01; elapsed time: 0
INFO:root:_cost_function called at: 1.76562
INFO:root:_cost_function returning 1003.01; elapsed time: 0
INFO:root:_cost_function called at: 1.76562
INFO:root:_cost_function returning 1003.01; elapsed time: 0
INFO:root:_cost_function called at: 1.76562
INFO:root:_cost_function returning 1003.01; elapsed time: 0
INFO:root:_cost_function called at: 1.76562
INFO:root:_cost_function returning 1003.01; elapsed time: 0
INFO:root:_cost_function called at: 1.76562
INFO:root:_cost_function returning 1003.01; elapsed time: 0
INFO:root:_cost_function called at: 1.76562
INFO:root:_cost_function returning 1003.01; elapsed time: 0
INFO:root:_cost_function called at: 1.76562
INFO:root:_cost_function returning 1003.01; elapsed time: 0
INFO:root:_cost_function called at: 1.76562
INFO:root:_cost_function returning 1003.01; elapsed time: 0
INFO:root:_cost_function called at: 1.76562
INFO:root:_cost_function returning 1003.01; elapsed time: 0
INFO:root:_cost_function called at: 1.76562
INFO:root:_cost_function returning 1003.01; elapsed time: 0
INFO:root:_cost_function called at: 1.76562
INFO:root:_cost_function returning 1003.01; elapsed time: 0
INFO:root:_cost_function called at: 1.76562
INFO:root:_cost_function returning 1003.01; elapsed time: 0
INFO:root:_cost_function called at: 1.76562
INFO:root:_cost_function returning 1003.01; elapsed time: 0
INFO:root:_cost_function called at: 1.76562
INFO:root:_cost_function returning 1003.01; elapsed time: 0
INFO:root:_cost_function called at: 1.76562
INFO:root:_cost_function returning 1003.01; elapsed time: 0
INFO:root:_cost_function called at: 1.76562
INFO:root:_cost_function returning 1003.01; elapsed time: 0
INFO:root:_cost_function called at: 1.76562
INFO:root:_cost_function returning 1003.01; elapsed time: 0
INFO:root:_cost_function called at: 1.76562
INFO:root:_cost_function returning 1003.01; elapsed time: 0
INFO:root:_cost_function called at: 1.76562
INFO:root:_cost_function returning 1003.01; elapsed time: 0
INFO:root:_cost_function called at: 1.76562
INFO:root:_cost_function returning 1003.01; elapsed time: 0
INFO:root:_cost_function called at: 1.76562
INFO:root:_cost_function returning 1003.01; elapsed time: 0
INFO:root:_cost_function called at: 1.76562
INFO:root:_cost_function returning 1003.01; elapsed time: 0
INFO:root:_cost_function called at: 1.76562
INFO:root:_cost_function returning 1003.01; elapsed time: 0
INFO:root:_cost_function called at: 1.76562
INFO:root:_cost_function returning 1003.01; elapsed time: 0
INFO:root:_cost_function called at: 1.76562
INFO:root:_cost_function returning 1003.01; elapsed time: 0
INFO:root:_cost_function called at: 1.76562
INFO:root:_cost_function returning 1003.01; elapsed time: 0
INFO:root:_cost_function called at: 1.76562
INFO:root:_cost_function returning 1003.01; elapsed time: 0
INFO:root:_cost_function called at: 1.76562
INFO:root:_cost_function returning 1003.01; elapsed time: 0
INFO:root:_cost_function called at: 1.76562
INFO:root:_cost_function returning 1003.01; elapsed time: 0
INFO:root:_cost_function called at: 1.76562
INFO:root:_cost_function returning 1003.01; elapsed time: 0
INFO:root:_cost_function called at: 1.76562
INFO:root:_cost_function returning 1003.01; elapsed time: 0
INFO:root:_cost_function called at: 1.76562
INFO:root:_cost_function returning 1003.01; elapsed time: 0
INFO:root:_cost_function called at: 1.76562
INFO:root:_cost_function returning 1003.01; elapsed time: 0
INFO:root:_cost_function called at: 1.76562
INFO:root:_cost_function returning 1003.01; elapsed time: 0
INFO:root:_cost_function called at: 1.76562
INFO:root:_cost_function returning 1003.01; elapsed time: 0
INFO:root:_cost_function called at: 1.76562
INFO:root:_cost_function returning 1003.01; elapsed time: 0
INFO:root:_cost_function called at: 1.76562
INFO:root:_cost_function returning 1003.01; elapsed time: 0
INFO:root:_cost_function called at: 1.76562
INFO:root:_cost_function returning 1003.01; elapsed time: 0
INFO:root:_cost_function called at: 1.76562
INFO:root:_cost_function returning 1003.01; elapsed time: 0
INFO:root:_cost_function called at: 1.76562
INFO:root:_cost_function returning 1003.01; elapsed time: 0
INFO:root:_cost_function called at: 1.76562
INFO:root:_cost_function returning 1003.01; elapsed time: 0
INFO:root:_cost_function called at: 1.76562
INFO:root:_cost_function returning 1003.01; elapsed time: 0
INFO:root:_cost_function called at: 1.76562
INFO:root:_cost_function returning 1003.01; elapsed time: 0
INFO:root:_cost_function called at: 1.76562
INFO:root:_cost_function returning 1003.01; elapsed time: 0
INFO:root:_cost_function called at: 1.76562
INFO:root:_cost_function returning 1003.01; elapsed time: 0
INFO:root:_cost_function called at: 1.76562
INFO:root:_cost_function returning 1003.01; elapsed time: 0
INFO:root:_cost_function called at: 1.76562
INFO:root:_cost_function returning 1003.01; elapsed time: 0.015625
INFO:root:_cost_function called at: 1.78125
INFO:root:_cost_function returning 1003.01; elapsed time: 0
INFO:root:_cost_function called at: 1.78125
INFO:root:_cost_function returning 1003.01; elapsed time: 0
INFO:root:_cost_function called at: 1.78125
INFO:root:_cost_function returning 1003.01; elapsed time: 0
INFO:root:_cost_function called at: 1.78125
INFO:root:_cost_function returning 1003.01; elapsed time: 0
INFO:root:_cost_function called at: 1.78125
INFO:root:_cost_function returning 1003.01; elapsed time: 0
INFO:root:_cost_function called at: 1.78125
INFO:root:_cost_function returning 1003.01; elapsed time: 0
INFO:root:_cost_function called at: 1.78125
INFO:root:_cost_function returning 1003.01; elapsed time: 0
INFO:root:_cost_function called at: 1.78125
INFO:root:_cost_function returning 1003.01; elapsed time: 0
INFO:root:_cost_function called at: 1.78125
INFO:root:_cost_function returning 1003.01; elapsed time: 0
INFO:root:_cost_function called at: 1.78125
INFO:root:_cost_function returning 1003.01; elapsed time: 0
INFO:root:_cost_function called at: 1.78125
INFO:root:_cost_function returning 1003.01; elapsed time: 0
INFO:root:_cost_function called at: 1.78125
INFO:root:_cost_function returning 1003.01; elapsed time: 0
INFO:root:_cost_function called at: 1.78125
INFO:root:_cost_function returning 1003.01; elapsed time: 0
INFO:root:_cost_function called at: 1.78125
INFO:root:_cost_function returning 1003.01; elapsed time: 0
INFO:root:_cost_function called at: 1.78125
INFO:root:_cost_function returning 1003.01; elapsed time: 0
INFO:root:_cost_function called at: 1.78125
INFO:root:_cost_function returning 1003.01; elapsed time: 0
INFO:root:_cost_function called at: 1.78125
INFO:root:_cost_function returning 1003.01; elapsed time: 0
INFO:root:_cost_function called at: 1.78125
INFO:root:_cost_function returning 1003.01; elapsed time: 0
INFO:root:_cost_function called at: 1.78125
INFO:root:_cost_function returning 1003.01; elapsed time: 0
INFO:root:_cost_function called at: 1.78125
INFO:root:_cost_function returning 1003.01; elapsed time: 0
INFO:root:_cost_function called at: 1.78125
INFO:root:_cost_function returning 1003.01; elapsed time: 0
INFO:root:_cost_function called at: 1.78125
INFO:root:_cost_function returning 1003.01; elapsed time: 0
INFO:root:_cost_function called at: 1.78125
INFO:root:_cost_function returning 1003.01; elapsed time: 0
INFO:root:_cost_function called at: 1.78125
INFO:root:_cost_function returning 1003.01; elapsed time: 0
INFO:root:_cost_function called at: 1.78125
INFO:root:_cost_function returning 1003.01; elapsed time: 0
INFO:root:_cost_function called at: 1.78125
INFO:root:_cost_function returning 1003.01; elapsed time: 0
INFO:root:_cost_function called at: 1.78125
INFO:root:_cost_function returning 1003.01; elapsed time: 0
INFO:root:_cost_function called at: 1.78125
INFO:root:_cost_function returning 1002.82; elapsed time: 0
INFO:root:_cost_function called at: 1.78125
INFO:root:_cost_function returning 1002.82; elapsed time: 0
INFO:root:_cost_function called at: 1.78125
INFO:root:_cost_function returning 1002.82; elapsed time: 0
INFO:root:_cost_function called at: 1.78125
INFO:root:_cost_function returning 1002.82; elapsed time: 0
INFO:root:_cost_function called at: 1.78125
INFO:root:_cost_function returning 1002.82; elapsed time: 0
INFO:root:_cost_function called at: 1.78125
INFO:root:_cost_function returning 1002.82; elapsed time: 0
INFO:root:_cost_function called at: 1.78125
INFO:root:_cost_function returning 1002.82; elapsed time: 0
INFO:root:_cost_function called at: 1.78125
INFO:root:_cost_function returning 1002.82; elapsed time: 0
INFO:root:_cost_function called at: 1.78125
INFO:root:_cost_function returning 1002.82; elapsed time: 0
INFO:root:_cost_function called at: 1.78125
INFO:root:_cost_function returning 1002.82; elapsed time: 0
INFO:root:_cost_function called at: 1.78125
INFO:root:_cost_function returning 1002.82; elapsed time: 0
INFO:root:_cost_function called at: 1.78125
INFO:root:_cost_function returning 1002.82; elapsed time: 0
INFO:root:_cost_function called at: 1.78125
INFO:root:_cost_function returning 1002.82; elapsed time: 0
INFO:root:_cost_function called at: 1.78125
INFO:root:_cost_function returning 1002.82; elapsed time: 0
INFO:root:_cost_function called at: 1.78125
INFO:root:_cost_function returning 1002.82; elapsed time: 0
INFO:root:_cost_function called at: 1.78125
INFO:root:_cost_function returning 1002.82; elapsed time: 0
INFO:root:_cost_function called at: 1.78125
INFO:root:_cost_function returning 1002.82; elapsed time: 0
INFO:root:_cost_function called at: 1.78125
INFO:root:_cost_function returning 1002.82; elapsed time: 0
INFO:root:_cost_function called at: 1.78125
INFO:root:_cost_function returning 1002.82; elapsed time: 0
INFO:root:_cost_function called at: 1.78125
INFO:root:_cost_function returning 1002.82; elapsed time: 0
INFO:root:_cost_function called at: 1.78125
INFO:root:_cost_function returning 1002.82; elapsed time: 0
INFO:root:_cost_function called at: 1.78125
INFO:root:_cost_function returning 1002.82; elapsed time: 0
INFO:root:_cost_function called at: 1.78125
INFO:root:_cost_function returning 1002.82; elapsed time: 0.015625
INFO:root:_cost_function called at: 1.79688
INFO:root:_cost_function returning 1002.82; elapsed time: 0
INFO:root:_cost_function called at: 1.79688
INFO:root:_cost_function returning 1002.82; elapsed time: 0
INFO:root:_cost_function called at: 1.79688
INFO:root:_cost_function returning 1002.82; elapsed time: 0
INFO:root:_cost_function called at: 1.79688
INFO:root:_cost_function returning 1002.82; elapsed time: 0
INFO:root:_cost_function called at: 1.79688
INFO:root:_cost_function returning 1002.82; elapsed time: 0
INFO:root:_cost_function called at: 1.79688
INFO:root:_cost_function returning 1002.82; elapsed time: 0
INFO:root:_cost_function called at: 1.79688
INFO:root:_cost_function returning 1002.82; elapsed time: 0
INFO:root:_cost_function called at: 1.79688
INFO:root:_cost_function returning 1002.82; elapsed time: 0
INFO:root:_cost_function called at: 1.79688
INFO:root:_cost_function returning 1002.82; elapsed time: 0
INFO:root:_cost_function called at: 1.79688
INFO:root:_cost_function returning 1002.82; elapsed time: 0
INFO:root:_cost_function called at: 1.79688
INFO:root:_cost_function returning 1002.82; elapsed time: 0
INFO:root:_cost_function called at: 1.79688
INFO:root:_cost_function returning 1002.82; elapsed time: 0
INFO:root:_cost_function called at: 1.79688
INFO:root:_cost_function returning 1002.82; elapsed time: 0
INFO:root:_cost_function called at: 1.79688
INFO:root:_cost_function returning 1002.82; elapsed time: 0
INFO:root:_cost_function called at: 1.79688
INFO:root:_cost_function returning 1002.82; elapsed time: 0
INFO:root:_cost_function called at: 1.79688
INFO:root:_cost_function returning 1002.82; elapsed time: 0
INFO:root:_cost_function called at: 1.79688
INFO:root:_cost_function returning 1002.82; elapsed time: 0
INFO:root:_cost_function called at: 1.79688
INFO:root:_cost_function returning 1002.82; elapsed time: 0
INFO:root:_cost_function called at: 1.79688
INFO:root:_cost_function returning 1002.82; elapsed time: 0
INFO:root:_cost_function called at: 1.79688
INFO:root:_cost_function returning 1002.82; elapsed time: 0
INFO:root:_cost_function called at: 1.79688
INFO:root:_cost_function returning 1002.82; elapsed time: 0
INFO:root:_cost_function called at: 1.79688
INFO:root:_cost_function returning 1002.82; elapsed time: 0
INFO:root:_cost_function called at: 1.79688
INFO:root:_cost_function returning 1002.82; elapsed time: 0
INFO:root:_cost_function called at: 1.79688
INFO:root:_cost_function returning 1002.82; elapsed time: 0
INFO:root:_cost_function called at: 1.79688
INFO:root:_cost_function returning 1002.82; elapsed time: 0
INFO:root:_cost_function called at: 1.79688
INFO:root:_cost_function returning 1002.82; elapsed time: 0
INFO:root:_cost_function called at: 1.79688
INFO:root:_cost_function returning 1002.82; elapsed time: 0
INFO:root:_cost_function called at: 1.79688
INFO:root:_cost_function returning 1002.82; elapsed time: 0
INFO:root:_cost_function called at: 1.79688
INFO:root:_cost_function returning 1002.82; elapsed time: 0
INFO:root:_cost_function called at: 1.79688
INFO:root:_cost_function returning 1002.82; elapsed time: 0
INFO:root:_cost_function called at: 1.79688
INFO:root:_cost_function returning 1002.82; elapsed time: 0
INFO:root:_cost_function called at: 1.79688
INFO:root:_cost_function returning 1002.82; elapsed time: 0
INFO:root:_cost_function called at: 1.79688
INFO:root:_cost_function returning 1002.82; elapsed time: 0
INFO:root:_cost_function called at: 1.79688
INFO:root:_cost_function returning 1002.82; elapsed time: 0
INFO:root:_cost_function called at: 1.79688
INFO:root:_cost_function returning 1002.82; elapsed time: 0
INFO:root:_cost_function called at: 1.79688
INFO:root:_cost_function returning 1002.82; elapsed time: 0
INFO:root:_cost_function called at: 1.79688
INFO:root:_cost_function returning 1002.82; elapsed time: 0
INFO:root:_cost_function called at: 1.79688
INFO:root:_cost_function returning 1002.82; elapsed time: 0
INFO:root:_cost_function called at: 1.79688
INFO:root:_cost_function returning 1002.82; elapsed time: 0
INFO:root:_cost_function called at: 1.79688
INFO:root:_cost_function returning 1002.82; elapsed time: 0
INFO:root:_cost_function called at: 1.79688
INFO:root:_cost_function returning 1002.82; elapsed time: 0
INFO:root:_cost_function called at: 1.79688
INFO:root:_cost_function returning 1002.82; elapsed time: 0
INFO:root:_cost_function called at: 1.79688
INFO:root:_cost_function returning 1002.82; elapsed time: 0
INFO:root:_cost_function called at: 1.79688
INFO:root:_cost_function returning 1002.82; elapsed time: 0
INFO:root:_cost_function called at: 1.79688
INFO:root:_cost_function returning 1002.82; elapsed time: 0
INFO:root:_cost_function called at: 1.79688
INFO:root:_cost_function returning 1002.82; elapsed time: 0
INFO:root:_cost_function called at: 1.79688
INFO:root:_cost_function returning 1002.82; elapsed time: 0
INFO:root:_cost_function called at: 1.79688
INFO:root:_cost_function returning 1002.82; elapsed time: 0
INFO:root:_cost_function called at: 1.79688
INFO:root:_cost_function returning 1002.82; elapsed time: 0
INFO:root:_cost_function called at: 1.79688
INFO:root:_cost_function returning 1002.82; elapsed time: 0
INFO:root:_cost_function called at: 1.79688
INFO:root:_cost_function returning 1002.82; elapsed time: 0
INFO:root:_cost_function called at: 1.79688
INFO:root:_cost_function returning 1002.82; elapsed time: 0
INFO:root:_cost_function called at: 1.79688
INFO:root:_cost_function returning 1002.82; elapsed time: 0
INFO:root:_cost_function called at: 1.79688
INFO:root:_cost_function returning 1002.82; elapsed time: 0
INFO:root:_cost_function called at: 1.79688
INFO:root:_cost_function returning 1002.82; elapsed time: 0
INFO:root:_cost_function called at: 1.79688
INFO:root:_cost_function returning 1002.82; elapsed time: 0
INFO:root:_cost_function called at: 1.79688
INFO:root:_cost_function returning 1002.82; elapsed time: 0
INFO:root:_cost_function called at: 1.79688
INFO:root:_cost_function returning 1002.82; elapsed time: 0
INFO:root:_cost_function called at: 1.79688
INFO:root:_cost_function returning 1002.82; elapsed time: 0
INFO:root:_cost_function called at: 1.79688
INFO:root:_cost_function returning 1002.82; elapsed time: 0
INFO:root:_cost_function called at: 1.79688
INFO:root:_cost_function returning 1002.82; elapsed time: 0
INFO:root:_cost_function called at: 1.79688
INFO:root:_cost_function returning 1002.82; elapsed time: 0
INFO:root:_cost_function called at: 1.79688
INFO:root:_cost_function returning 1002.82; elapsed time: 0
INFO:root:_cost_function called at: 1.79688
INFO:root:_cost_function returning 1002.82; elapsed time: 0
INFO:root:_cost_function called at: 1.79688
INFO:root:_cost_function returning 1002.82; elapsed time: 0
INFO:root:_cost_function called at: 1.79688
INFO:root:_cost_function returning 1002.82; elapsed time: 0
INFO:root:_cost_function called at: 1.79688
INFO:root:_cost_function returning 1002.82; elapsed time: 0
INFO:root:_cost_function called at: 1.79688
INFO:root:_cost_function returning 1002.82; elapsed time: 0
INFO:root:_cost_function called at: 1.79688
INFO:root:_cost_function returning 1002.82; elapsed time: 0
INFO:root:_cost_function called at: 1.79688
INFO:root:_cost_function returning 1002.82; elapsed time: 0
INFO:root:_cost_function called at: 1.79688
INFO:root:_cost_function returning 1002.82; elapsed time: 0
INFO:root:_cost_function called at: 1.79688
INFO:root:_cost_function returning 1002.82; elapsed time: 0
INFO:root:_cost_function called at: 1.79688
INFO:root:_cost_function returning 1002.82; elapsed time: 0
INFO:root:_cost_function called at: 1.79688
INFO:root:_cost_function returning 1002.82; elapsed time: 0
INFO:root:_cost_function called at: 1.79688
INFO:root:_cost_function returning 1002.82; elapsed time: 0
INFO:root:_cost_function called at: 1.79688
INFO:root:_cost_function returning 1002.82; elapsed time: 0
INFO:root:_cost_function called at: 1.79688
INFO:root:_cost_function returning 1002.82; elapsed time: 0
INFO:root:_cost_function called at: 1.79688
INFO:root:_cost_function returning 1002.82; elapsed time: 0
INFO:root:_cost_function called at: 1.8125
INFO:root:_cost_function returning 1002.69; elapsed time: 0
INFO:root:_cost_function called at: 1.8125
INFO:root:_cost_function returning 1002.69; elapsed time: 0
INFO:root:_cost_function called at: 1.8125
INFO:root:_cost_function returning 1002.69; elapsed time: 0
INFO:root:_cost_function called at: 1.8125
INFO:root:_cost_function returning 1002.69; elapsed time: 0
INFO:root:_cost_function called at: 1.8125
INFO:root:_cost_function returning 1002.69; elapsed time: 0
INFO:root:_cost_function called at: 1.8125
INFO:root:_cost_function returning 1002.69; elapsed time: 0
INFO:root:_cost_function called at: 1.8125
INFO:root:_cost_function returning 1002.69; elapsed time: 0
INFO:root:_cost_function called at: 1.8125
INFO:root:_cost_function returning 1002.69; elapsed time: 0
INFO:root:_cost_function called at: 1.8125
INFO:root:_cost_function returning 1002.69; elapsed time: 0
INFO:root:_cost_function called at: 1.8125
INFO:root:_cost_function returning 1002.69; elapsed time: 0
INFO:root:_cost_function called at: 1.8125
INFO:root:_cost_function returning 1002.69; elapsed time: 0
INFO:root:_cost_function called at: 1.8125
INFO:root:_cost_function returning 1002.69; elapsed time: 0
INFO:root:_cost_function called at: 1.8125
INFO:root:_cost_function returning 1002.69; elapsed time: 0
INFO:root:_cost_function called at: 1.8125
INFO:root:_cost_function returning 1002.69; elapsed time: 0
INFO:root:_cost_function called at: 1.8125
INFO:root:_cost_function returning 1002.69; elapsed time: 0
INFO:root:_cost_function called at: 1.8125
INFO:root:_cost_function returning 1002.69; elapsed time: 0
INFO:root:_cost_function called at: 1.8125
INFO:root:_cost_function returning 1002.69; elapsed time: 0
INFO:root:_cost_function called at: 1.8125
INFO:root:_cost_function returning 1002.69; elapsed time: 0
INFO:root:_cost_function called at: 1.8125
INFO:root:_cost_function returning 1002.69; elapsed time: 0
INFO:root:_cost_function called at: 1.8125
INFO:root:_cost_function returning 1002.69; elapsed time: 0
INFO:root:_cost_function called at: 1.8125
INFO:root:_cost_function returning 1002.69; elapsed time: 0
INFO:root:_cost_function called at: 1.8125
INFO:root:_cost_function returning 1002.69; elapsed time: 0
INFO:root:_cost_function called at: 1.8125
INFO:root:_cost_function returning 1002.69; elapsed time: 0
INFO:root:_cost_function called at: 1.8125
INFO:root:_cost_function returning 1002.69; elapsed time: 0
INFO:root:_cost_function called at: 1.8125
INFO:root:_cost_function returning 1002.69; elapsed time: 0
INFO:root:_cost_function called at: 1.8125
INFO:root:_cost_function returning 1002.69; elapsed time: 0
INFO:root:_cost_function called at: 1.8125
INFO:root:_cost_function returning 1002.69; elapsed time: 0
INFO:root:_cost_function called at: 1.8125
INFO:root:_cost_function returning 1002.69; elapsed time: 0
INFO:root:_cost_function called at: 1.8125
INFO:root:_cost_function returning 1002.69; elapsed time: 0
INFO:root:_cost_function called at: 1.8125
INFO:root:_cost_function returning 1002.69; elapsed time: 0
INFO:root:_cost_function called at: 1.8125
INFO:root:_cost_function returning 1002.69; elapsed time: 0
INFO:root:_cost_function called at: 1.8125
INFO:root:_cost_function returning 1002.69; elapsed time: 0
INFO:root:_cost_function called at: 1.8125
INFO:root:_cost_function returning 1002.69; elapsed time: 0
INFO:root:_cost_function called at: 1.8125
INFO:root:_cost_function returning 1002.69; elapsed time: 0
INFO:root:_cost_function called at: 1.8125
INFO:root:_cost_function returning 1002.69; elapsed time: 0
INFO:root:_cost_function called at: 1.8125
INFO:root:_cost_function returning 1002.69; elapsed time: 0
INFO:root:_cost_function called at: 1.8125
INFO:root:_cost_function returning 1002.69; elapsed time: 0
INFO:root:_cost_function called at: 1.8125
INFO:root:_cost_function returning 1002.69; elapsed time: 0
INFO:root:_cost_function called at: 1.8125
INFO:root:_cost_function returning 1002.69; elapsed time: 0
INFO:root:_cost_function called at: 1.8125
INFO:root:_cost_function returning 1002.69; elapsed time: 0
INFO:root:_cost_function called at: 1.8125
INFO:root:_cost_function returning 1002.69; elapsed time: 0
INFO:root:_cost_function called at: 1.8125
INFO:root:_cost_function returning 1002.69; elapsed time: 0
INFO:root:_cost_function called at: 1.8125
INFO:root:_cost_function returning 1002.69; elapsed time: 0
INFO:root:_cost_function called at: 1.8125
INFO:root:_cost_function returning 1002.69; elapsed time: 0
INFO:root:_cost_function called at: 1.8125
INFO:root:_cost_function returning 1002.69; elapsed time: 0
INFO:root:_cost_function called at: 1.8125
INFO:root:_cost_function returning 1002.69; elapsed time: 0
INFO:root:_cost_function called at: 1.8125
INFO:root:_cost_function returning 1002.69; elapsed time: 0
INFO:root:_cost_function called at: 1.8125
INFO:root:_cost_function returning 1002.69; elapsed time: 0
INFO:root:_cost_function called at: 1.8125
INFO:root:_cost_function returning 1002.69; elapsed time: 0
INFO:root:_cost_function called at: 1.8125
INFO:root:_cost_function returning 1002.69; elapsed time: 0
INFO:root:_cost_function called at: 1.8125
INFO:root:_cost_function returning 1002.69; elapsed time: 0
INFO:root:_cost_function called at: 1.8125
INFO:root:_cost_function returning 1002.69; elapsed time: 0
INFO:root:_cost_function called at: 1.8125
INFO:root:_cost_function returning 1002.69; elapsed time: 0
INFO:root:_cost_function called at: 1.8125
INFO:root:_cost_function returning 1002.69; elapsed time: 0
INFO:root:_cost_function called at: 1.8125
INFO:root:_cost_function returning 1002.69; elapsed time: 0
INFO:root:_cost_function called at: 1.8125
INFO:root:_cost_function returning 1002.69; elapsed time: 0
INFO:root:_cost_function called at: 1.8125
INFO:root:_cost_function returning 1002.69; elapsed time: 0
INFO:root:_cost_function called at: 1.8125
INFO:root:_cost_function returning 1002.69; elapsed time: 0
INFO:root:_cost_function called at: 1.8125
INFO:root:_cost_function returning 1002.69; elapsed time: 0
INFO:root:_cost_function called at: 1.8125
INFO:root:_cost_function returning 1002.69; elapsed time: 0.015625
INFO:root:_cost_function called at: 1.82812
INFO:root:_cost_function returning 1002.69; elapsed time: 0
INFO:root:_cost_function called at: 1.82812
INFO:root:_cost_function returning 1002.69; elapsed time: 0
INFO:root:_cost_function called at: 1.82812
INFO:root:_cost_function returning 1002.69; elapsed time: 0
INFO:root:_cost_function called at: 1.82812
INFO:root:_cost_function returning 1002.69; elapsed time: 0
INFO:root:_cost_function called at: 1.82812
INFO:root:_cost_function returning 1002.69; elapsed time: 0
INFO:root:_cost_function called at: 1.82812
INFO:root:_cost_function returning 1002.69; elapsed time: 0
INFO:root:_cost_function called at: 1.82812
INFO:root:_cost_function returning 1002.69; elapsed time: 0
INFO:root:_cost_function called at: 1.82812
INFO:root:_cost_function returning 1002.69; elapsed time: 0
INFO:root:_cost_function called at: 1.82812
INFO:root:_cost_function returning 1002.69; elapsed time: 0
INFO:root:_cost_function called at: 1.82812
INFO:root:_cost_function returning 1002.69; elapsed time: 0
INFO:root:_cost_function called at: 1.82812
INFO:root:_cost_function returning 1002.69; elapsed time: 0
INFO:root:_cost_function called at: 1.82812
INFO:root:_cost_function returning 1002.69; elapsed time: 0
INFO:root:_cost_function called at: 1.82812
INFO:root:_cost_function returning 1002.69; elapsed time: 0
INFO:root:_cost_function called at: 1.82812
INFO:root:_cost_function returning 1002.69; elapsed time: 0
INFO:root:_cost_function called at: 1.82812
INFO:root:_cost_function returning 1002.69; elapsed time: 0
INFO:root:_cost_function called at: 1.82812
INFO:root:_cost_function returning 1002.69; elapsed time: 0
INFO:root:_cost_function called at: 1.82812
INFO:root:_cost_function returning 1002.69; elapsed time: 0
INFO:root:_cost_function called at: 1.82812
INFO:root:_cost_function returning 1002.69; elapsed time: 0
INFO:root:_cost_function called at: 1.82812
INFO:root:_cost_function returning 1002.69; elapsed time: 0
INFO:root:_cost_function called at: 1.82812
INFO:root:_cost_function returning 1002.69; elapsed time: 0
INFO:root:_cost_function called at: 1.82812
INFO:root:_cost_function returning 1002.69; elapsed time: 0
INFO:root:_cost_function called at: 1.82812
INFO:root:_cost_function returning 1002.69; elapsed time: 0
INFO:root:_cost_function called at: 1.82812
INFO:root:_cost_function returning 1002.69; elapsed time: 0
INFO:root:_cost_function called at: 1.82812
INFO:root:_cost_function returning 1002.69; elapsed time: 0
INFO:root:_cost_function called at: 1.82812
INFO:root:_cost_function returning 1002.69; elapsed time: 0
INFO:root:_cost_function called at: 1.82812
INFO:root:_cost_function returning 1002.69; elapsed time: 0
INFO:root:_cost_function called at: 1.82812
INFO:root:_cost_function returning 1002.69; elapsed time: 0
INFO:root:_cost_function called at: 1.82812
INFO:root:_cost_function returning 1002.69; elapsed time: 0
INFO:root:_cost_function called at: 1.82812
INFO:root:_cost_function returning 1002.69; elapsed time: 0
INFO:root:_cost_function called at: 1.82812
INFO:root:_cost_function returning 1002.69; elapsed time: 0
INFO:root:_cost_function called at: 1.82812
INFO:root:_cost_function returning 1002.69; elapsed time: 0
INFO:root:_cost_function called at: 1.82812
INFO:root:_cost_function returning 1002.69; elapsed time: 0
INFO:root:_cost_function called at: 1.82812
INFO:root:_cost_function returning 1002.69; elapsed time: 0
INFO:root:_cost_function called at: 1.82812
INFO:root:_cost_function returning 1002.69; elapsed time: 0
INFO:root:_cost_function called at: 1.82812
INFO:root:_cost_function returning 1002.69; elapsed time: 0
INFO:root:_cost_function called at: 1.82812
INFO:root:_cost_function returning 1002.69; elapsed time: 0
INFO:root:_cost_function called at: 1.82812
INFO:root:_cost_function returning 1002.69; elapsed time: 0
INFO:root:_cost_function called at: 1.82812
INFO:root:_cost_function returning 1002.69; elapsed time: 0
INFO:root:_cost_function called at: 1.82812
INFO:root:_cost_function returning 1002.69; elapsed time: 0
INFO:root:_cost_function called at: 1.82812
INFO:root:_cost_function returning 1002.69; elapsed time: 0
INFO:root:_cost_function called at: 1.82812
INFO:root:_cost_function returning 1002.69; elapsed time: 0
INFO:root:_cost_function called at: 1.84375
INFO:root:_cost_function returning 1002.6; elapsed time: 0
INFO:root:_cost_function called at: 1.84375
INFO:root:_cost_function returning 1002.6; elapsed time: 0
INFO:root:_cost_function called at: 1.84375
INFO:root:_cost_function returning 1002.6; elapsed time: 0
INFO:root:_cost_function called at: 1.84375
INFO:root:_cost_function returning 1002.6; elapsed time: 0
INFO:root:_cost_function called at: 1.84375
INFO:root:_cost_function returning 1002.6; elapsed time: 0
INFO:root:_cost_function called at: 1.84375
INFO:root:_cost_function returning 1002.6; elapsed time: 0
INFO:root:_cost_function called at: 1.84375
INFO:root:_cost_function returning 1002.6; elapsed time: 0
INFO:root:_cost_function called at: 1.84375
INFO:root:_cost_function returning 1002.6; elapsed time: 0
INFO:root:_cost_function called at: 1.84375
INFO:root:_cost_function returning 1002.6; elapsed time: 0
INFO:root:_cost_function called at: 1.84375
INFO:root:_cost_function returning 1002.6; elapsed time: 0
INFO:root:_cost_function called at: 1.84375
INFO:root:_cost_function returning 1002.6; elapsed time: 0
INFO:root:_cost_function called at: 1.84375
INFO:root:_cost_function returning 1002.6; elapsed time: 0
INFO:root:_cost_function called at: 1.84375
INFO:root:_cost_function returning 1002.6; elapsed time: 0
INFO:root:_cost_function called at: 1.84375
INFO:root:_cost_function returning 1002.6; elapsed time: 0
INFO:root:_cost_function called at: 1.84375
INFO:root:_cost_function returning 1002.6; elapsed time: 0
INFO:root:_cost_function called at: 1.84375
INFO:root:_cost_function returning 1002.6; elapsed time: 0
INFO:root:_cost_function called at: 1.84375
INFO:root:_cost_function returning 1002.6; elapsed time: 0
INFO:root:_cost_function called at: 1.84375
INFO:root:_cost_function returning 1002.6; elapsed time: 0
INFO:root:_cost_function called at: 1.84375
INFO:root:_cost_function returning 1002.6; elapsed time: 0
INFO:root:_cost_function called at: 1.84375
INFO:root:_cost_function returning 1002.6; elapsed time: 0
INFO:root:_cost_function called at: 1.84375
INFO:root:_cost_function returning 1002.6; elapsed time: 0
INFO:root:_cost_function called at: 1.84375
INFO:root:_cost_function returning 1002.6; elapsed time: 0
INFO:root:_cost_function called at: 1.84375
INFO:root:_cost_function returning 1002.6; elapsed time: 0
INFO:root:_cost_function called at: 1.84375
INFO:root:_cost_function returning 1002.6; elapsed time: 0
INFO:root:_cost_function called at: 1.84375
INFO:root:_cost_function returning 1002.6; elapsed time: 0
INFO:root:_cost_function called at: 1.84375
INFO:root:_cost_function returning 1002.6; elapsed time: 0
INFO:root:_cost_function called at: 1.84375
INFO:root:_cost_function returning 1002.6; elapsed time: 0
INFO:root:_cost_function called at: 1.84375
INFO:root:_cost_function returning 1002.6; elapsed time: 0
INFO:root:_cost_function called at: 1.84375
INFO:root:_cost_function returning 1002.6; elapsed time: 0
INFO:root:_cost_function called at: 1.84375
INFO:root:_cost_function returning 1002.6; elapsed time: 0
INFO:root:_cost_function called at: 1.84375
INFO:root:_cost_function returning 1002.6; elapsed time: 0
INFO:root:_cost_function called at: 1.84375
INFO:root:_cost_function returning 1002.6; elapsed time: 0
INFO:root:_cost_function called at: 1.84375
INFO:root:_cost_function returning 1002.6; elapsed time: 0
INFO:root:_cost_function called at: 1.84375
INFO:root:_cost_function returning 1002.6; elapsed time: 0
INFO:root:_cost_function called at: 1.84375
INFO:root:_cost_function returning 1002.6; elapsed time: 0
INFO:root:_cost_function called at: 1.84375
INFO:root:_cost_function returning 1002.6; elapsed time: 0
INFO:root:_cost_function called at: 1.84375
INFO:root:_cost_function returning 1002.6; elapsed time: 0
INFO:root:_cost_function called at: 1.84375
INFO:root:_cost_function returning 1002.6; elapsed time: 0
INFO:root:_cost_function called at: 1.84375
INFO:root:_cost_function returning 1002.6; elapsed time: 0
INFO:root:_cost_function called at: 1.84375
INFO:root:_cost_function returning 1002.6; elapsed time: 0
INFO:root:_cost_function called at: 1.84375
INFO:root:_cost_function returning 1002.6; elapsed time: 0
INFO:root:_cost_function called at: 1.84375
INFO:root:_cost_function returning 1002.6; elapsed time: 0
INFO:root:_cost_function called at: 1.84375
INFO:root:_cost_function returning 1002.6; elapsed time: 0
INFO:root:_cost_function called at: 1.84375
INFO:root:_cost_function returning 1002.6; elapsed time: 0
INFO:root:_cost_function called at: 1.84375
INFO:root:_cost_function returning 1002.6; elapsed time: 0
INFO:root:_cost_function called at: 1.84375
INFO:root:_cost_function returning 1002.6; elapsed time: 0
INFO:root:_cost_function called at: 1.84375
INFO:root:_cost_function returning 1002.6; elapsed time: 0
INFO:root:_cost_function called at: 1.84375
INFO:root:_cost_function returning 1002.6; elapsed time: 0
INFO:root:_cost_function called at: 1.84375
INFO:root:_cost_function returning 1002.6; elapsed time: 0
INFO:root:_cost_function called at: 1.84375
INFO:root:_cost_function returning 1002.6; elapsed time: 0
INFO:root:_cost_function called at: 1.84375
INFO:root:_cost_function returning 1002.6; elapsed time: 0
INFO:root:_cost_function called at: 1.84375
INFO:root:_cost_function returning 1002.6; elapsed time: 0
INFO:root:_cost_function called at: 1.84375
INFO:root:_cost_function returning 1002.6; elapsed time: 0
INFO:root:_cost_function called at: 1.84375
INFO:root:_cost_function returning 1002.6; elapsed time: 0
INFO:root:_cost_function called at: 1.84375
INFO:root:_cost_function returning 1002.6; elapsed time: 0
INFO:root:_cost_function called at: 1.84375
INFO:root:_cost_function returning 1002.6; elapsed time: 0
INFO:root:_cost_function called at: 1.84375
INFO:root:_cost_function returning 1002.6; elapsed time: 0
INFO:root:_cost_function called at: 1.84375
INFO:root:_cost_function returning 1002.6; elapsed time: 0
INFO:root:_cost_function called at: 1.84375
INFO:root:_cost_function returning 1002.6; elapsed time: 0
INFO:root:_cost_function called at: 1.84375
INFO:root:_cost_function returning 1002.6; elapsed time: 0
INFO:root:_cost_function called at: 1.84375
INFO:root:_cost_function returning 1002.6; elapsed time: 0
INFO:root:_cost_function called at: 1.84375
INFO:root:_cost_function returning 1002.6; elapsed time: 0
INFO:root:_cost_function called at: 1.84375
INFO:root:_cost_function returning 1002.6; elapsed time: 0
INFO:root:_cost_function called at: 1.84375
INFO:root:_cost_function returning 1002.6; elapsed time: 0
INFO:root:_cost_function called at: 1.84375
INFO:root:_cost_function returning 1002.6; elapsed time: 0
INFO:root:_cost_function called at: 1.84375
INFO:root:_cost_function returning 1002.6; elapsed time: 0
INFO:root:_cost_function called at: 1.84375
INFO:root:_cost_function returning 1002.6; elapsed time: 0
INFO:root:_cost_function called at: 1.84375
INFO:root:_cost_function returning 1002.6; elapsed time: 0
INFO:root:_cost_function called at: 1.84375
INFO:root:_cost_function returning 1002.6; elapsed time: 0
INFO:root:_cost_function called at: 1.84375
INFO:root:_cost_function returning 1002.6; elapsed time: 0
INFO:root:_cost_function called at: 1.84375
INFO:root:_cost_function returning 1002.6; elapsed time: 0
INFO:root:_cost_function called at: 1.84375
INFO:root:_cost_function returning 1002.6; elapsed time: 0
INFO:root:_cost_function called at: 1.84375
INFO:root:_cost_function returning 1002.6; elapsed time: 0
INFO:root:_cost_function called at: 1.84375
INFO:root:_cost_function returning 1002.6; elapsed time: 0
INFO:root:_cost_function called at: 1.84375
INFO:root:_cost_function returning 1002.6; elapsed time: 0
INFO:root:_cost_function called at: 1.84375
INFO:root:_cost_function returning 1002.6; elapsed time: 0
INFO:root:_cost_function called at: 1.84375
INFO:root:_cost_function returning 1002.6; elapsed time: 0
INFO:root:_cost_function called at: 1.84375
INFO:root:_cost_function returning 1002.6; elapsed time: 0
INFO:root:_cost_function called at: 1.84375
INFO:root:_cost_function returning 1002.6; elapsed time: 0
INFO:root:_cost_function called at: 1.84375
INFO:root:_cost_function returning 1002.6; elapsed time: 0
INFO:root:_cost_function called at: 1.84375
INFO:root:_cost_function returning 1002.6; elapsed time: 0
INFO:root:_cost_function called at: 1.84375
INFO:root:_cost_function returning 1002.6; elapsed time: 0
INFO:root:_cost_function called at: 1.84375
INFO:root:_cost_function returning 1002.6; elapsed time: 0
INFO:root:_cost_function called at: 1.84375
INFO:root:_cost_function returning 1002.6; elapsed time: 0
INFO:root:_cost_function called at: 1.84375
INFO:root:_cost_function returning 1002.6; elapsed time: 0
INFO:root:_cost_function called at: 1.84375
INFO:root:_cost_function returning 1002.6; elapsed time: 0
INFO:root:_cost_function called at: 1.84375
INFO:root:_cost_function returning 1002.6; elapsed time: 0
INFO:root:_cost_function called at: 1.84375
INFO:root:_cost_function returning 1002.6; elapsed time: 0
INFO:root:_cost_function called at: 1.84375
INFO:root:_cost_function returning 1002.6; elapsed time: 0
INFO:root:_cost_function called at: 1.84375
INFO:root:_cost_function returning 1002.6; elapsed time: 0
INFO:root:_cost_function called at: 1.84375
INFO:root:_cost_function returning 1002.6; elapsed time: 0
INFO:root:_cost_function called at: 1.84375
INFO:root:_cost_function returning 1002.6; elapsed time: 0
INFO:root:_cost_function called at: 1.84375
INFO:root:_cost_function returning 1002.6; elapsed time: 0
INFO:root:_cost_function called at: 1.84375
INFO:root:_cost_function returning 1002.6; elapsed time: 0
INFO:root:_cost_function called at: 1.84375
INFO:root:_cost_function returning 1002.6; elapsed time: 0
INFO:root:_cost_function called at: 1.84375
INFO:root:_cost_function returning 1002.6; elapsed time: 0
INFO:root:_cost_function called at: 1.84375
INFO:root:_cost_function returning 1002.6; elapsed time: 0
INFO:root:_cost_function called at: 1.84375
INFO:root:_cost_function returning 1002.6; elapsed time: 0
INFO:root:_cost_function called at: 1.84375
INFO:root:_cost_function returning 1002.6; elapsed time: 0
INFO:root:_cost_function called at: 1.84375
INFO:root:_cost_function returning 1002.6; elapsed time: 0
INFO:root:_cost_function called at: 1.84375
INFO:root:_cost_function returning 1002.6; elapsed time: 0
INFO:root:_cost_function called at: 1.85938
INFO:root:_cost_function returning 1002.5; elapsed time: 0
INFO:root:_cost_function called at: 1.85938
INFO:root:_cost_function returning 1002.5; elapsed time: 0
INFO:root:_cost_function called at: 1.85938
INFO:root:_cost_function returning 1002.5; elapsed time: 0
INFO:root:_cost_function called at: 1.85938
INFO:root:_cost_function returning 1002.5; elapsed time: 0
INFO:root:_cost_function called at: 1.85938
INFO:root:_cost_function returning 1002.5; elapsed time: 0
INFO:root:_cost_function called at: 1.85938
INFO:root:_cost_function returning 1002.5; elapsed time: 0
INFO:root:_cost_function called at: 1.85938
INFO:root:_cost_function returning 1002.5; elapsed time: 0
INFO:root:_cost_function called at: 1.85938
INFO:root:_cost_function returning 1002.5; elapsed time: 0
INFO:root:_cost_function called at: 1.85938
INFO:root:_cost_function returning 1002.5; elapsed time: 0
INFO:root:_cost_function called at: 1.85938
INFO:root:_cost_function returning 1002.5; elapsed time: 0
INFO:root:_cost_function called at: 1.85938
INFO:root:_cost_function returning 1002.5; elapsed time: 0
INFO:root:_cost_function called at: 1.85938
INFO:root:_cost_function returning 1002.5; elapsed time: 0
INFO:root:_cost_function called at: 1.85938
INFO:root:_cost_function returning 1002.5; elapsed time: 0
INFO:root:_cost_function called at: 1.85938
INFO:root:_cost_function returning 1002.5; elapsed time: 0
INFO:root:_cost_function called at: 1.85938
INFO:root:_cost_function returning 1002.5; elapsed time: 0
INFO:root:_cost_function called at: 1.85938
INFO:root:_cost_function returning 1002.5; elapsed time: 0
INFO:root:_cost_function called at: 1.85938
INFO:root:_cost_function returning 1002.5; elapsed time: 0
INFO:root:_cost_function called at: 1.85938
INFO:root:_cost_function returning 1002.5; elapsed time: 0
INFO:root:_cost_function called at: 1.85938
INFO:root:_cost_function returning 1002.5; elapsed time: 0
INFO:root:_cost_function called at: 1.85938
INFO:root:_cost_function returning 1002.5; elapsed time: 0
INFO:root:_cost_function called at: 1.85938
INFO:root:_cost_function returning 1002.5; elapsed time: 0
INFO:root:_cost_function called at: 1.85938
INFO:root:_cost_function returning 1002.5; elapsed time: 0
INFO:root:_cost_function called at: 1.85938
INFO:root:_cost_function returning 1002.5; elapsed time: 0
INFO:root:_cost_function called at: 1.85938
INFO:root:_cost_function returning 1002.5; elapsed time: 0
INFO:root:_cost_function called at: 1.85938
INFO:root:_cost_function returning 1002.5; elapsed time: 0
INFO:root:_cost_function called at: 1.85938
INFO:root:_cost_function returning 1002.5; elapsed time: 0
INFO:root:_cost_function called at: 1.85938
INFO:root:_cost_function returning 1002.5; elapsed time: 0
INFO:root:_cost_function called at: 1.85938
INFO:root:_cost_function returning 1002.5; elapsed time: 0
INFO:root:_cost_function called at: 1.85938
INFO:root:_cost_function returning 1002.5; elapsed time: 0
INFO:root:_cost_function called at: 1.85938
INFO:root:_cost_function returning 1002.5; elapsed time: 0
INFO:root:_cost_function called at: 1.85938
INFO:root:_cost_function returning 1002.5; elapsed time: 0
INFO:root:_cost_function called at: 1.85938
INFO:root:_cost_function returning 1002.5; elapsed time: 0
INFO:root:_cost_function called at: 1.85938
INFO:root:_cost_function returning 1002.5; elapsed time: 0
INFO:root:_cost_function called at: 1.85938
INFO:root:_cost_function returning 1002.5; elapsed time: 0
INFO:root:_cost_function called at: 1.85938
INFO:root:_cost_function returning 1002.5; elapsed time: 0
INFO:root:_cost_function called at: 1.85938
INFO:root:_cost_function returning 1002.5; elapsed time: 0
INFO:root:_cost_function called at: 1.85938
INFO:root:_cost_function returning 1002.5; elapsed time: 0
INFO:root:_cost_function called at: 1.85938
INFO:root:_cost_function returning 1002.5; elapsed time: 0
INFO:root:_cost_function called at: 1.85938
INFO:root:_cost_function returning 1002.5; elapsed time: 0
INFO:root:_cost_function called at: 1.85938
INFO:root:_cost_function returning 1002.5; elapsed time: 0
INFO:root:_cost_function called at: 1.85938
INFO:root:_cost_function returning 1002.5; elapsed time: 0
INFO:root:_cost_function called at: 1.85938
INFO:root:_cost_function returning 1002.5; elapsed time: 0
INFO:root:_cost_function called at: 1.85938
INFO:root:_cost_function returning 1002.5; elapsed time: 0
INFO:root:_cost_function called at: 1.85938
INFO:root:_cost_function returning 1002.5; elapsed time: 0
INFO:root:_cost_function called at: 1.85938
INFO:root:_cost_function returning 1002.5; elapsed time: 0
INFO:root:_cost_function called at: 1.85938
INFO:root:_cost_function returning 1002.5; elapsed time: 0
INFO:root:_cost_function called at: 1.85938
INFO:root:_cost_function returning 1002.5; elapsed time: 0
INFO:root:_cost_function called at: 1.85938
INFO:root:_cost_function returning 1002.5; elapsed time: 0
INFO:root:_cost_function called at: 1.85938
INFO:root:_cost_function returning 1002.5; elapsed time: 0.015625
INFO:root:_cost_function called at: 1.875
INFO:root:_cost_function returning 1002.5; elapsed time: 0
INFO:root:_cost_function called at: 1.875
INFO:root:_cost_function returning 1002.5; elapsed time: 0
INFO:root:_cost_function called at: 1.875
INFO:root:_cost_function returning 1002.5; elapsed time: 0
INFO:root:_cost_function called at: 1.875
INFO:root:_cost_function returning 1002.5; elapsed time: 0
INFO:root:_cost_function called at: 1.875
INFO:root:_cost_function returning 1002.5; elapsed time: 0
INFO:root:_cost_function called at: 1.875
INFO:root:_cost_function returning 1002.5; elapsed time: 0
INFO:root:_cost_function called at: 1.875
INFO:root:_cost_function returning 1002.5; elapsed time: 0
INFO:root:_cost_function called at: 1.875
INFO:root:_cost_function returning 1002.5; elapsed time: 0
INFO:root:_cost_function called at: 1.875
INFO:root:_cost_function returning 1002.5; elapsed time: 0
INFO:root:_cost_function called at: 1.875
INFO:root:_cost_function returning 1002.5; elapsed time: 0
INFO:root:_cost_function called at: 1.875
INFO:root:_cost_function returning 1002.5; elapsed time: 0
INFO:root:_cost_function called at: 1.875
INFO:root:_cost_function returning 1002.5; elapsed time: 0
INFO:root:_cost_function called at: 1.875
INFO:root:_cost_function returning 1002.5; elapsed time: 0
INFO:root:_cost_function called at: 1.875
INFO:root:_cost_function returning 1002.5; elapsed time: 0
INFO:root:_cost_function called at: 1.875
INFO:root:_cost_function returning 1002.5; elapsed time: 0
INFO:root:_cost_function called at: 1.875
INFO:root:_cost_function returning 1002.5; elapsed time: 0
INFO:root:_cost_function called at: 1.875
INFO:root:_cost_function returning 1002.5; elapsed time: 0
INFO:root:_cost_function called at: 1.875
INFO:root:_cost_function returning 1002.5; elapsed time: 0
INFO:root:_cost_function called at: 1.875
INFO:root:_cost_function returning 1002.5; elapsed time: 0
INFO:root:_cost_function called at: 1.875
INFO:root:_cost_function returning 1002.5; elapsed time: 0
INFO:root:_cost_function called at: 1.875
INFO:root:_cost_function returning 1002.5; elapsed time: 0
INFO:root:_cost_function called at: 1.875
INFO:root:_cost_function returning 1002.5; elapsed time: 0
INFO:root:_cost_function called at: 1.875
INFO:root:_cost_function returning 1002.5; elapsed time: 0
INFO:root:_cost_function called at: 1.875
INFO:root:_cost_function returning 1002.5; elapsed time: 0
INFO:root:_cost_function called at: 1.875
INFO:root:_cost_function returning 1002.5; elapsed time: 0
INFO:root:_cost_function called at: 1.875
INFO:root:_cost_function returning 1002.5; elapsed time: 0
INFO:root:_cost_function called at: 1.875
INFO:root:_cost_function returning 1002.5; elapsed time: 0
INFO:root:_cost_function called at: 1.875
INFO:root:_cost_function returning 1002.5; elapsed time: 0
INFO:root:_cost_function called at: 1.875
INFO:root:_cost_function returning 1002.5; elapsed time: 0
INFO:root:_cost_function called at: 1.875
INFO:root:_cost_function returning 1002.5; elapsed time: 0
INFO:root:_cost_function called at: 1.875
INFO:root:_cost_function returning 1002.5; elapsed time: 0
INFO:root:_cost_function called at: 1.875
INFO:root:_cost_function returning 1002.5; elapsed time: 0
INFO:root:_cost_function called at: 1.875
INFO:root:_cost_function returning 1002.5; elapsed time: 0
INFO:root:_cost_function called at: 1.875
INFO:root:_cost_function returning 1002.5; elapsed time: 0
INFO:root:_cost_function called at: 1.875
INFO:root:_cost_function returning 1002.5; elapsed time: 0
INFO:root:_cost_function called at: 1.875
INFO:root:_cost_function returning 1002.5; elapsed time: 0
INFO:root:_cost_function called at: 1.875
INFO:root:_cost_function returning 1002.5; elapsed time: 0
INFO:root:_cost_function called at: 1.875
INFO:root:_cost_function returning 1002.5; elapsed time: 0
INFO:root:_cost_function called at: 1.875
INFO:root:_cost_function returning 1002.5; elapsed time: 0
INFO:root:_cost_function called at: 1.875
INFO:root:_cost_function returning 1002.5; elapsed time: 0
INFO:root:_cost_function called at: 1.875
INFO:root:_cost_function returning 1002.5; elapsed time: 0
INFO:root:_cost_function called at: 1.875
INFO:root:_cost_function returning 1002.5; elapsed time: 0
INFO:root:_cost_function called at: 1.875
INFO:root:_cost_function returning 1002.5; elapsed time: 0
INFO:root:_cost_function called at: 1.875
INFO:root:_cost_function returning 1002.5; elapsed time: 0
INFO:root:_cost_function called at: 1.875
INFO:root:_cost_function returning 1002.5; elapsed time: 0
INFO:root:_cost_function called at: 1.875
INFO:root:_cost_function returning 1002.5; elapsed time: 0
INFO:root:_cost_function called at: 1.875
INFO:root:_cost_function returning 1002.5; elapsed time: 0
INFO:root:_cost_function called at: 1.875
INFO:root:_cost_function returning 1002.5; elapsed time: 0
INFO:root:_cost_function called at: 1.875
INFO:root:_cost_function returning 1002.5; elapsed time: 0
INFO:root:_cost_function called at: 1.875
INFO:root:_cost_function returning 1002.5; elapsed time: 0
INFO:root:_cost_function called at: 1.875
INFO:root:_cost_function returning 1002.5; elapsed time: 0
INFO:root:_cost_function called at: 1.875
INFO:root:_cost_function returning 1002.5; elapsed time: 0
INFO:root:_cost_function called at: 1.89062
INFO:root:_cost_function returning 1002.45; elapsed time: 0
INFO:root:_cost_function called at: 1.89062
INFO:root:_cost_function returning 1002.45; elapsed time: 0
INFO:root:_cost_function called at: 1.89062
INFO:root:_cost_function returning 1002.45; elapsed time: 0
INFO:root:_cost_function called at: 1.89062
INFO:root:_cost_function returning 1002.45; elapsed time: 0
INFO:root:_cost_function called at: 1.89062
INFO:root:_cost_function returning 1002.45; elapsed time: 0
INFO:root:_cost_function called at: 1.89062
INFO:root:_cost_function returning 1002.45; elapsed time: 0
INFO:root:_cost_function called at: 1.89062
INFO:root:_cost_function returning 1002.45; elapsed time: 0
INFO:root:_cost_function called at: 1.89062
INFO:root:_cost_function returning 1002.45; elapsed time: 0
INFO:root:_cost_function called at: 1.89062
INFO:root:_cost_function returning 1002.45; elapsed time: 0
INFO:root:_cost_function called at: 1.89062
INFO:root:_cost_function returning 1002.45; elapsed time: 0
INFO:root:_cost_function called at: 1.89062
INFO:root:_cost_function returning 1002.45; elapsed time: 0
INFO:root:_cost_function called at: 1.89062
INFO:root:_cost_function returning 1002.45; elapsed time: 0
INFO:root:_cost_function called at: 1.89062
INFO:root:_cost_function returning 1002.45; elapsed time: 0
INFO:root:_cost_function called at: 1.89062
INFO:root:_cost_function returning 1002.45; elapsed time: 0
INFO:root:_cost_function called at: 1.89062
INFO:root:_cost_function returning 1002.45; elapsed time: 0
INFO:root:_cost_function called at: 1.89062
INFO:root:_cost_function returning 1002.45; elapsed time: 0
INFO:root:_cost_function called at: 1.89062
INFO:root:_cost_function returning 1002.45; elapsed time: 0
INFO:root:_cost_function called at: 1.89062
INFO:root:_cost_function returning 1002.45; elapsed time: 0
INFO:root:_cost_function called at: 1.89062
INFO:root:_cost_function returning 1002.45; elapsed time: 0
INFO:root:_cost_function called at: 1.89062
INFO:root:_cost_function returning 1002.45; elapsed time: 0
INFO:root:_cost_function called at: 1.89062
INFO:root:_cost_function returning 1002.45; elapsed time: 0
INFO:root:_cost_function called at: 1.89062
INFO:root:_cost_function returning 1002.45; elapsed time: 0
INFO:root:_cost_function called at: 1.89062
INFO:root:_cost_function returning 1002.45; elapsed time: 0
INFO:root:_cost_function called at: 1.89062
INFO:root:_cost_function returning 1002.45; elapsed time: 0
INFO:root:_cost_function called at: 1.89062
INFO:root:_cost_function returning 1002.45; elapsed time: 0
INFO:root:_cost_function called at: 1.89062
INFO:root:_cost_function returning 1002.45; elapsed time: 0
INFO:root:_cost_function called at: 1.89062
INFO:root:_cost_function returning 1002.45; elapsed time: 0
INFO:root:_cost_function called at: 1.89062
INFO:root:_cost_function returning 1002.45; elapsed time: 0
INFO:root:_cost_function called at: 1.89062
INFO:root:_cost_function returning 1002.45; elapsed time: 0
INFO:root:_cost_function called at: 1.89062
INFO:root:_cost_function returning 1002.45; elapsed time: 0
INFO:root:_cost_function called at: 1.89062
INFO:root:_cost_function returning 1002.45; elapsed time: 0
INFO:root:_cost_function called at: 1.89062
INFO:root:_cost_function returning 1002.45; elapsed time: 0
INFO:root:_cost_function called at: 1.89062
INFO:root:_cost_function returning 1002.45; elapsed time: 0
INFO:root:_cost_function called at: 1.89062
INFO:root:_cost_function returning 1002.45; elapsed time: 0
INFO:root:_cost_function called at: 1.89062
INFO:root:_cost_function returning 1002.45; elapsed time: 0
INFO:root:_cost_function called at: 1.89062
INFO:root:_cost_function returning 1002.45; elapsed time: 0
INFO:root:_cost_function called at: 1.89062
INFO:root:_cost_function returning 1002.45; elapsed time: 0
INFO:root:_cost_function called at: 1.89062
INFO:root:_cost_function returning 1002.45; elapsed time: 0
INFO:root:_cost_function called at: 1.89062
INFO:root:_cost_function returning 1002.45; elapsed time: 0
INFO:root:_cost_function called at: 1.89062
INFO:root:_cost_function returning 1002.45; elapsed time: 0
INFO:root:_cost_function called at: 1.89062
INFO:root:_cost_function returning 1002.45; elapsed time: 0
INFO:root:_cost_function called at: 1.89062
INFO:root:_cost_function returning 1002.45; elapsed time: 0
INFO:root:_cost_function called at: 1.89062
INFO:root:_cost_function returning 1002.45; elapsed time: 0
INFO:root:_cost_function called at: 1.89062
INFO:root:_cost_function returning 1002.45; elapsed time: 0
INFO:root:_cost_function called at: 1.89062
INFO:root:_cost_function returning 1002.45; elapsed time: 0
INFO:root:_cost_function called at: 1.89062
INFO:root:_cost_function returning 1002.45; elapsed time: 0
INFO:root:_cost_function called at: 1.89062
INFO:root:_cost_function returning 1002.45; elapsed time: 0
INFO:root:_cost_function called at: 1.89062
INFO:root:_cost_function returning 1002.45; elapsed time: 0
INFO:root:_cost_function called at: 1.89062
INFO:root:_cost_function returning 1002.45; elapsed time: 0
INFO:root:_cost_function called at: 1.89062
INFO:root:_cost_function returning 1002.45; elapsed time: 0
INFO:root:_cost_function called at: 1.89062
INFO:root:_cost_function returning 1002.45; elapsed time: 0
INFO:root:_cost_function called at: 1.89062
INFO:root:_cost_function returning 1002.45; elapsed time: 0
INFO:root:_cost_function called at: 1.89062
INFO:root:_cost_function returning 1002.45; elapsed time: 0
INFO:root:_cost_function called at: 1.89062
INFO:root:_cost_function returning 1002.45; elapsed time: 0
INFO:root:_cost_function called at: 1.89062
INFO:root:_cost_function returning 1002.45; elapsed time: 0
INFO:root:_cost_function called at: 1.89062
INFO:root:_cost_function returning 1002.45; elapsed time: 0
INFO:root:_cost_function called at: 1.89062
INFO:root:_cost_function returning 1002.45; elapsed time: 0
INFO:root:_cost_function called at: 1.89062
INFO:root:_cost_function returning 1002.45; elapsed time: 0
INFO:root:_cost_function called at: 1.89062
INFO:root:_cost_function returning 1002.45; elapsed time: 0
INFO:root:_cost_function called at: 1.89062
INFO:root:_cost_function returning 1002.45; elapsed time: 0
INFO:root:_cost_function called at: 1.89062
INFO:root:_cost_function returning 1002.45; elapsed time: 0
INFO:root:_cost_function called at: 1.89062
INFO:root:_cost_function returning 1002.45; elapsed time: 0
INFO:root:_cost_function called at: 1.89062
INFO:root:_cost_function returning 1002.45; elapsed time: 0
INFO:root:_cost_function called at: 1.89062
INFO:root:_cost_function returning 1002.45; elapsed time: 0
INFO:root:_cost_function called at: 1.89062
INFO:root:_cost_function returning 1002.45; elapsed time: 0
INFO:root:_cost_function called at: 1.89062
INFO:root:_cost_function returning 1002.45; elapsed time: 0
INFO:root:_cost_function called at: 1.89062
INFO:root:_cost_function returning 1002.45; elapsed time: 0
INFO:root:_cost_function called at: 1.89062
INFO:root:_cost_function returning 1002.45; elapsed time: 0
INFO:root:_cost_function called at: 1.89062
INFO:root:_cost_function returning 1002.45; elapsed time: 0
INFO:root:_cost_function called at: 1.89062
INFO:root:_cost_function returning 1002.45; elapsed time: 0
INFO:root:_cost_function called at: 1.89062
INFO:root:_cost_function returning 1002.45; elapsed time: 0
INFO:root:_cost_function called at: 1.89062
INFO:root:_cost_function returning 1002.45; elapsed time: 0
INFO:root:_cost_function called at: 1.89062
INFO:root:_cost_function returning 1002.45; elapsed time: 0
INFO:root:_cost_function called at: 1.89062
INFO:root:_cost_function returning 1002.45; elapsed time: 0
INFO:root:_cost_function called at: 1.89062
INFO:root:_cost_function returning 1002.45; elapsed time: 0
INFO:root:_cost_function called at: 1.89062
INFO:root:_cost_function returning 1002.45; elapsed time: 0
INFO:root:_cost_function called at: 1.89062
INFO:root:_cost_function returning 1002.45; elapsed time: 0
INFO:root:_cost_function called at: 1.89062
INFO:root:_cost_function returning 1002.45; elapsed time: 0
INFO:root:_cost_function called at: 1.89062
INFO:root:_cost_function returning 1002.45; elapsed time: 0
INFO:root:_cost_function called at: 1.89062
INFO:root:_cost_function returning 1002.45; elapsed time: 0
INFO:root:_cost_function called at: 1.89062
INFO:root:_cost_function returning 1002.45; elapsed time: 0
INFO:root:_cost_function called at: 1.89062
INFO:root:_cost_function returning 1002.45; elapsed time: 0
INFO:root:_cost_function called at: 1.90625
INFO:root:_cost_function returning 1002.45; elapsed time: 0
INFO:root:_cost_function called at: 1.90625
INFO:root:_cost_function returning 1002.45; elapsed time: 0
INFO:root:_cost_function called at: 1.90625
INFO:root:_cost_function returning 1002.45; elapsed time: 0
INFO:root:_cost_function called at: 1.90625
INFO:root:_cost_function returning 1002.45; elapsed time: 0
INFO:root:_cost_function called at: 1.90625
INFO:root:_cost_function returning 1002.45; elapsed time: 0
INFO:root:_cost_function called at: 1.90625
INFO:root:_cost_function returning 1002.45; elapsed time: 0
INFO:root:_cost_function called at: 1.90625
INFO:root:_cost_function returning 1002.45; elapsed time: 0
INFO:root:_cost_function called at: 1.90625
INFO:root:_cost_function returning 1002.45; elapsed time: 0
INFO:root:_cost_function called at: 1.90625
INFO:root:_cost_function returning 1002.45; elapsed time: 0
INFO:root:_cost_function called at: 1.90625
INFO:root:_cost_function returning 1002.45; elapsed time: 0
INFO:root:_cost_function called at: 1.90625
INFO:root:_cost_function returning 1002.45; elapsed time: 0
INFO:root:_cost_function called at: 1.90625
INFO:root:_cost_function returning 1002.45; elapsed time: 0
INFO:root:_cost_function called at: 1.90625
INFO:root:_cost_function returning 1002.45; elapsed time: 0
INFO:root:_cost_function called at: 1.90625
INFO:root:_cost_function returning 1002.45; elapsed time: 0
INFO:root:_cost_function called at: 1.90625
INFO:root:_cost_function returning 1002.45; elapsed time: 0
INFO:root:_cost_function called at: 1.90625
INFO:root:_cost_function returning 1002.45; elapsed time: 0
INFO:root:_cost_function called at: 1.90625
INFO:root:_cost_function returning 1002.45; elapsed time: 0
INFO:root:_cost_function called at: 1.90625
INFO:root:_cost_function returning 1002.45; elapsed time: 0
INFO:root:_cost_function called at: 1.90625
INFO:root:_cost_function returning 1002.45; elapsed time: 0
INFO:root:_cost_function called at: 1.90625
INFO:root:_cost_function returning 1002.42; elapsed time: 0
INFO:root:_cost_function called at: 1.90625
INFO:root:_cost_function returning 1002.42; elapsed time: 0
INFO:root:_cost_function called at: 1.90625
INFO:root:_cost_function returning 1002.42; elapsed time: 0
INFO:root:_cost_function called at: 1.90625
INFO:root:_cost_function returning 1002.42; elapsed time: 0
INFO:root:_cost_function called at: 1.90625
INFO:root:_cost_function returning 1002.42; elapsed time: 0
INFO:root:_cost_function called at: 1.90625
INFO:root:_cost_function returning 1002.42; elapsed time: 0
INFO:root:_cost_function called at: 1.90625
INFO:root:_cost_function returning 1002.42; elapsed time: 0
INFO:root:_cost_function called at: 1.90625
INFO:root:_cost_function returning 1002.42; elapsed time: 0
INFO:root:_cost_function called at: 1.90625
INFO:root:_cost_function returning 1002.42; elapsed time: 0
INFO:root:_cost_function called at: 1.90625
INFO:root:_cost_function returning 1002.42; elapsed time: 0
INFO:root:_cost_function called at: 1.90625
INFO:root:_cost_function returning 1002.42; elapsed time: 0
INFO:root:_cost_function called at: 1.90625
INFO:root:_cost_function returning 1002.42; elapsed time: 0
INFO:root:_cost_function called at: 1.90625
INFO:root:_cost_function returning 1002.42; elapsed time: 0
INFO:root:_cost_function called at: 1.90625
INFO:root:_cost_function returning 1002.42; elapsed time: 0
INFO:root:_cost_function called at: 1.90625
INFO:root:_cost_function returning 1002.42; elapsed time: 0
INFO:root:_cost_function called at: 1.90625
INFO:root:_cost_function returning 1002.42; elapsed time: 0
INFO:root:_cost_function called at: 1.90625
INFO:root:_cost_function returning 1002.42; elapsed time: 0
INFO:root:_cost_function called at: 1.90625
INFO:root:_cost_function returning 1002.42; elapsed time: 0
INFO:root:_cost_function called at: 1.90625
INFO:root:_cost_function returning 1002.42; elapsed time: 0
INFO:root:_cost_function called at: 1.90625
INFO:root:_cost_function returning 1002.42; elapsed time: 0
INFO:root:_cost_function called at: 1.90625
INFO:root:_cost_function returning 1002.42; elapsed time: 0
INFO:root:_cost_function called at: 1.90625
INFO:root:_cost_function returning 1002.42; elapsed time: 0
INFO:root:_cost_function called at: 1.90625
INFO:root:_cost_function returning 1002.42; elapsed time: 0
INFO:root:_cost_function called at: 1.90625
INFO:root:_cost_function returning 1002.42; elapsed time: 0
INFO:root:_cost_function called at: 1.90625
INFO:root:_cost_function returning 1002.42; elapsed time: 0.015625
INFO:root:_cost_function called at: 1.92188
INFO:root:_cost_function returning 1002.42; elapsed time: 0
INFO:root:_cost_function called at: 1.92188
INFO:root:_cost_function returning 1002.42; elapsed time: 0
INFO:root:_cost_function called at: 1.92188
INFO:root:_cost_function returning 1002.42; elapsed time: 0
INFO:root:_cost_function called at: 1.92188
INFO:root:_cost_function returning 1002.42; elapsed time: 0
INFO:root:_cost_function called at: 1.92188
INFO:root:_cost_function returning 1002.42; elapsed time: 0
INFO:root:_cost_function called at: 1.92188
INFO:root:_cost_function returning 1002.42; elapsed time: 0
INFO:root:_cost_function called at: 1.92188
INFO:root:_cost_function returning 1002.42; elapsed time: 0
INFO:root:_cost_function called at: 1.92188
INFO:root:_cost_function returning 1002.42; elapsed time: 0
INFO:root:_cost_function called at: 1.92188
INFO:root:_cost_function returning 1002.42; elapsed time: 0
INFO:root:_cost_function called at: 1.92188
INFO:root:_cost_function returning 1002.42; elapsed time: 0
INFO:root:_cost_function called at: 1.92188
INFO:root:_cost_function returning 1002.42; elapsed time: 0
INFO:root:_cost_function called at: 1.92188
INFO:root:_cost_function returning 1002.42; elapsed time: 0
INFO:root:_cost_function called at: 1.92188
INFO:root:_cost_function returning 1002.42; elapsed time: 0
INFO:root:_cost_function called at: 1.92188
INFO:root:_cost_function returning 1002.42; elapsed time: 0
INFO:root:_cost_function called at: 1.92188
INFO:root:_cost_function returning 1002.42; elapsed time: 0
INFO:root:_cost_function called at: 1.92188
INFO:root:_cost_function returning 1002.42; elapsed time: 0
INFO:root:_cost_function called at: 1.92188
INFO:root:_cost_function returning 1002.42; elapsed time: 0
INFO:root:_cost_function called at: 1.92188
INFO:root:_cost_function returning 1002.42; elapsed time: 0
INFO:root:_cost_function called at: 1.92188
INFO:root:_cost_function returning 1002.42; elapsed time: 0
INFO:root:_cost_function called at: 1.92188
INFO:root:_cost_function returning 1002.42; elapsed time: 0
INFO:root:_cost_function called at: 1.92188
INFO:root:_cost_function returning 1002.42; elapsed time: 0
INFO:root:_cost_function called at: 1.92188
INFO:root:_cost_function returning 1002.42; elapsed time: 0
INFO:root:_cost_function called at: 1.92188
INFO:root:_cost_function returning 1002.42; elapsed time: 0
INFO:root:_cost_function called at: 1.92188
INFO:root:_cost_function returning 1002.42; elapsed time: 0
INFO:root:_cost_function called at: 1.92188
INFO:root:_cost_function returning 1002.42; elapsed time: 0
INFO:root:_cost_function called at: 1.92188
INFO:root:_cost_function returning 1002.42; elapsed time: 0
INFO:root:_cost_function called at: 1.92188
INFO:root:_cost_function returning 1002.42; elapsed time: 0
INFO:root:_cost_function called at: 1.92188
INFO:root:_cost_function returning 1002.42; elapsed time: 0
INFO:root:_cost_function called at: 1.92188
INFO:root:_cost_function returning 1002.42; elapsed time: 0
INFO:root:_cost_function called at: 1.92188
INFO:root:_cost_function returning 1002.42; elapsed time: 0
INFO:root:_cost_function called at: 1.92188
INFO:root:_cost_function returning 1002.42; elapsed time: 0
INFO:root:_cost_function called at: 1.92188
INFO:root:_cost_function returning 1002.42; elapsed time: 0
INFO:root:_cost_function called at: 1.92188
INFO:root:_cost_function returning 1002.42; elapsed time: 0
INFO:root:_cost_function called at: 1.92188
INFO:root:_cost_function returning 1002.42; elapsed time: 0
INFO:root:_cost_function called at: 1.92188
INFO:root:_cost_function returning 1002.42; elapsed time: 0
INFO:root:_cost_function called at: 1.92188
INFO:root:_cost_function returning 1002.42; elapsed time: 0
INFO:root:_cost_function called at: 1.92188
INFO:root:_cost_function returning 1002.42; elapsed time: 0
INFO:root:_cost_function called at: 1.92188
INFO:root:_cost_function returning 1002.42; elapsed time: 0
INFO:root:_cost_function called at: 1.92188
INFO:root:_cost_function returning 1002.42; elapsed time: 0
INFO:root:_cost_function called at: 1.92188
INFO:root:_cost_function returning 1002.42; elapsed time: 0
INFO:root:_cost_function called at: 1.92188
INFO:root:_cost_function returning 1002.42; elapsed time: 0
INFO:root:_cost_function called at: 1.92188
INFO:root:_cost_function returning 1002.42; elapsed time: 0
INFO:root:_cost_function called at: 1.92188
INFO:root:_cost_function returning 1002.42; elapsed time: 0
INFO:root:_cost_function called at: 1.92188
INFO:root:_cost_function returning 1002.42; elapsed time: 0
INFO:root:_cost_function called at: 1.92188
INFO:root:_cost_function returning 1002.42; elapsed time: 0
INFO:root:_cost_function called at: 1.92188
INFO:root:_cost_function returning 1002.42; elapsed time: 0
INFO:root:_cost_function called at: 1.92188
INFO:root:_cost_function returning 1002.42; elapsed time: 0
INFO:root:_cost_function called at: 1.92188
INFO:root:_cost_function returning 1002.42; elapsed time: 0
INFO:root:_cost_function called at: 1.92188
INFO:root:_cost_function returning 1002.42; elapsed time: 0
INFO:root:_cost_function called at: 1.92188
INFO:root:_cost_function returning 1002.42; elapsed time: 0
INFO:root:_cost_function called at: 1.92188
INFO:root:_cost_function returning 1002.42; elapsed time: 0
INFO:root:_cost_function called at: 1.92188
INFO:root:_cost_function returning 1002.42; elapsed time: 0
INFO:root:_cost_function called at: 1.92188
INFO:root:_cost_function returning 1002.42; elapsed time: 0
INFO:root:_cost_function called at: 1.92188
INFO:root:_cost_function returning 1002.42; elapsed time: 0
INFO:root:_cost_function called at: 1.92188
INFO:root:_cost_function returning 1002.42; elapsed time: 0
INFO:root:_cost_function called at: 1.92188
INFO:root:_cost_function returning 1002.42; elapsed time: 0
INFO:root:_cost_function called at: 1.92188
INFO:root:_cost_function returning 1002.42; elapsed time: 0
INFO:root:_cost_function called at: 1.92188
INFO:root:_cost_function returning 1002.42; elapsed time: 0
INFO:root:_cost_function called at: 1.92188
INFO:root:_cost_function returning 1002.42; elapsed time: 0
INFO:root:_cost_function called at: 1.92188
INFO:root:_cost_function returning 1002.42; elapsed time: 0
INFO:root:_cost_function called at: 1.92188
INFO:root:_cost_function returning 1002.42; elapsed time: 0
INFO:root:_cost_function called at: 1.92188
INFO:root:_cost_function returning 1002.42; elapsed time: 0
INFO:root:_cost_function called at: 1.92188
INFO:root:_cost_function returning 1002.42; elapsed time: 0
INFO:root:_cost_function called at: 1.92188
INFO:root:_cost_function returning 1002.42; elapsed time: 0
INFO:root:_cost_function called at: 1.92188
INFO:root:_cost_function returning 1002.42; elapsed time: 0
INFO:root:_cost_function called at: 1.92188
INFO:root:_cost_function returning 1002.42; elapsed time: 0
INFO:root:_cost_function called at: 1.92188
INFO:root:_cost_function returning 1002.42; elapsed time: 0
INFO:root:_cost_function called at: 1.92188
INFO:root:_cost_function returning 1002.42; elapsed time: 0
INFO:root:_cost_function called at: 1.92188
INFO:root:_cost_function returning 1002.42; elapsed time: 0
INFO:root:_cost_function called at: 1.92188
INFO:root:_cost_function returning 1002.42; elapsed time: 0
INFO:root:_cost_function called at: 1.92188
INFO:root:_cost_function returning 1002.42; elapsed time: 0
INFO:root:_cost_function called at: 1.92188
INFO:root:_cost_function returning 1002.42; elapsed time: 0
INFO:root:_cost_function called at: 1.92188
INFO:root:_cost_function returning 1002.42; elapsed time: 0
INFO:root:_cost_function called at: 1.92188
INFO:root:_cost_function returning 1002.42; elapsed time: 0
INFO:root:_cost_function called at: 1.92188
INFO:root:_cost_function returning 1002.42; elapsed time: 0
INFO:root:_cost_function called at: 1.92188
INFO:root:_cost_function returning 1002.42; elapsed time: 0
INFO:root:_cost_function called at: 1.9375
INFO:root:_cost_function returning 1002.39; elapsed time: 0
INFO:root:_cost_function called at: 1.9375
INFO:root:_cost_function returning 1002.39; elapsed time: 0
INFO:root:_cost_function called at: 1.9375
INFO:root:_cost_function returning 1002.39; elapsed time: 0
INFO:root:_cost_function called at: 1.9375
INFO:root:_cost_function returning 1002.39; elapsed time: 0
INFO:root:_cost_function called at: 1.9375
INFO:root:_cost_function returning 1002.39; elapsed time: 0
INFO:root:_cost_function called at: 1.9375
INFO:root:_cost_function returning 1002.39; elapsed time: 0
INFO:root:_cost_function called at: 1.9375
INFO:root:_cost_function returning 1002.39; elapsed time: 0
INFO:root:_cost_function called at: 1.9375
INFO:root:_cost_function returning 1002.39; elapsed time: 0
INFO:root:_cost_function called at: 1.9375
INFO:root:_cost_function returning 1002.39; elapsed time: 0
INFO:root:_cost_function called at: 1.9375
INFO:root:_cost_function returning 1002.39; elapsed time: 0
INFO:root:_cost_function called at: 1.9375
INFO:root:_cost_function returning 1002.39; elapsed time: 0
INFO:root:_cost_function called at: 1.9375
INFO:root:_cost_function returning 1002.39; elapsed time: 0
INFO:root:_cost_function called at: 1.9375
INFO:root:_cost_function returning 1002.39; elapsed time: 0
INFO:root:_cost_function called at: 1.9375
INFO:root:_cost_function returning 1002.39; elapsed time: 0
INFO:root:_cost_function called at: 1.9375
INFO:root:_cost_function returning 1002.39; elapsed time: 0
INFO:root:_cost_function called at: 1.9375
INFO:root:_cost_function returning 1002.39; elapsed time: 0
INFO:root:_cost_function called at: 1.9375
INFO:root:_cost_function returning 1002.39; elapsed time: 0
INFO:root:_cost_function called at: 1.9375
INFO:root:_cost_function returning 1002.39; elapsed time: 0
INFO:root:_cost_function called at: 1.9375
INFO:root:_cost_function returning 1002.39; elapsed time: 0
INFO:root:_cost_function called at: 1.9375
INFO:root:_cost_function returning 1002.39; elapsed time: 0
INFO:root:_cost_function called at: 1.9375
INFO:root:_cost_function returning 1002.39; elapsed time: 0
INFO:root:_cost_function called at: 1.9375
INFO:root:_cost_function returning 1002.39; elapsed time: 0
INFO:root:_cost_function called at: 1.9375
INFO:root:_cost_function returning 1002.39; elapsed time: 0
INFO:root:_cost_function called at: 1.9375
INFO:root:_cost_function returning 1002.39; elapsed time: 0
INFO:root:_cost_function called at: 1.9375
INFO:root:_cost_function returning 1002.39; elapsed time: 0
INFO:root:_cost_function called at: 1.9375
INFO:root:_cost_function returning 1002.39; elapsed time: 0
INFO:root:_cost_function called at: 1.9375
INFO:root:_cost_function returning 1002.39; elapsed time: 0
INFO:root:_cost_function called at: 1.9375
INFO:root:_cost_function returning 1002.39; elapsed time: 0
INFO:root:_cost_function called at: 1.9375
INFO:root:_cost_function returning 1002.39; elapsed time: 0
INFO:root:_cost_function called at: 1.9375
INFO:root:_cost_function returning 1002.39; elapsed time: 0
INFO:root:_cost_function called at: 1.9375
INFO:root:_cost_function returning 1002.39; elapsed time: 0
INFO:root:_cost_function called at: 1.9375
INFO:root:_cost_function returning 1002.39; elapsed time: 0
INFO:root:_cost_function called at: 1.9375
INFO:root:_cost_function returning 1002.39; elapsed time: 0
INFO:root:_cost_function called at: 1.9375
INFO:root:_cost_function returning 1002.39; elapsed time: 0
INFO:root:_cost_function called at: 1.9375
INFO:root:_cost_function returning 1002.39; elapsed time: 0
INFO:root:_cost_function called at: 1.9375
INFO:root:_cost_function returning 1002.39; elapsed time: 0
INFO:root:_cost_function called at: 1.9375
INFO:root:_cost_function returning 1002.39; elapsed time: 0
INFO:root:_cost_function called at: 1.9375
INFO:root:_cost_function returning 1002.39; elapsed time: 0
INFO:root:_cost_function called at: 1.9375
INFO:root:_cost_function returning 1002.39; elapsed time: 0
INFO:root:_cost_function called at: 1.9375
INFO:root:_cost_function returning 1002.39; elapsed time: 0
INFO:root:_cost_function called at: 1.9375
INFO:root:_cost_function returning 1002.39; elapsed time: 0
INFO:root:_cost_function called at: 1.9375
INFO:root:_cost_function returning 1002.39; elapsed time: 0
INFO:root:_cost_function called at: 1.9375
INFO:root:_cost_function returning 1002.39; elapsed time: 0
INFO:root:_cost_function called at: 1.9375
INFO:root:_cost_function returning 1002.39; elapsed time: 0
INFO:root:_cost_function called at: 1.9375
INFO:root:_cost_function returning 1002.39; elapsed time: 0
INFO:root:_cost_function called at: 1.9375
INFO:root:_cost_function returning 1002.39; elapsed time: 0
INFO:root:_cost_function called at: 1.9375
INFO:root:_cost_function returning 1002.39; elapsed time: 0
INFO:root:_cost_function called at: 1.9375
INFO:root:_cost_function returning 1002.39; elapsed time: 0
INFO:root:_cost_function called at: 1.9375
INFO:root:_cost_function returning 1002.39; elapsed time: 0
INFO:root:_cost_function called at: 1.9375
INFO:root:_cost_function returning 1002.39; elapsed time: 0
INFO:root:_cost_function called at: 1.9375
INFO:root:_cost_function returning 1002.39; elapsed time: 0
INFO:root:_cost_function called at: 1.9375
INFO:root:_cost_function returning 1002.39; elapsed time: 0
INFO:root:_cost_function called at: 1.9375
INFO:root:_cost_function returning 1002.39; elapsed time: 0
INFO:root:_cost_function called at: 1.9375
INFO:root:_cost_function returning 1002.39; elapsed time: 0
INFO:root:_cost_function called at: 1.9375
INFO:root:_cost_function returning 1002.39; elapsed time: 0
INFO:root:_cost_function called at: 1.9375
INFO:root:_cost_function returning 1002.39; elapsed time: 0
INFO:root:_cost_function called at: 1.9375
INFO:root:_cost_function returning 1002.39; elapsed time: 0
INFO:root:_cost_function called at: 1.9375
INFO:root:_cost_function returning 1002.39; elapsed time: 0
INFO:root:_cost_function called at: 1.9375
INFO:root:_cost_function returning 1002.39; elapsed time: 0
INFO:root:_cost_function called at: 1.9375
INFO:root:_cost_function returning 1002.39; elapsed time: 0
INFO:root:_cost_function called at: 1.9375
INFO:root:_cost_function returning 1002.39; elapsed time: 0
INFO:root:_cost_function called at: 1.9375
INFO:root:_cost_function returning 1002.39; elapsed time: 0
INFO:root:_cost_function called at: 1.9375
INFO:root:_cost_function returning 1002.39; elapsed time: 0
INFO:root:_cost_function called at: 1.9375
INFO:root:_cost_function returning 1002.39; elapsed time: 0
INFO:root:_cost_function called at: 1.9375
INFO:root:_cost_function returning 1002.39; elapsed time: 0
INFO:root:_cost_function called at: 1.9375
INFO:root:_cost_function returning 1002.39; elapsed time: 0
INFO:root:_cost_function called at: 1.9375
INFO:root:_cost_function returning 1002.39; elapsed time: 0
INFO:root:_cost_function called at: 1.9375
INFO:root:_cost_function returning 1002.39; elapsed time: 0
INFO:root:_cost_function called at: 1.9375
INFO:root:_cost_function returning 1002.39; elapsed time: 0
INFO:root:_cost_function called at: 1.9375
INFO:root:_cost_function returning 1002.39; elapsed time: 0
INFO:root:_cost_function called at: 1.9375
INFO:root:_cost_function returning 1002.39; elapsed time: 0
INFO:root:_cost_function called at: 1.9375
INFO:root:_cost_function returning 1002.39; elapsed time: 0
INFO:root:_cost_function called at: 1.9375
INFO:root:_cost_function returning 1002.39; elapsed time: 0
INFO:root:_cost_function called at: 1.9375
INFO:root:_cost_function returning 1002.39; elapsed time: 0
INFO:root:_cost_function called at: 1.9375
INFO:root:_cost_function returning 1002.39; elapsed time: 0
INFO:root:_cost_function called at: 1.9375
INFO:root:_cost_function returning 1002.39; elapsed time: 0
INFO:root:_cost_function called at: 1.9375
INFO:root:_cost_function returning 1002.39; elapsed time: 0
INFO:root:_cost_function called at: 1.9375
INFO:root:_cost_function returning 1002.39; elapsed time: 0
INFO:root:_cost_function called at: 1.9375
INFO:root:_cost_function returning 1002.39; elapsed time: 0
INFO:root:_cost_function called at: 1.9375
INFO:root:_cost_function returning 1002.39; elapsed time: 0
INFO:root:_cost_function called at: 1.9375
INFO:root:_cost_function returning 1002.39; elapsed time: 0
INFO:root:_cost_function called at: 1.9375
INFO:root:_cost_function returning 1002.39; elapsed time: 0
INFO:root:_cost_function called at: 1.9375
INFO:root:_cost_function returning 1002.39; elapsed time: 0
INFO:root:_cost_function called at: 1.9375
INFO:root:_cost_function returning 1002.39; elapsed time: 0
INFO:root:_cost_function called at: 1.9375
INFO:root:_cost_function returning 1002.39; elapsed time: 0.015625
INFO:root:_cost_function called at: 1.95312
INFO:root:_cost_function returning 1002.39; elapsed time: 0
INFO:root:_cost_function called at: 1.95312
INFO:root:_cost_function returning 1002.39; elapsed time: 0
INFO:root:_cost_function called at: 1.95312
INFO:root:_cost_function returning 1002.39; elapsed time: 0
INFO:root:_cost_function called at: 1.95312
INFO:root:_cost_function returning 1002.39; elapsed time: 0
INFO:root:_cost_function called at: 1.95312
INFO:root:_cost_function returning 1002.39; elapsed time: 0
INFO:root:_cost_function called at: 1.95312
INFO:root:_cost_function returning 1002.39; elapsed time: 0
INFO:root:_cost_function called at: 1.95312
INFO:root:_cost_function returning 1002.39; elapsed time: 0
INFO:root:_cost_function called at: 1.95312
INFO:root:_cost_function returning 1002.39; elapsed time: 0
INFO:root:_cost_function called at: 1.95312
INFO:root:_cost_function returning 1002.39; elapsed time: 0
INFO:root:_cost_function called at: 1.95312
INFO:root:_cost_function returning 1002.39; elapsed time: 0
INFO:root:_cost_function called at: 1.95312
INFO:root:_cost_function returning 1002.39; elapsed time: 0
INFO:root:_cost_function called at: 1.95312
INFO:root:_cost_function returning 1002.39; elapsed time: 0
INFO:root:_cost_function called at: 1.95312
INFO:root:_cost_function returning 1002.39; elapsed time: 0
INFO:root:_cost_function called at: 1.95312
INFO:root:_cost_function returning 1002.39; elapsed time: 0
INFO:root:_cost_function called at: 1.95312
INFO:root:_cost_function returning 1002.39; elapsed time: 0
INFO:root:_cost_function called at: 1.95312
INFO:root:_cost_function returning 1002.39; elapsed time: 0
INFO:root:_cost_function called at: 1.95312
INFO:root:_cost_function returning 1002.33; elapsed time: 0
INFO:root:_cost_function called at: 1.95312
INFO:root:_cost_function returning 1002.33; elapsed time: 0
INFO:root:_cost_function called at: 1.95312
INFO:root:_cost_function returning 1002.33; elapsed time: 0
INFO:root:_cost_function called at: 1.95312
INFO:root:_cost_function returning 1002.33; elapsed time: 0
INFO:root:_cost_function called at: 1.95312
INFO:root:_cost_function returning 1002.33; elapsed time: 0
INFO:root:_cost_function called at: 1.95312
INFO:root:_cost_function returning 1002.33; elapsed time: 0
INFO:root:_cost_function called at: 1.95312
INFO:root:_cost_function returning 1002.33; elapsed time: 0
INFO:root:_cost_function called at: 1.95312
INFO:root:_cost_function returning 1002.33; elapsed time: 0
INFO:root:_cost_function called at: 1.95312
INFO:root:_cost_function returning 1002.33; elapsed time: 0
INFO:root:_cost_function called at: 1.95312
INFO:root:_cost_function returning 1002.33; elapsed time: 0
INFO:root:_cost_function called at: 1.95312
INFO:root:_cost_function returning 1002.33; elapsed time: 0
INFO:root:_cost_function called at: 1.95312
INFO:root:_cost_function returning 1002.33; elapsed time: 0
INFO:root:_cost_function called at: 1.95312
INFO:root:_cost_function returning 1002.33; elapsed time: 0
INFO:root:_cost_function called at: 1.95312
INFO:root:_cost_function returning 1002.33; elapsed time: 0
INFO:root:_cost_function called at: 1.95312
INFO:root:_cost_function returning 1002.33; elapsed time: 0
INFO:root:_cost_function called at: 1.95312
INFO:root:_cost_function returning 1002.33; elapsed time: 0
INFO:root:_cost_function called at: 1.95312
INFO:root:_cost_function returning 1002.33; elapsed time: 0
INFO:root:_cost_function called at: 1.95312
INFO:root:_cost_function returning 1002.33; elapsed time: 0
INFO:root:_cost_function called at: 1.95312
INFO:root:_cost_function returning 1002.33; elapsed time: 0
INFO:root:_cost_function called at: 1.95312
INFO:root:_cost_function returning 1002.33; elapsed time: 0
INFO:root:_cost_function called at: 1.95312
INFO:root:_cost_function returning 1002.33; elapsed time: 0
INFO:root:_cost_function called at: 1.95312
INFO:root:_cost_function returning 1002.33; elapsed time: 0
INFO:root:_cost_function called at: 1.95312
INFO:root:_cost_function returning 1002.33; elapsed time: 0
INFO:root:_cost_function called at: 1.95312
INFO:root:_cost_function returning 1002.33; elapsed time: 0
INFO:root:_cost_function called at: 1.95312
INFO:root:_cost_function returning 1002.33; elapsed time: 0.015625
INFO:root:_cost_function called at: 1.96875
INFO:root:_cost_function returning 1002.33; elapsed time: 0
INFO:root:_cost_function called at: 1.96875
INFO:root:_cost_function returning 1002.33; elapsed time: 0
INFO:root:_cost_function called at: 1.96875
INFO:root:_cost_function returning 1002.33; elapsed time: 0
INFO:root:_cost_function called at: 1.96875
INFO:root:_cost_function returning 1002.33; elapsed time: 0
INFO:root:_cost_function called at: 1.96875
INFO:root:_cost_function returning 1002.33; elapsed time: 0
INFO:root:_cost_function called at: 1.96875
INFO:root:_cost_function returning 1002.33; elapsed time: 0
INFO:root:_cost_function called at: 1.96875
INFO:root:_cost_function returning 1002.33; elapsed time: 0
INFO:root:_cost_function called at: 1.96875
INFO:root:_cost_function returning 1002.33; elapsed time: 0
INFO:root:_cost_function called at: 1.96875
INFO:root:_cost_function returning 1002.33; elapsed time: 0
INFO:root:_cost_function called at: 1.96875
INFO:root:_cost_function returning 1002.33; elapsed time: 0
INFO:root:_cost_function called at: 1.96875
INFO:root:_cost_function returning 1002.33; elapsed time: 0
INFO:root:_cost_function called at: 1.96875
INFO:root:_cost_function returning 1002.33; elapsed time: 0
INFO:root:_cost_function called at: 1.96875
INFO:root:_cost_function returning 1002.33; elapsed time: 0
INFO:root:_cost_function called at: 1.96875
INFO:root:_cost_function returning 1002.33; elapsed time: 0
INFO:root:_cost_function called at: 1.96875
INFO:root:_cost_function returning 1002.33; elapsed time: 0
INFO:root:_cost_function called at: 1.96875
INFO:root:_cost_function returning 1002.33; elapsed time: 0
INFO:root:_cost_function called at: 1.96875
INFO:root:_cost_function returning 1002.33; elapsed time: 0
INFO:root:_cost_function called at: 1.96875
INFO:root:_cost_function returning 1002.33; elapsed time: 0
INFO:root:_cost_function called at: 1.96875
INFO:root:_cost_function returning 1002.33; elapsed time: 0
INFO:root:_cost_function called at: 1.96875
INFO:root:_cost_function returning 1002.33; elapsed time: 0
INFO:root:_cost_function called at: 1.96875
INFO:root:_cost_function returning 1002.33; elapsed time: 0
INFO:root:_cost_function called at: 1.96875
INFO:root:_cost_function returning 1002.33; elapsed time: 0
INFO:root:_cost_function called at: 1.96875
INFO:root:_cost_function returning 1002.33; elapsed time: 0
INFO:root:_cost_function called at: 1.96875
INFO:root:_cost_function returning 1002.33; elapsed time: 0
INFO:root:_cost_function called at: 1.96875
INFO:root:_cost_function returning 1002.33; elapsed time: 0
INFO:root:_cost_function called at: 1.96875
INFO:root:_cost_function returning 1002.33; elapsed time: 0
INFO:root:_cost_function called at: 1.96875
INFO:root:_cost_function returning 1002.33; elapsed time: 0
INFO:root:_cost_function called at: 1.96875
INFO:root:_cost_function returning 1002.33; elapsed time: 0
INFO:root:_cost_function called at: 1.96875
INFO:root:_cost_function returning 1002.33; elapsed time: 0
INFO:root:_cost_function called at: 1.96875
INFO:root:_cost_function returning 1002.33; elapsed time: 0
INFO:root:_cost_function called at: 1.96875
INFO:root:_cost_function returning 1002.33; elapsed time: 0
INFO:root:_cost_function called at: 1.96875
INFO:root:_cost_function returning 1002.33; elapsed time: 0
INFO:root:_cost_function called at: 1.96875
INFO:root:_cost_function returning 1002.33; elapsed time: 0
INFO:root:_cost_function called at: 1.96875
INFO:root:_cost_function returning 1002.33; elapsed time: 0
INFO:root:_cost_function called at: 1.96875
INFO:root:_cost_function returning 1002.33; elapsed time: 0
INFO:root:_cost_function called at: 1.96875
INFO:root:_cost_function returning 1002.33; elapsed time: 0
INFO:root:_cost_function called at: 1.96875
INFO:root:_cost_function returning 1002.33; elapsed time: 0
INFO:root:_cost_function called at: 1.96875
INFO:root:_cost_function returning 1002.33; elapsed time: 0
INFO:root:_cost_function called at: 1.96875
INFO:root:_cost_function returning 1002.33; elapsed time: 0
INFO:root:_cost_function called at: 1.96875
INFO:root:_cost_function returning 1002.33; elapsed time: 0
INFO:root:_cost_function called at: 1.96875
INFO:root:_cost_function returning 1002.33; elapsed time: 0
INFO:root:_cost_function called at: 1.96875
INFO:root:_cost_function returning 1002.33; elapsed time: 0
INFO:root:_cost_function called at: 1.96875
INFO:root:_cost_function returning 1002.33; elapsed time: 0
INFO:root:_cost_function called at: 1.96875
INFO:root:_cost_function returning 1002.33; elapsed time: 0
INFO:root:_cost_function called at: 1.96875
INFO:root:_cost_function returning 1002.33; elapsed time: 0
INFO:root:_cost_function called at: 1.96875
INFO:root:_cost_function returning 1002.33; elapsed time: 0
INFO:root:_cost_function called at: 1.96875
INFO:root:_cost_function returning 1002.33; elapsed time: 0
INFO:root:_cost_function called at: 1.96875
INFO:root:_cost_function returning 1002.33; elapsed time: 0
INFO:root:_cost_function called at: 1.96875
INFO:root:_cost_function returning 1002.33; elapsed time: 0
INFO:root:_cost_function called at: 1.96875
INFO:root:_cost_function returning 1002.33; elapsed time: 0
INFO:root:_cost_function called at: 1.96875
INFO:root:_cost_function returning 1002.33; elapsed time: 0
INFO:root:_cost_function called at: 1.96875
INFO:root:_cost_function returning 1002.33; elapsed time: 0
INFO:root:_cost_function called at: 1.96875
INFO:root:_cost_function returning 1002.33; elapsed time: 0
INFO:root:_cost_function called at: 1.96875
INFO:root:_cost_function returning 1002.33; elapsed time: 0
INFO:root:_cost_function called at: 1.96875
INFO:root:_cost_function returning 1002.33; elapsed time: 0
INFO:root:_cost_function called at: 1.96875
INFO:root:_cost_function returning 1002.33; elapsed time: 0
INFO:root:_cost_function called at: 1.96875
INFO:root:_cost_function returning 1002.33; elapsed time: 0
INFO:root:_cost_function called at: 1.96875
INFO:root:_cost_function returning 1002.33; elapsed time: 0
INFO:root:_cost_function called at: 1.96875
INFO:root:_cost_function returning 1002.33; elapsed time: 0
INFO:root:_cost_function called at: 1.96875
INFO:root:_cost_function returning 1002.33; elapsed time: 0
INFO:root:_cost_function called at: 1.96875
INFO:root:_cost_function returning 1002.33; elapsed time: 0
INFO:root:_cost_function called at: 1.96875
INFO:root:_cost_function returning 1002.33; elapsed time: 0
INFO:root:_cost_function called at: 1.96875
INFO:root:_cost_function returning 1002.33; elapsed time: 0
INFO:root:_cost_function called at: 1.96875
INFO:root:_cost_function returning 1002.33; elapsed time: 0
INFO:root:_cost_function called at: 1.96875
INFO:root:_cost_function returning 1002.33; elapsed time: 0
INFO:root:_cost_function called at: 1.96875
INFO:root:_cost_function returning 1002.33; elapsed time: 0
INFO:root:_cost_function called at: 1.96875
INFO:root:_cost_function returning 1002.33; elapsed time: 0
INFO:root:_cost_function called at: 1.96875
INFO:root:_cost_function returning 1002.33; elapsed time: 0
INFO:root:_cost_function called at: 1.96875
INFO:root:_cost_function returning 1002.33; elapsed time: 0
INFO:root:_cost_function called at: 1.96875
INFO:root:_cost_function returning 1002.33; elapsed time: 0
INFO:root:_cost_function called at: 1.96875
INFO:root:_cost_function returning 1002.33; elapsed time: 0
INFO:root:_cost_function called at: 1.96875
INFO:root:_cost_function returning 1002.33; elapsed time: 0
INFO:root:_cost_function called at: 1.96875
INFO:root:_cost_function returning 1002.33; elapsed time: 0
INFO:root:_cost_function called at: 1.96875
INFO:root:_cost_function returning 1002.33; elapsed time: 0
INFO:root:_cost_function called at: 1.96875
INFO:root:_cost_function returning 1002.33; elapsed time: 0
INFO:root:_cost_function called at: 1.96875
INFO:root:_cost_function returning 1002.33; elapsed time: 0
INFO:root:_cost_function called at: 1.98438
INFO:root:_cost_function returning 1002.25; elapsed time: 0
INFO:root:_cost_function called at: 1.98438
INFO:root:_cost_function returning 1002.31; elapsed time: 0
INFO:root:_cost_function called at: 1.98438
INFO:root:_cost_function returning 1002.31; elapsed time: 0
INFO:root:_cost_function called at: 1.98438
INFO:root:_cost_function returning 1002.31; elapsed time: 0
INFO:root:_cost_function called at: 1.98438
INFO:root:_cost_function returning 1002.31; elapsed time: 0
INFO:root:_cost_function called at: 1.98438
INFO:root:_cost_function returning 1002.31; elapsed time: 0
INFO:root:_cost_function called at: 1.98438
INFO:root:_cost_function returning 1002.31; elapsed time: 0
INFO:root:_cost_function called at: 1.98438
INFO:root:_cost_function returning 1002.31; elapsed time: 0
INFO:root:_cost_function called at: 1.98438
INFO:root:_cost_function returning 1002.31; elapsed time: 0
INFO:root:_cost_function called at: 1.98438
INFO:root:_cost_function returning 1002.31; elapsed time: 0
INFO:root:_cost_function called at: 1.98438
INFO:root:_cost_function returning 1002.31; elapsed time: 0
INFO:root:_cost_function called at: 1.98438
INFO:root:_cost_function returning 1002.31; elapsed time: 0
INFO:root:_cost_function called at: 1.98438
INFO:root:_cost_function returning 1002.31; elapsed time: 0
INFO:root:_cost_function called at: 1.98438
INFO:root:_cost_function returning 1002.31; elapsed time: 0
INFO:root:_cost_function called at: 1.98438
INFO:root:_cost_function returning 1002.31; elapsed time: 0
INFO:root:_cost_function called at: 1.98438
INFO:root:_cost_function returning 1002.31; elapsed time: 0
INFO:root:_cost_function called at: 1.98438
INFO:root:_cost_function returning 1002.31; elapsed time: 0
INFO:root:_cost_function called at: 1.98438
INFO:root:_cost_function returning 1002.31; elapsed time: 0
INFO:root:_cost_function called at: 1.98438
INFO:root:_cost_function returning 1002.31; elapsed time: 0
INFO:root:_cost_function called at: 1.98438
INFO:root:_cost_function returning 1002.31; elapsed time: 0
INFO:root:_cost_function called at: 1.98438
INFO:root:_cost_function returning 1002.31; elapsed time: 0
INFO:root:_cost_function called at: 1.98438
INFO:root:_cost_function returning 1002.31; elapsed time: 0
INFO:root:_cost_function called at: 1.98438
INFO:root:_cost_function returning 1002.31; elapsed time: 0
INFO:root:_cost_function called at: 1.98438
INFO:root:_cost_function returning 1002.31; elapsed time: 0
INFO:root:_cost_function called at: 1.98438
INFO:root:_cost_function returning 1002.31; elapsed time: 0
INFO:root:_cost_function called at: 1.98438
INFO:root:_cost_function returning 1002.31; elapsed time: 0
INFO:root:_cost_function called at: 1.98438
INFO:root:_cost_function returning 1002.31; elapsed time: 0
INFO:root:_cost_function called at: 1.98438
INFO:root:_cost_function returning 1002.31; elapsed time: 0
INFO:root:_cost_function called at: 1.98438
INFO:root:_cost_function returning 1002.31; elapsed time: 0
INFO:root:_cost_function called at: 1.98438
INFO:root:_cost_function returning 1002.31; elapsed time: 0
INFO:root:_cost_function called at: 1.98438
INFO:root:_cost_function returning 1002.31; elapsed time: 0
INFO:root:_cost_function called at: 1.98438
INFO:root:_cost_function returning 1002.31; elapsed time: 0
INFO:root:_cost_function called at: 1.98438
INFO:root:_cost_function returning 1002.31; elapsed time: 0
INFO:root:_cost_function called at: 1.98438
INFO:root:_cost_function returning 1002.31; elapsed time: 0
INFO:root:_cost_function called at: 1.98438
INFO:root:_cost_function returning 1002.31; elapsed time: 0
INFO:root:_cost_function called at: 1.98438
INFO:root:_cost_function returning 1002.31; elapsed time: 0
INFO:root:_cost_function called at: 1.98438
INFO:root:_cost_function returning 1002.31; elapsed time: 0
INFO:root:_cost_function called at: 1.98438
INFO:root:_cost_function returning 1002.31; elapsed time: 0
INFO:root:_cost_function called at: 1.98438
INFO:root:_cost_function returning 1002.31; elapsed time: 0
INFO:root:_cost_function called at: 1.98438
INFO:root:_cost_function returning 1002.31; elapsed time: 0
INFO:root:_cost_function called at: 1.98438
INFO:root:_cost_function returning 1002.31; elapsed time: 0
INFO:root:_cost_function called at: 1.98438
INFO:root:_cost_function returning 1002.31; elapsed time: 0
INFO:root:_cost_function called at: 1.98438
INFO:root:_cost_function returning 1002.31; elapsed time: 0
INFO:root:_cost_function called at: 1.98438
INFO:root:_cost_function returning 1002.31; elapsed time: 0
INFO:root:_cost_function called at: 1.98438
INFO:root:_cost_function returning 1002.31; elapsed time: 0
INFO:root:_cost_function called at: 1.98438
INFO:root:_cost_function returning 1002.31; elapsed time: 0
INFO:root:_cost_function called at: 1.98438
INFO:root:_cost_function returning 1002.31; elapsed time: 0
INFO:root:_cost_function called at: 1.98438
INFO:root:_cost_function returning 1002.31; elapsed time: 0
INFO:root:_cost_function called at: 1.98438
INFO:root:_cost_function returning 1002.31; elapsed time: 0
INFO:root:_cost_function called at: 1.98438
INFO:root:_cost_function returning 1002.31; elapsed time: 0
INFO:root:_cost_function called at: 1.98438
INFO:root:_cost_function returning 1002.31; elapsed time: 0
INFO:root:_cost_function called at: 1.98438
INFO:root:_cost_function returning 1002.31; elapsed time: 0
INFO:root:_cost_function called at: 1.98438
INFO:root:_cost_function returning 1002.31; elapsed time: 0
INFO:root:_cost_function called at: 1.98438
INFO:root:_cost_function returning 1002.31; elapsed time: 0
INFO:root:_cost_function called at: 1.98438
INFO:root:_cost_function returning 1002.31; elapsed time: 0
INFO:root:_cost_function called at: 1.98438
INFO:root:_cost_function returning 1002.31; elapsed time: 0
INFO:root:_cost_function called at: 1.98438
INFO:root:_cost_function returning 1002.31; elapsed time: 0
INFO:root:_cost_function called at: 1.98438
INFO:root:_cost_function returning 1002.31; elapsed time: 0
INFO:root:_cost_function called at: 1.98438
INFO:root:_cost_function returning 1002.31; elapsed time: 0
INFO:root:_cost_function called at: 1.98438
INFO:root:_cost_function returning 1002.31; elapsed time: 0
INFO:root:_cost_function called at: 1.98438
INFO:root:_cost_function returning 1002.31; elapsed time: 0
INFO:root:_cost_function called at: 1.98438
INFO:root:_cost_function returning 1002.31; elapsed time: 0
INFO:root:_cost_function called at: 1.98438
INFO:root:_cost_function returning 1002.31; elapsed time: 0
INFO:root:_cost_function called at: 1.98438
INFO:root:_cost_function returning 1002.31; elapsed time: 0.015625
INFO:root:_cost_function called at: 2
INFO:root:_cost_function returning 1002.31; elapsed time: 0
INFO:root:_cost_function called at: 2
INFO:root:_cost_function returning 1002.31; elapsed time: 0
INFO:root:_cost_function called at: 2
INFO:root:_cost_function returning 1002.31; elapsed time: 0
INFO:root:_cost_function called at: 2
INFO:root:_cost_function returning 1002.31; elapsed time: 0
INFO:root:_cost_function called at: 2
INFO:root:_cost_function returning 1002.31; elapsed time: 0
INFO:root:_cost_function called at: 2
INFO:root:_cost_function returning 1002.31; elapsed time: 0
INFO:root:_cost_function called at: 2
INFO:root:_cost_function returning 1002.31; elapsed time: 0
INFO:root:_cost_function called at: 2
INFO:root:_cost_function returning 1002.31; elapsed time: 0
INFO:root:_cost_function called at: 2
INFO:root:_cost_function returning 1002.31; elapsed time: 0
INFO:root:_cost_function called at: 2
INFO:root:_cost_function returning 1002.31; elapsed time: 0
INFO:root:_cost_function called at: 2
INFO:root:_cost_function returning 1002.31; elapsed time: 0
INFO:root:_cost_function called at: 2
INFO:root:_cost_function returning 1002.31; elapsed time: 0
INFO:root:_cost_function called at: 2
INFO:root:_cost_function returning 1002.31; elapsed time: 0
INFO:root:_cost_function called at: 2
INFO:root:_cost_function returning 1002.31; elapsed time: 0
INFO:root:_cost_function called at: 2
INFO:root:_cost_function returning 1002.31; elapsed time: 0
INFO:root:_cost_function called at: 2
INFO:root:_cost_function returning 1002.31; elapsed time: 0
INFO:root:_cost_function called at: 2
INFO:root:_cost_function returning 1002.31; elapsed time: 0
INFO:root:_cost_function called at: 2
INFO:root:_cost_function returning 1002.31; elapsed time: 0
INFO:root:_cost_function called at: 2
INFO:root:_cost_function returning 1002.31; elapsed time: 0
INFO:root:_cost_function called at: 2
INFO:root:_cost_function returning 1002.31; elapsed time: 0
INFO:root:_cost_function called at: 2
INFO:root:_cost_function returning 1002.31; elapsed time: 0
INFO:root:_cost_function called at: 2
INFO:root:_cost_function returning 1002.31; elapsed time: 0
INFO:root:_cost_function called at: 2
INFO:root:_cost_function returning 1002.31; elapsed time: 0
INFO:root:_cost_function called at: 2
INFO:root:_cost_function returning 1002.31; elapsed time: 0
INFO:root:_cost_function called at: 2
INFO:root:_cost_function returning 1002.31; elapsed time: 0
INFO:root:_cost_function called at: 2
INFO:root:_cost_function returning 1002.31; elapsed time: 0
INFO:root:_cost_function called at: 2
INFO:root:_cost_function returning 1002.31; elapsed time: 0
INFO:root:_cost_function called at: 2
INFO:root:_cost_function returning 1002.31; elapsed time: 0
INFO:root:_cost_function called at: 2
INFO:root:_cost_function returning 1002.31; elapsed time: 0
INFO:root:_cost_function called at: 2
INFO:root:_cost_function returning 1002.31; elapsed time: 0
INFO:root:_cost_function called at: 2
INFO:root:_cost_function returning 1002.31; elapsed time: 0
INFO:root:_cost_function called at: 2
INFO:root:_cost_function returning 1002.31; elapsed time: 0
INFO:root:_cost_function called at: 2
INFO:root:_cost_function returning 1002.31; elapsed time: 0
INFO:root:_cost_function called at: 2
INFO:root:_cost_function returning 1002.31; elapsed time: 0
INFO:root:_cost_function called at: 2
INFO:root:_cost_function returning 1002.31; elapsed time: 0
INFO:root:_cost_function called at: 2
INFO:root:_cost_function returning 1002.31; elapsed time: 0
INFO:root:_cost_function called at: 2
INFO:root:_cost_function returning 1002.31; elapsed time: 0
INFO:root:_cost_function called at: 2
INFO:root:_cost_function returning 1002.31; elapsed time: 0
INFO:root:_cost_function called at: 2
INFO:root:_cost_function returning 1002.26; elapsed time: 0
INFO:root:_cost_function called at: 2
INFO:root:_cost_function returning 1002.26; elapsed time: 0
INFO:root:_cost_function called at: 2
INFO:root:_cost_function returning 1002.26; elapsed time: 0
INFO:root:_cost_function called at: 2
INFO:root:_cost_function returning 1002.26; elapsed time: 0
INFO:root:_cost_function called at: 2
INFO:root:_cost_function returning 1002.26; elapsed time: 0
INFO:root:_cost_function called at: 2
INFO:root:_cost_function returning 1002.26; elapsed time: 0
INFO:root:_cost_function called at: 2
INFO:root:_cost_function returning 1002.26; elapsed time: 0
INFO:root:_cost_function called at: 2
INFO:root:_cost_function returning 1002.26; elapsed time: 0
INFO:root:_cost_function called at: 2
INFO:root:_cost_function returning 1002.26; elapsed time: 0
INFO:root:_cost_function called at: 2
INFO:root:_cost_function returning 1002.26; elapsed time: 0
INFO:root:_cost_function called at: 2
INFO:root:_cost_function returning 1002.26; elapsed time: 0
INFO:root:_cost_function called at: 2
INFO:root:_cost_function returning 1002.26; elapsed time: 0
INFO:root:_cost_function called at: 2
INFO:root:_cost_function returning 1002.26; elapsed time: 0
INFO:root:_cost_function called at: 2
INFO:root:_cost_function returning 1002.26; elapsed time: 0
INFO:root:_cost_function called at: 2
INFO:root:_cost_function returning 1002.26; elapsed time: 0
INFO:root:_cost_function called at: 2
INFO:root:_cost_function returning 1002.26; elapsed time: 0
INFO:root:_cost_function called at: 2
INFO:root:_cost_function returning 1002.26; elapsed time: 0
INFO:root:_cost_function called at: 2
INFO:root:_cost_function returning 1002.26; elapsed time: 0
INFO:root:_cost_function called at: 2
INFO:root:_cost_function returning 1002.26; elapsed time: 0
INFO:root:_cost_function called at: 2
INFO:root:_cost_function returning 1002.26; elapsed time: 0
INFO:root:_cost_function called at: 2
INFO:root:_cost_function returning 1002.26; elapsed time: 0
INFO:root:_cost_function called at: 2
INFO:root:_cost_function returning 1002.26; elapsed time: 0
INFO:root:_cost_function called at: 2
INFO:root:_cost_function returning 1002.26; elapsed time: 0
INFO:root:_cost_function called at: 2
INFO:root:_cost_function returning 1002.26; elapsed time: 0
INFO:root:_cost_function called at: 2
INFO:root:_cost_function returning 1002.26; elapsed time: 0
INFO:root:_cost_function called at: 2
INFO:root:_cost_function returning 1002.26; elapsed time: 0
INFO:root:_cost_function called at: 2
INFO:root:_cost_function returning 1002.26; elapsed time: 0
INFO:root:_cost_function called at: 2
INFO:root:_cost_function returning 1002.26; elapsed time: 0
INFO:root:_cost_function called at: 2
INFO:root:_cost_function returning 1002.26; elapsed time: 0
INFO:root:_cost_function called at: 2
INFO:root:_cost_function returning 1002.26; elapsed time: 0
INFO:root:_cost_function called at: 2
INFO:root:_cost_function returning 1002.26; elapsed time: 0
INFO:root:_cost_function called at: 2
INFO:root:_cost_function returning 1002.26; elapsed time: 0
INFO:root:_cost_function called at: 2
INFO:root:_cost_function returning 1002.26; elapsed time: 0
INFO:root:_cost_function called at: 2
INFO:root:_cost_function returning 1002.26; elapsed time: 0
INFO:root:_cost_function called at: 2
INFO:root:_cost_function returning 1002.26; elapsed time: 0
INFO:root:_cost_function called at: 2
INFO:root:_cost_function returning 1002.26; elapsed time: 0
INFO:root:_cost_function called at: 2
INFO:root:_cost_function returning 1002.26; elapsed time: 0
INFO:root:_cost_function called at: 2
INFO:root:_cost_function returning 1002.26; elapsed time: 0
INFO:root:_cost_function called at: 2
INFO:root:_cost_function returning 1002.26; elapsed time: 0
INFO:root:_cost_function called at: 2
INFO:root:_cost_function returning 1002.26; elapsed time: 0
INFO:root:_cost_function called at: 2
INFO:root:_cost_function returning 1002.26; elapsed time: 0
INFO:root:_cost_function called at: 2
INFO:root:_cost_function returning 1002.26; elapsed time: 0
INFO:root:_cost_function called at: 2
INFO:root:_cost_function returning 1002.26; elapsed time: 0
INFO:root:_cost_function called at: 2
INFO:root:_cost_function returning 1002.26; elapsed time: 0
INFO:root:_cost_function called at: 2
INFO:root:_cost_function returning 1002.26; elapsed time: 0
INFO:root:_cost_function called at: 2
INFO:root:_cost_function returning 1002.26; elapsed time: 0
INFO:root:_cost_function called at: 2
INFO:root:_cost_function returning 1002.26; elapsed time: 0
INFO:root:_cost_function called at: 2
INFO:root:_cost_function returning 1002.26; elapsed time: 0
INFO:root:_cost_function called at: 2
INFO:root:_cost_function returning 1002.26; elapsed time: 0
INFO:root:_cost_function called at: 2
INFO:root:_cost_function returning 1002.26; elapsed time: 0
INFO:root:_cost_function called at: 2
INFO:root:_cost_function returning 1002.26; elapsed time: 0
INFO:root:_cost_function called at: 2
INFO:root:_cost_function returning 1002.26; elapsed time: 0
INFO:root:_cost_function called at: 2
INFO:root:_cost_function returning 1002.26; elapsed time: 0
INFO:root:_cost_function called at: 2
INFO:root:_cost_function returning 1002.26; elapsed time: 0
INFO:root:_cost_function called at: 2
INFO:root:_cost_function returning 1002.26; elapsed time: 0
INFO:root:_cost_function called at: 2
INFO:root:_cost_function returning 1002.26; elapsed time: 0
INFO:root:_cost_function called at: 2
INFO:root:_cost_function returning 1002.26; elapsed time: 0
INFO:root:_cost_function called at: 2
INFO:root:_cost_function returning 1002.26; elapsed time: 0
INFO:root:_cost_function called at: 2
INFO:root:_cost_function returning 1002.26; elapsed time: 0
INFO:root:_cost_function called at: 2
INFO:root:_cost_function returning 1002.26; elapsed time: 0
INFO:root:_cost_function called at: 2
INFO:root:_cost_function returning 1002.26; elapsed time: 0
INFO:root:_cost_function called at: 2
INFO:root:_cost_function returning 1002.26; elapsed time: 0
INFO:root:_cost_function called at: 2
INFO:root:_cost_function returning 1002.26; elapsed time: 0
INFO:root:_cost_function called at: 2
INFO:root:_cost_function returning 1002.26; elapsed time: 0
INFO:root:_cost_function called at: 2
INFO:root:_cost_function returning 1002.26; elapsed time: 0
INFO:root:_cost_function called at: 2
INFO:root:_cost_function returning 1002.26; elapsed time: 0
INFO:root:_cost_function called at: 2
INFO:root:_cost_function returning 1002.26; elapsed time: 0
INFO:root:_cost_function called at: 2
INFO:root:_cost_function returning 1002.26; elapsed time: 0
INFO:root:_cost_function called at: 2
INFO:root:_cost_function returning 1002.26; elapsed time: 0
INFO:root:_cost_function called at: 2
INFO:root:_cost_function returning 1002.26; elapsed time: 0
INFO:root:_cost_function called at: 2
INFO:root:_cost_function returning 1002.26; elapsed time: 0
INFO:root:_cost_function called at: 2
INFO:root:_cost_function returning 1002.26; elapsed time: 0
INFO:root:_cost_function called at: 2
INFO:root:_cost_function returning 1002.26; elapsed time: 0
INFO:root:_cost_function called at: 2
INFO:root:_cost_function returning 1002.26; elapsed time: 0
INFO:root:_cost_function called at: 2
INFO:root:_cost_function returning 1002.26; elapsed time: 0
INFO:root:_cost_function called at: 2
INFO:root:_cost_function returning 1002.26; elapsed time: 0
INFO:root:_cost_function called at: 2
INFO:root:_cost_function returning 1002.26; elapsed time: 0
INFO:root:_cost_function called at: 2
INFO:root:_cost_function returning 1002.26; elapsed time: 0
INFO:root:_cost_function called at: 2
INFO:root:_cost_function returning 1002.26; elapsed time: 0
INFO:root:_cost_function called at: 2
INFO:root:_cost_function returning 1002.26; elapsed time: 0
INFO:root:_cost_function called at: 2
INFO:root:_cost_function returning 1002.26; elapsed time: 0
INFO:root:_cost_function called at: 2
INFO:root:_cost_function returning 1002.26; elapsed time: 0
INFO:root:_cost_function called at: 2
INFO:root:_cost_function returning 1002.26; elapsed time: 0
INFO:root:_cost_function called at: 2
INFO:root:_cost_function returning 1002.26; elapsed time: 0
INFO:root:_cost_function called at: 2
INFO:root:_cost_function returning 1002.26; elapsed time: 0
INFO:root:_cost_function called at: 2
INFO:root:_cost_function returning 1002.26; elapsed time: 0
INFO:root:_cost_function called at: 2
INFO:root:_cost_function returning 1002.26; elapsed time: 0
INFO:root:_cost_function called at: 2
INFO:root:_cost_function returning 1002.26; elapsed time: 0
INFO:root:_cost_function called at: 2
INFO:root:_cost_function returning 1002.26; elapsed time: 0
INFO:root:_cost_function called at: 2
INFO:root:_cost_function returning 1002.26; elapsed time: 0
INFO:root:_cost_function called at: 2
INFO:root:_cost_function returning 1002.26; elapsed time: 0
INFO:root:_cost_function called at: 2
INFO:root:_cost_function returning 1002.26; elapsed time: 0
INFO:root:_cost_function called at: 2
INFO:root:_cost_function returning 1002.26; elapsed time: 0
INFO:root:_cost_function called at: 2
INFO:root:_cost_function returning 1002.26; elapsed time: 0
INFO:root:_cost_function called at: 2
INFO:root:_cost_function returning 1002.26; elapsed time: 0
INFO:root:_cost_function called at: 2
INFO:root:_cost_function returning 1002.26; elapsed time: 0
INFO:root:_cost_function called at: 2
INFO:root:_cost_function returning 1002.26; elapsed time: 0
INFO:root:_cost_function called at: 2
INFO:root:_cost_function returning 1002.26; elapsed time: 0
INFO:root:_cost_function called at: 2
INFO:root:_cost_function returning 1002.26; elapsed time: 0
INFO:root:_cost_function called at: 2
INFO:root:_cost_function returning 1002.26; elapsed time: 0
INFO:root:_cost_function called at: 2
INFO:root:_cost_function returning 1002.26; elapsed time: 0
INFO:root:_cost_function called at: 2.01562
INFO:root:_cost_function returning 1002.26; elapsed time: 0
INFO:root:_cost_function called at: 2.01562
INFO:root:_cost_function returning 1002.26; elapsed time: 0
INFO:root:_cost_function called at: 2.01562
INFO:root:_cost_function returning 1002.26; elapsed time: 0
INFO:root:_cost_function called at: 2.01562
INFO:root:_cost_function returning 1002.26; elapsed time: 0
INFO:root:_cost_function called at: 2.01562
INFO:root:_cost_function returning 1002.26; elapsed time: 0
INFO:root:_cost_function called at: 2.01562
INFO:root:_cost_function returning 1002.26; elapsed time: 0
INFO:root:_cost_function called at: 2.01562
INFO:root:_cost_function returning 1002.26; elapsed time: 0
INFO:root:_cost_function called at: 2.01562
INFO:root:_cost_function returning 1002.26; elapsed time: 0
INFO:root:_cost_function called at: 2.01562
INFO:root:_cost_function returning 1002.26; elapsed time: 0
INFO:root:_cost_function called at: 2.01562
INFO:root:_cost_function returning 1002.26; elapsed time: 0
INFO:root:_cost_function called at: 2.01562
INFO:root:_cost_function returning 1002.26; elapsed time: 0
INFO:root:_cost_function called at: 2.01562
INFO:root:_cost_function returning 1002.26; elapsed time: 0
INFO:root:_cost_function called at: 2.01562
INFO:root:_cost_function returning 1002.26; elapsed time: 0
INFO:root:_cost_function called at: 2.01562
INFO:root:_cost_function returning 1002.26; elapsed time: 0
INFO:root:_cost_function called at: 2.01562
INFO:root:_cost_function returning 1002.26; elapsed time: 0
INFO:root:_cost_function called at: 2.01562
INFO:root:_cost_function returning 1002.26; elapsed time: 0
INFO:root:_cost_function called at: 2.01562
INFO:root:_cost_function returning 1002.26; elapsed time: 0
INFO:root:_cost_function called at: 2.01562
INFO:root:_cost_function returning 1002.26; elapsed time: 0
INFO:root:_cost_function called at: 2.01562
INFO:root:_cost_function returning 1002.26; elapsed time: 0
INFO:root:_cost_function called at: 2.01562
INFO:root:_cost_function returning 1002.26; elapsed time: 0
INFO:root:_cost_function called at: 2.01562
INFO:root:_cost_function returning 1002.26; elapsed time: 0
INFO:root:_cost_function called at: 2.01562
INFO:root:_cost_function returning 1002.26; elapsed time: 0
INFO:root:_cost_function called at: 2.01562
INFO:root:_cost_function returning 1002.26; elapsed time: 0
INFO:root:_cost_function called at: 2.01562
INFO:root:_cost_function returning 1002.26; elapsed time: 0
INFO:root:_cost_function called at: 2.01562
INFO:root:_cost_function returning 1002.26; elapsed time: 0
INFO:root:_cost_function called at: 2.01562
INFO:root:_cost_function returning 1002.26; elapsed time: 0
INFO:root:_cost_function called at: 2.01562
INFO:root:_cost_function returning 1002.26; elapsed time: 0
INFO:root:_cost_function called at: 2.01562
INFO:root:_cost_function returning 1002.26; elapsed time: 0
INFO:root:_cost_function called at: 2.01562
INFO:root:_cost_function returning 1002.26; elapsed time: 0
INFO:root:_cost_function called at: 2.01562
INFO:root:_cost_function returning 1002.26; elapsed time: 0
INFO:root:_cost_function called at: 2.01562
INFO:root:_cost_function returning 1002.26; elapsed time: 0
INFO:root:_cost_function called at: 2.01562
INFO:root:_cost_function returning 1002.26; elapsed time: 0
INFO:root:_cost_function called at: 2.01562
INFO:root:_cost_function returning 1002.26; elapsed time: 0
INFO:root:_cost_function called at: 2.01562
INFO:root:_cost_function returning 1002.26; elapsed time: 0
INFO:root:_cost_function called at: 2.01562
INFO:root:_cost_function returning 1002.26; elapsed time: 0
INFO:root:_cost_function called at: 2.01562
INFO:root:_cost_function returning 1002.26; elapsed time: 0
INFO:root:_cost_function called at: 2.01562
INFO:root:_cost_function returning 1002.26; elapsed time: 0
INFO:root:_cost_function called at: 2.01562
INFO:root:_cost_function returning 1002.26; elapsed time: 0
INFO:root:_cost_function called at: 2.01562
INFO:root:_cost_function returning 1002.26; elapsed time: 0
INFO:root:_cost_function called at: 2.01562
INFO:root:_cost_function returning 1002.26; elapsed time: 0
INFO:root:_cost_function called at: 2.01562
INFO:root:_cost_function returning 1002.26; elapsed time: 0
INFO:root:_cost_function called at: 2.01562
INFO:root:_cost_function returning 1002.26; elapsed time: 0
INFO:root:_cost_function called at: 2.01562
INFO:root:_cost_function returning 1002.26; elapsed time: 0
INFO:root:_cost_function called at: 2.01562
INFO:root:_cost_function returning 1002.26; elapsed time: 0
INFO:root:_cost_function called at: 2.01562
INFO:root:_cost_function returning 1002.26; elapsed time: 0
INFO:root:_cost_function called at: 2.01562
INFO:root:_cost_function returning 1002.26; elapsed time: 0
INFO:root:_cost_function called at: 2.01562
INFO:root:_cost_function returning 1002.26; elapsed time: 0
INFO:root:_cost_function called at: 2.01562
INFO:root:_cost_function returning 1002.26; elapsed time: 0
INFO:root:_cost_function called at: 2.01562
INFO:root:_cost_function returning 1002.26; elapsed time: 0
INFO:root:_cost_function called at: 2.01562
INFO:root:_cost_function returning 1002.26; elapsed time: 0
INFO:root:_cost_function called at: 2.01562
INFO:root:_cost_function returning 1002.26; elapsed time: 0
INFO:root:_cost_function called at: 2.01562
INFO:root:_cost_function returning 1002.26; elapsed time: 0.015625
INFO:root:_cost_function called at: 2.03125
INFO:root:_cost_function returning 1002.26; elapsed time: 0
INFO:root:_cost_function called at: 2.03125
INFO:root:_cost_function returning 1002.26; elapsed time: 0
INFO:root:_cost_function called at: 2.03125
INFO:root:_cost_function returning 1002.26; elapsed time: 0
INFO:root:_cost_function called at: 2.03125
INFO:root:_cost_function returning 1002.26; elapsed time: 0
INFO:root:_cost_function called at: 2.03125
INFO:root:_cost_function returning 1002.26; elapsed time: 0
INFO:root:_cost_function called at: 2.03125
INFO:root:_cost_function returning 1002.26; elapsed time: 0
INFO:root:_cost_function called at: 2.03125
INFO:root:_cost_function returning 1002.26; elapsed time: 0
INFO:root:_cost_function called at: 2.03125
INFO:root:_cost_function returning 1002.26; elapsed time: 0
INFO:root:_cost_function called at: 2.03125
INFO:root:_cost_function returning 1002.26; elapsed time: 0
INFO:root:_cost_function called at: 2.03125
INFO:root:_cost_function returning 1002.26; elapsed time: 0
INFO:root:_cost_function called at: 2.03125
INFO:root:_cost_function returning 1002.26; elapsed time: 0
INFO:root:_cost_function called at: 2.03125
INFO:root:_cost_function returning 1002.26; elapsed time: 0
INFO:root:_cost_function called at: 2.03125
INFO:root:_cost_function returning 1002.26; elapsed time: 0
INFO:root:_cost_function called at: 2.03125
INFO:root:_cost_function returning 1002.26; elapsed time: 0
INFO:root:_cost_function called at: 2.03125
INFO:root:_cost_function returning 1002.26; elapsed time: 0
INFO:root:_cost_function called at: 2.03125
INFO:root:_cost_function returning 1002.26; elapsed time: 0
INFO:root:_cost_function called at: 2.03125
INFO:root:_cost_function returning 1002.26; elapsed time: 0
INFO:root:_cost_function called at: 2.03125
INFO:root:_cost_function returning 1002.26; elapsed time: 0
INFO:root:_cost_function called at: 2.03125
INFO:root:_cost_function returning 1002.26; elapsed time: 0
INFO:root:_cost_function called at: 2.03125
INFO:root:_cost_function returning 1002.26; elapsed time: 0
INFO:root:_cost_function called at: 2.03125
INFO:root:_cost_function returning 1002.26; elapsed time: 0
INFO:root:_cost_function called at: 2.03125
INFO:root:_cost_function returning 1002.26; elapsed time: 0
INFO:root:_cost_function called at: 2.03125
INFO:root:_cost_function returning 1002.26; elapsed time: 0
INFO:root:_cost_function called at: 2.03125
INFO:root:_cost_function returning 1002.26; elapsed time: 0
INFO:root:_cost_function called at: 2.03125
INFO:root:_cost_function returning 1002.26; elapsed time: 0
INFO:root:_cost_function called at: 2.03125
INFO:root:_cost_function returning 1002.26; elapsed time: 0
INFO:root:_cost_function called at: 2.03125
INFO:root:_cost_function returning 1002.26; elapsed time: 0
INFO:root:_cost_function called at: 2.03125
INFO:root:_cost_function returning 1002.26; elapsed time: 0
INFO:root:_cost_function called at: 2.03125
INFO:root:_cost_function returning 1002.26; elapsed time: 0
INFO:root:_cost_function called at: 2.03125
INFO:root:_cost_function returning 1002.26; elapsed time: 0
INFO:root:_cost_function called at: 2.03125
INFO:root:_cost_function returning 1002.26; elapsed time: 0
INFO:root:_cost_function called at: 2.03125
INFO:root:_cost_function returning 1002.26; elapsed time: 0
INFO:root:_cost_function called at: 2.03125
INFO:root:_cost_function returning 1002.26; elapsed time: 0
INFO:root:_cost_function called at: 2.03125
INFO:root:_cost_function returning 1002.26; elapsed time: 0
INFO:root:_cost_function called at: 2.03125
INFO:root:_cost_function returning 1002.26; elapsed time: 0
INFO:root:_cost_function called at: 2.03125
INFO:root:_cost_function returning 1002.26; elapsed time: 0
INFO:root:_cost_function called at: 2.03125
INFO:root:_cost_function returning 1002.26; elapsed time: 0
INFO:root:_cost_function called at: 2.03125
INFO:root:_cost_function returning 1002.26; elapsed time: 0
INFO:root:_cost_function called at: 2.03125
INFO:root:_cost_function returning 1002.26; elapsed time: 0
INFO:root:_cost_function called at: 2.03125
INFO:root:_cost_function returning 1002.26; elapsed time: 0
INFO:root:_cost_function called at: 2.03125
INFO:root:_cost_function returning 1002.26; elapsed time: 0
INFO:root:_cost_function called at: 2.03125
INFO:root:_cost_function returning 1002.26; elapsed time: 0
INFO:root:_cost_function called at: 2.03125
INFO:root:_cost_function returning 1002.26; elapsed time: 0
INFO:root:_cost_function called at: 2.03125
INFO:root:_cost_function returning 1002.26; elapsed time: 0
INFO:root:_cost_function called at: 2.03125
INFO:root:_cost_function returning 1002.26; elapsed time: 0
INFO:root:_cost_function called at: 2.03125
INFO:root:_cost_function returning 1002.26; elapsed time: 0
INFO:root:_cost_function called at: 2.03125
INFO:root:_cost_function returning 1002.26; elapsed time: 0
INFO:root:_cost_function called at: 2.03125
INFO:root:_cost_function returning 1002.26; elapsed time: 0
INFO:root:_cost_function called at: 2.03125
INFO:root:_cost_function returning 1002.26; elapsed time: 0
INFO:root:_cost_function called at: 2.04688
INFO:root:_cost_function returning 1002.24; elapsed time: 0
INFO:root:_cost_function called at: 2.04688
INFO:root:_cost_function returning 1002.24; elapsed time: 0
INFO:root:_cost_function called at: 2.04688
INFO:root:_cost_function returning 1002.24; elapsed time: 0
INFO:root:_cost_function called at: 2.04688
INFO:root:_cost_function returning 1002.24; elapsed time: 0
INFO:root:_cost_function called at: 2.04688
INFO:root:_cost_function returning 1002.24; elapsed time: 0
INFO:root:_cost_function called at: 2.04688
INFO:root:_cost_function returning 1002.24; elapsed time: 0
INFO:root:_cost_function called at: 2.04688
INFO:root:_cost_function returning 1002.24; elapsed time: 0
INFO:root:_cost_function called at: 2.04688
INFO:root:_cost_function returning 1002.24; elapsed time: 0
INFO:root:_cost_function called at: 2.04688
INFO:root:_cost_function returning 1002.24; elapsed time: 0
INFO:root:_cost_function called at: 2.04688
INFO:root:_cost_function returning 1002.24; elapsed time: 0
INFO:root:_cost_function called at: 2.04688
INFO:root:_cost_function returning 1002.24; elapsed time: 0
INFO:root:_cost_function called at: 2.04688
INFO:root:_cost_function returning 1002.24; elapsed time: 0
INFO:root:_cost_function called at: 2.04688
INFO:root:_cost_function returning 1002.24; elapsed time: 0
INFO:root:_cost_function called at: 2.04688
INFO:root:_cost_function returning 1002.24; elapsed time: 0
INFO:root:_cost_function called at: 2.04688
INFO:root:_cost_function returning 1002.24; elapsed time: 0
INFO:root:_cost_function called at: 2.04688
INFO:root:_cost_function returning 1002.24; elapsed time: 0
INFO:root:_cost_function called at: 2.04688
INFO:root:_cost_function returning 1002.24; elapsed time: 0
INFO:root:_cost_function called at: 2.04688
INFO:root:_cost_function returning 1002.24; elapsed time: 0
INFO:root:_cost_function called at: 2.04688
INFO:root:_cost_function returning 1002.24; elapsed time: 0
INFO:root:_cost_function called at: 2.04688
INFO:root:_cost_function returning 1002.24; elapsed time: 0
INFO:root:_cost_function called at: 2.04688
INFO:root:_cost_function returning 1002.24; elapsed time: 0
INFO:root:_cost_function called at: 2.04688
INFO:root:_cost_function returning 1002.24; elapsed time: 0
INFO:root:_cost_function called at: 2.04688
INFO:root:_cost_function returning 1002.24; elapsed time: 0
INFO:root:_cost_function called at: 2.04688
INFO:root:_cost_function returning 1002.24; elapsed time: 0
INFO:root:_cost_function called at: 2.04688
INFO:root:_cost_function returning 1002.24; elapsed time: 0
INFO:root:_cost_function called at: 2.04688
INFO:root:_cost_function returning 1002.24; elapsed time: 0
INFO:root:_cost_function called at: 2.04688
INFO:root:_cost_function returning 1002.24; elapsed time: 0
INFO:root:_cost_function called at: 2.04688
INFO:root:_cost_function returning 1002.24; elapsed time: 0
INFO:root:_cost_function called at: 2.04688
INFO:root:_cost_function returning 1002.24; elapsed time: 0
INFO:root:_cost_function called at: 2.04688
INFO:root:_cost_function returning 1002.24; elapsed time: 0
INFO:root:_cost_function called at: 2.04688
INFO:root:_cost_function returning 1002.24; elapsed time: 0
INFO:root:_cost_function called at: 2.04688
INFO:root:_cost_function returning 1002.24; elapsed time: 0
INFO:root:_cost_function called at: 2.04688
INFO:root:_cost_function returning 1002.24; elapsed time: 0
INFO:root:_cost_function called at: 2.04688
INFO:root:_cost_function returning 1002.24; elapsed time: 0
INFO:root:_cost_function called at: 2.04688
INFO:root:_cost_function returning 1002.24; elapsed time: 0
INFO:root:_cost_function called at: 2.04688
INFO:root:_cost_function returning 1002.24; elapsed time: 0
INFO:root:_cost_function called at: 2.04688
INFO:root:_cost_function returning 1002.24; elapsed time: 0
INFO:root:_cost_function called at: 2.04688
INFO:root:_cost_function returning 1002.24; elapsed time: 0
INFO:root:_cost_function called at: 2.04688
INFO:root:_cost_function returning 1002.24; elapsed time: 0
INFO:root:_cost_function called at: 2.04688
INFO:root:_cost_function returning 1002.24; elapsed time: 0
INFO:root:_cost_function called at: 2.04688
INFO:root:_cost_function returning 1002.24; elapsed time: 0
INFO:root:_cost_function called at: 2.04688
INFO:root:_cost_function returning 1002.24; elapsed time: 0
INFO:root:_cost_function called at: 2.04688
INFO:root:_cost_function returning 1002.24; elapsed time: 0
INFO:root:_cost_function called at: 2.04688
INFO:root:_cost_function returning 1002.24; elapsed time: 0
INFO:root:_cost_function called at: 2.04688
INFO:root:_cost_function returning 1002.24; elapsed time: 0
INFO:root:_cost_function called at: 2.04688
INFO:root:_cost_function returning 1002.24; elapsed time: 0
INFO:root:_cost_function called at: 2.04688
INFO:root:_cost_function returning 1002.24; elapsed time: 0
INFO:root:_cost_function called at: 2.04688
INFO:root:_cost_function returning 1002.24; elapsed time: 0
INFO:root:_cost_function called at: 2.04688
INFO:root:_cost_function returning 1002.24; elapsed time: 0
INFO:root:_cost_function called at: 2.04688
INFO:root:_cost_function returning 1002.24; elapsed time: 0
INFO:root:_cost_function called at: 2.04688
INFO:root:_cost_function returning 1002.24; elapsed time: 0
INFO:root:_cost_function called at: 2.04688
INFO:root:_cost_function returning 1002.24; elapsed time: 0
INFO:root:_cost_function called at: 2.04688
INFO:root:_cost_function returning 1002.24; elapsed time: 0
INFO:root:_cost_function called at: 2.04688
INFO:root:_cost_function returning 1002.24; elapsed time: 0
INFO:root:_cost_function called at: 2.04688
INFO:root:_cost_function returning 1002.24; elapsed time: 0
INFO:root:_cost_function called at: 2.04688
INFO:root:_cost_function returning 1002.24; elapsed time: 0
INFO:root:_cost_function called at: 2.04688
INFO:root:_cost_function returning 1002.24; elapsed time: 0
INFO:root:_cost_function called at: 2.04688
INFO:root:_cost_function returning 1002.24; elapsed time: 0
INFO:root:_cost_function called at: 2.04688
INFO:root:_cost_function returning 1002.24; elapsed time: 0
INFO:root:_cost_function called at: 2.04688
INFO:root:_cost_function returning 1002.24; elapsed time: 0
INFO:root:_cost_function called at: 2.04688
INFO:root:_cost_function returning 1002.24; elapsed time: 0
INFO:root:_cost_function called at: 2.04688
INFO:root:_cost_function returning 1002.24; elapsed time: 0
INFO:root:_cost_function called at: 2.04688
INFO:root:_cost_function returning 1002.24; elapsed time: 0
INFO:root:_cost_function called at: 2.04688
INFO:root:_cost_function returning 1002.24; elapsed time: 0
INFO:root:_cost_function called at: 2.04688
INFO:root:_cost_function returning 1002.24; elapsed time: 0
INFO:root:_cost_function called at: 2.04688
INFO:root:_cost_function returning 1002.24; elapsed time: 0
INFO:root:_cost_function called at: 2.04688
INFO:root:_cost_function returning 1002.24; elapsed time: 0
INFO:root:_cost_function called at: 2.04688
INFO:root:_cost_function returning 1002.24; elapsed time: 0
INFO:root:_cost_function called at: 2.04688
INFO:root:_cost_function returning 1002.24; elapsed time: 0
INFO:root:_cost_function called at: 2.04688
INFO:root:_cost_function returning 1002.24; elapsed time: 0
INFO:root:_cost_function called at: 2.04688
INFO:root:_cost_function returning 1002.24; elapsed time: 0
INFO:root:_cost_function called at: 2.04688
INFO:root:_cost_function returning 1002.24; elapsed time: 0
INFO:root:_cost_function called at: 2.04688
INFO:root:_cost_function returning 1002.24; elapsed time: 0
INFO:root:_cost_function called at: 2.04688
INFO:root:_cost_function returning 1002.24; elapsed time: 0
INFO:root:_cost_function called at: 2.04688
INFO:root:_cost_function returning 1002.24; elapsed time: 0
INFO:root:_cost_function called at: 2.04688
INFO:root:_cost_function returning 1002.24; elapsed time: 0
INFO:root:_cost_function called at: 2.04688
INFO:root:_cost_function returning 1002.24; elapsed time: 0
INFO:root:_cost_function called at: 2.04688
INFO:root:_cost_function returning 1002.24; elapsed time: 0
INFO:root:_cost_function called at: 2.04688
INFO:root:_cost_function returning 1002.24; elapsed time: 0
INFO:root:_cost_function called at: 2.04688
INFO:root:_cost_function returning 1002.24; elapsed time: 0
INFO:root:_cost_function called at: 2.04688
INFO:root:_cost_function returning 1002.24; elapsed time: 0
INFO:root:_cost_function called at: 2.04688
INFO:root:_cost_function returning 1002.24; elapsed time: 0
INFO:root:_cost_function called at: 2.04688
INFO:root:_cost_function returning 1002.24; elapsed time: 0
INFO:root:_cost_function called at: 2.04688
INFO:root:_cost_function returning 1002.24; elapsed time: 0
INFO:root:_cost_function called at: 2.04688
INFO:root:_cost_function returning 1002.24; elapsed time: 0
INFO:root:_cost_function called at: 2.04688
INFO:root:_cost_function returning 1002.24; elapsed time: 0
INFO:root:_cost_function called at: 2.04688
INFO:root:_cost_function returning 1002.24; elapsed time: 0
INFO:root:_cost_function called at: 2.04688
INFO:root:_cost_function returning 1002.24; elapsed time: 0
INFO:root:_cost_function called at: 2.0625
INFO:root:_cost_function returning 1002.24; elapsed time: 0
INFO:root:_cost_function called at: 2.0625
INFO:root:_cost_function returning 1002.24; elapsed time: 0
INFO:root:_cost_function called at: 2.0625
INFO:root:_cost_function returning 1002.24; elapsed time: 0
INFO:root:_cost_function called at: 2.0625
INFO:root:_cost_function returning 1002.24; elapsed time: 0
INFO:root:_cost_function called at: 2.0625
INFO:root:_cost_function returning 1002.24; elapsed time: 0
INFO:root:_cost_function called at: 2.0625
INFO:root:_cost_function returning 1002.24; elapsed time: 0
INFO:root:_cost_function called at: 2.0625
INFO:root:_cost_function returning 1002.24; elapsed time: 0
INFO:root:_cost_function called at: 2.0625
INFO:root:_cost_function returning 1002.24; elapsed time: 0
INFO:root:_cost_function called at: 2.0625
INFO:root:_cost_function returning 1002.24; elapsed time: 0
INFO:root:_cost_function called at: 2.0625
INFO:root:_cost_function returning 1002.24; elapsed time: 0
INFO:root:_cost_function called at: 2.0625
INFO:root:_cost_function returning 1002.24; elapsed time: 0
INFO:root:_cost_function called at: 2.0625
INFO:root:_cost_function returning 1002.24; elapsed time: 0
INFO:root:_cost_function called at: 2.0625
INFO:root:_cost_function returning 1002.24; elapsed time: 0
INFO:root:_cost_function called at: 2.0625
INFO:root:_cost_function returning 1002.2; elapsed time: 0
INFO:root:_cost_function called at: 2.0625
INFO:root:_cost_function returning 1002.22; elapsed time: 0
INFO:root:_cost_function called at: 2.0625
INFO:root:_cost_function returning 1002.22; elapsed time: 0
INFO:root:_cost_function called at: 2.0625
INFO:root:_cost_function returning 1002.22; elapsed time: 0
INFO:root:_cost_function called at: 2.0625
INFO:root:_cost_function returning 1002.22; elapsed time: 0
INFO:root:_cost_function called at: 2.0625
INFO:root:_cost_function returning 1002.22; elapsed time: 0
INFO:root:_cost_function called at: 2.0625
INFO:root:_cost_function returning 1002.22; elapsed time: 0
INFO:root:_cost_function called at: 2.0625
INFO:root:_cost_function returning 1002.22; elapsed time: 0
INFO:root:_cost_function called at: 2.0625
INFO:root:_cost_function returning 1002.22; elapsed time: 0
INFO:root:_cost_function called at: 2.0625
INFO:root:_cost_function returning 1002.22; elapsed time: 0
INFO:root:_cost_function called at: 2.0625
INFO:root:_cost_function returning 1002.22; elapsed time: 0
INFO:root:_cost_function called at: 2.0625
INFO:root:_cost_function returning 1002.22; elapsed time: 0
INFO:root:_cost_function called at: 2.0625
INFO:root:_cost_function returning 1002.22; elapsed time: 0
INFO:root:_cost_function called at: 2.0625
INFO:root:_cost_function returning 1002.22; elapsed time: 0
INFO:root:_cost_function called at: 2.0625
INFO:root:_cost_function returning 1002.22; elapsed time: 0
INFO:root:_cost_function called at: 2.0625
INFO:root:_cost_function returning 1002.22; elapsed time: 0
INFO:root:_cost_function called at: 2.0625
INFO:root:_cost_function returning 1002.22; elapsed time: 0
INFO:root:_cost_function called at: 2.0625
INFO:root:_cost_function returning 1002.22; elapsed time: 0
INFO:root:_cost_function called at: 2.0625
INFO:root:_cost_function returning 1002.22; elapsed time: 0
INFO:root:_cost_function called at: 2.0625
INFO:root:_cost_function returning 1002.22; elapsed time: 0
INFO:root:_cost_function called at: 2.0625
INFO:root:_cost_function returning 1002.22; elapsed time: 0
INFO:root:_cost_function called at: 2.0625
INFO:root:_cost_function returning 1002.22; elapsed time: 0
INFO:root:_cost_function called at: 2.0625
INFO:root:_cost_function returning 1002.22; elapsed time: 0
INFO:root:_cost_function called at: 2.0625
INFO:root:_cost_function returning 1002.22; elapsed time: 0
INFO:root:_cost_function called at: 2.0625
INFO:root:_cost_function returning 1002.22; elapsed time: 0
INFO:root:_cost_function called at: 2.0625
INFO:root:_cost_function returning 1002.22; elapsed time: 0
INFO:root:_cost_function called at: 2.0625
INFO:root:_cost_function returning 1002.22; elapsed time: 0
INFO:root:_cost_function called at: 2.07812
INFO:root:_cost_function returning 1002.22; elapsed time: 0
INFO:root:_cost_function called at: 2.07812
INFO:root:_cost_function returning 1002.22; elapsed time: 0
INFO:root:_cost_function called at: 2.07812
INFO:root:_cost_function returning 1002.22; elapsed time: 0
INFO:root:_cost_function called at: 2.07812
INFO:root:_cost_function returning 1002.22; elapsed time: 0
INFO:root:_cost_function called at: 2.07812
INFO:root:_cost_function returning 1002.22; elapsed time: 0
INFO:root:_cost_function called at: 2.07812
INFO:root:_cost_function returning 1002.22; elapsed time: 0
INFO:root:_cost_function called at: 2.07812
INFO:root:_cost_function returning 1002.22; elapsed time: 0
INFO:root:_cost_function called at: 2.07812
INFO:root:_cost_function returning 1002.22; elapsed time: 0
INFO:root:_cost_function called at: 2.07812
INFO:root:_cost_function returning 1002.22; elapsed time: 0
INFO:root:_cost_function called at: 2.07812
INFO:root:_cost_function returning 1002.22; elapsed time: 0
INFO:root:_cost_function called at: 2.07812
INFO:root:_cost_function returning 1002.22; elapsed time: 0
INFO:root:_cost_function called at: 2.07812
INFO:root:_cost_function returning 1002.22; elapsed time: 0
INFO:root:_cost_function called at: 2.07812
INFO:root:_cost_function returning 1002.22; elapsed time: 0
INFO:root:_cost_function called at: 2.07812
INFO:root:_cost_function returning 1002.22; elapsed time: 0
INFO:root:_cost_function called at: 2.07812
INFO:root:_cost_function returning 1002.22; elapsed time: 0
INFO:root:_cost_function called at: 2.07812
INFO:root:_cost_function returning 1002.22; elapsed time: 0
INFO:root:_cost_function called at: 2.07812
INFO:root:_cost_function returning 1002.22; elapsed time: 0
INFO:root:_cost_function called at: 2.07812
INFO:root:_cost_function returning 1002.22; elapsed time: 0
INFO:root:_cost_function called at: 2.07812
INFO:root:_cost_function returning 1002.22; elapsed time: 0
INFO:root:_cost_function called at: 2.07812
INFO:root:_cost_function returning 1002.22; elapsed time: 0
INFO:root:_cost_function called at: 2.07812
INFO:root:_cost_function returning 1002.22; elapsed time: 0
INFO:root:_cost_function called at: 2.07812
INFO:root:_cost_function returning 1002.22; elapsed time: 0
INFO:root:_cost_function called at: 2.07812
INFO:root:_cost_function returning 1002.22; elapsed time: 0
INFO:root:_cost_function called at: 2.07812
INFO:root:_cost_function returning 1002.22; elapsed time: 0
INFO:root:_cost_function called at: 2.07812
INFO:root:_cost_function returning 1002.22; elapsed time: 0
INFO:root:_cost_function called at: 2.07812
INFO:root:_cost_function returning 1002.22; elapsed time: 0
INFO:root:_cost_function called at: 2.07812
INFO:root:_cost_function returning 1002.22; elapsed time: 0
INFO:root:_cost_function called at: 2.07812
INFO:root:_cost_function returning 1002.22; elapsed time: 0
INFO:root:_cost_function called at: 2.07812
INFO:root:_cost_function returning 1002.22; elapsed time: 0
INFO:root:_cost_function called at: 2.07812
INFO:root:_cost_function returning 1002.22; elapsed time: 0
INFO:root:_cost_function called at: 2.07812
INFO:root:_cost_function returning 1002.22; elapsed time: 0
INFO:root:_cost_function called at: 2.07812
INFO:root:_cost_function returning 1002.22; elapsed time: 0
INFO:root:_cost_function called at: 2.07812
INFO:root:_cost_function returning 1002.22; elapsed time: 0
INFO:root:_cost_function called at: 2.07812
INFO:root:_cost_function returning 1002.22; elapsed time: 0
INFO:root:_cost_function called at: 2.07812
INFO:root:_cost_function returning 1002.22; elapsed time: 0
INFO:root:_cost_function called at: 2.07812
INFO:root:_cost_function returning 1002.22; elapsed time: 0
INFO:root:_cost_function called at: 2.07812
INFO:root:_cost_function returning 1002.22; elapsed time: 0
INFO:root:_cost_function called at: 2.07812
INFO:root:_cost_function returning 1002.22; elapsed time: 0
INFO:root:_cost_function called at: 2.07812
INFO:root:_cost_function returning 1002.22; elapsed time: 0
INFO:root:_cost_function called at: 2.07812
INFO:root:_cost_function returning 1002.22; elapsed time: 0
INFO:root:_cost_function called at: 2.07812
INFO:root:_cost_function returning 1002.22; elapsed time: 0
INFO:root:_cost_function called at: 2.07812
INFO:root:_cost_function returning 1002.22; elapsed time: 0
INFO:root:_cost_function called at: 2.07812
INFO:root:_cost_function returning 1002.22; elapsed time: 0
INFO:root:_cost_function called at: 2.07812
INFO:root:_cost_function returning 1002.22; elapsed time: 0
INFO:root:_cost_function called at: 2.07812
INFO:root:_cost_function returning 1002.22; elapsed time: 0
INFO:root:_cost_function called at: 2.07812
INFO:root:_cost_function returning 1002.22; elapsed time: 0
INFO:root:_cost_function called at: 2.07812
INFO:root:_cost_function returning 1002.22; elapsed time: 0
INFO:root:_cost_function called at: 2.07812
INFO:root:_cost_function returning 1002.22; elapsed time: 0
INFO:root:_cost_function called at: 2.07812
INFO:root:_cost_function returning 1002.22; elapsed time: 0
INFO:root:_cost_function called at: 2.07812
INFO:root:_cost_function returning 1002.22; elapsed time: 0
INFO:root:_cost_function called at: 2.07812
INFO:root:_cost_function returning 1002.22; elapsed time: 0
INFO:root:_cost_function called at: 2.07812
INFO:root:_cost_function returning 1002.22; elapsed time: 0
INFO:root:_cost_function called at: 2.07812
INFO:root:_cost_function returning 1002.22; elapsed time: 0
INFO:root:_cost_function called at: 2.07812
INFO:root:_cost_function returning 1002.22; elapsed time: 0
INFO:root:_cost_function called at: 2.07812
INFO:root:_cost_function returning 1002.22; elapsed time: 0
INFO:root:_cost_function called at: 2.07812
INFO:root:_cost_function returning 1002.22; elapsed time: 0
INFO:root:_cost_function called at: 2.07812
INFO:root:_cost_function returning 1002.22; elapsed time: 0
INFO:root:_cost_function called at: 2.07812
INFO:root:_cost_function returning 1002.22; elapsed time: 0
INFO:root:_cost_function called at: 2.07812
INFO:root:_cost_function returning 1002.22; elapsed time: 0
INFO:root:_cost_function called at: 2.07812
INFO:root:_cost_function returning 1002.22; elapsed time: 0
INFO:root:_cost_function called at: 2.07812
INFO:root:_cost_function returning 1002.22; elapsed time: 0
INFO:root:_cost_function called at: 2.07812
INFO:root:_cost_function returning 1002.22; elapsed time: 0
INFO:root:_cost_function called at: 2.07812
INFO:root:_cost_function returning 1002.22; elapsed time: 0
INFO:root:_cost_function called at: 2.07812
INFO:root:_cost_function returning 1002.22; elapsed time: 0
INFO:root:_cost_function called at: 2.07812
INFO:root:_cost_function returning 1002.22; elapsed time: 0
INFO:root:_cost_function called at: 2.07812
INFO:root:_cost_function returning 1002.22; elapsed time: 0
INFO:root:_cost_function called at: 2.07812
INFO:root:_cost_function returning 1002.22; elapsed time: 0
INFO:root:_cost_function called at: 2.07812
INFO:root:_cost_function returning 1002.22; elapsed time: 0
INFO:root:_cost_function called at: 2.07812
INFO:root:_cost_function returning 1002.22; elapsed time: 0
INFO:root:_cost_function called at: 2.07812
INFO:root:_cost_function returning 1002.22; elapsed time: 0
INFO:root:_cost_function called at: 2.07812
INFO:root:_cost_function returning 1002.22; elapsed time: 0
INFO:root:_cost_function called at: 2.07812
INFO:root:_cost_function returning 1002.22; elapsed time: 0
INFO:root:_cost_function called at: 2.07812
INFO:root:_cost_function returning 1002.22; elapsed time: 0
INFO:root:_cost_function called at: 2.07812
INFO:root:_cost_function returning 1002.22; elapsed time: 0
INFO:root:_cost_function called at: 2.07812
INFO:root:_cost_function returning 1002.22; elapsed time: 0
INFO:root:_cost_function called at: 2.09375
INFO:root:_cost_function returning 1002.22; elapsed time: 0
INFO:root:_cost_function called at: 2.09375
INFO:root:_cost_function returning 1002.22; elapsed time: 0
INFO:root:_cost_function called at: 2.09375
INFO:root:_cost_function returning 1002.22; elapsed time: 0
INFO:root:_cost_function called at: 2.09375
INFO:root:_cost_function returning 1002.22; elapsed time: 0
INFO:root:_cost_function called at: 2.09375
INFO:root:_cost_function returning 1002.22; elapsed time: 0
INFO:root:_cost_function called at: 2.09375
INFO:root:_cost_function returning 1002.22; elapsed time: 0
INFO:root:_cost_function called at: 2.09375
INFO:root:_cost_function returning 1002.22; elapsed time: 0
INFO:root:_cost_function called at: 2.09375
INFO:root:_cost_function returning 1002.22; elapsed time: 0
INFO:root:_cost_function called at: 2.09375
INFO:root:_cost_function returning 1002.22; elapsed time: 0
INFO:root:_cost_function called at: 2.09375
INFO:root:_cost_function returning 1002.22; elapsed time: 0
INFO:root:_cost_function called at: 2.09375
INFO:root:_cost_function returning 1002.22; elapsed time: 0
INFO:root:_cost_function called at: 2.09375
INFO:root:_cost_function returning 1002.22; elapsed time: 0
INFO:root:_cost_function called at: 2.09375
INFO:root:_cost_function returning 1002.22; elapsed time: 0
INFO:root:_cost_function called at: 2.09375
INFO:root:_cost_function returning 1002.22; elapsed time: 0
INFO:root:_cost_function called at: 2.09375
INFO:root:_cost_function returning 1002.22; elapsed time: 0
INFO:root:_cost_function called at: 2.09375
INFO:root:_cost_function returning 1002.22; elapsed time: 0
INFO:root:_cost_function called at: 2.09375
INFO:root:_cost_function returning 1002.22; elapsed time: 0
INFO:root:_cost_function called at: 2.09375
INFO:root:_cost_function returning 1002.22; elapsed time: 0
INFO:root:_cost_function called at: 2.09375
INFO:root:_cost_function returning 1002.22; elapsed time: 0
INFO:root:_cost_function called at: 2.09375
INFO:root:_cost_function returning 1002.22; elapsed time: 0
INFO:root:_cost_function called at: 2.09375
INFO:root:_cost_function returning 1002.22; elapsed time: 0
INFO:root:_cost_function called at: 2.09375
INFO:root:_cost_function returning 1002.22; elapsed time: 0
INFO:root:_cost_function called at: 2.09375
INFO:root:_cost_function returning 1002.22; elapsed time: 0
INFO:root:_cost_function called at: 2.09375
INFO:root:_cost_function returning 1002.22; elapsed time: 0
INFO:root:_cost_function called at: 2.09375
INFO:root:_cost_function returning 1002.22; elapsed time: 0
INFO:root:_cost_function called at: 2.09375
INFO:root:_cost_function returning 1002.22; elapsed time: 0
INFO:root:_cost_function called at: 2.09375
INFO:root:_cost_function returning 1002.22; elapsed time: 0
INFO:root:_cost_function called at: 2.09375
INFO:root:_cost_function returning 1002.22; elapsed time: 0
INFO:root:_cost_function called at: 2.09375
INFO:root:_cost_function returning 1002.22; elapsed time: 0
INFO:root:_cost_function called at: 2.09375
INFO:root:_cost_function returning 1002.22; elapsed time: 0
INFO:root:_cost_function called at: 2.09375
INFO:root:_cost_function returning 1002.22; elapsed time: 0
INFO:root:_cost_function called at: 2.09375
INFO:root:_cost_function returning 1002.22; elapsed time: 0
INFO:root:_cost_function called at: 2.09375
INFO:root:_cost_function returning 1002.22; elapsed time: 0
INFO:root:_cost_function called at: 2.09375
INFO:root:_cost_function returning 1002.22; elapsed time: 0
INFO:root:_cost_function called at: 2.09375
INFO:root:_cost_function returning 1002.22; elapsed time: 0
INFO:root:_cost_function called at: 2.09375
INFO:root:_cost_function returning 1002.22; elapsed time: 0
INFO:root:_cost_function called at: 2.09375
INFO:root:_cost_function returning 1002.22; elapsed time: 0
INFO:root:_cost_function called at: 2.09375
INFO:root:_cost_function returning 1002.22; elapsed time: 0
INFO:root:_cost_function called at: 2.09375
INFO:root:_cost_function returning 1002.22; elapsed time: 0
INFO:root:_cost_function called at: 2.09375
INFO:root:_cost_function returning 1002.22; elapsed time: 0
INFO:root:_cost_function called at: 2.09375
INFO:root:_cost_function returning 1002.22; elapsed time: 0
INFO:root:_cost_function called at: 2.09375
INFO:root:_cost_function returning 1002.22; elapsed time: 0
INFO:root:_cost_function called at: 2.09375
INFO:root:_cost_function returning 1002.22; elapsed time: 0
INFO:root:_cost_function called at: 2.09375
INFO:root:_cost_function returning 1002.22; elapsed time: 0
INFO:root:_cost_function called at: 2.09375
INFO:root:_cost_function returning 1002.22; elapsed time: 0
INFO:root:_cost_function called at: 2.09375
INFO:root:_cost_function returning 1002.22; elapsed time: 0
INFO:root:_cost_function called at: 2.09375
INFO:root:_cost_function returning 1002.22; elapsed time: 0
INFO:root:_cost_function called at: 2.09375
INFO:root:_cost_function returning 1002.22; elapsed time: 0
INFO:root:_cost_function called at: 2.09375
INFO:root:_cost_function returning 1002.22; elapsed time: 0
INFO:root:_cost_function called at: 2.09375
INFO:root:_cost_function returning 1002.22; elapsed time: 0
INFO:root:_cost_function called at: 2.09375
INFO:root:_cost_function returning 1002.22; elapsed time: 0
INFO:root:_cost_function called at: 2.09375
INFO:root:_cost_function returning 1002.22; elapsed time: 0
INFO:root:_cost_function called at: 2.09375
INFO:root:_cost_function returning 1002.22; elapsed time: 0
INFO:root:_cost_function called at: 2.09375
INFO:root:_cost_function returning 1002.22; elapsed time: 0
INFO:root:_cost_function called at: 2.09375
INFO:root:_cost_function returning 1002.22; elapsed time: 0
INFO:root:_cost_function called at: 2.09375
INFO:root:_cost_function returning 1002.22; elapsed time: 0
INFO:root:_cost_function called at: 2.09375
INFO:root:_cost_function returning 1002.22; elapsed time: 0
INFO:root:_cost_function called at: 2.09375
INFO:root:_cost_function returning 1002.22; elapsed time: 0
INFO:root:_cost_function called at: 2.09375
INFO:root:_cost_function returning 1002.22; elapsed time: 0
INFO:root:_cost_function called at: 2.09375
INFO:root:_cost_function returning 1002.22; elapsed time: 0
INFO:root:_cost_function called at: 2.09375
INFO:root:_cost_function returning 1002.22; elapsed time: 0
INFO:root:_cost_function called at: 2.09375
INFO:root:_cost_function returning 1002.22; elapsed time: 0
INFO:root:_cost_function called at: 2.09375
INFO:root:_cost_function returning 1002.22; elapsed time: 0
INFO:root:_cost_function called at: 2.09375
INFO:root:_cost_function returning 1002.22; elapsed time: 0.015625
INFO:root:_cost_function called at: 2.10938
INFO:root:_cost_function returning 1002.22; elapsed time: 0
INFO:root:_cost_function called at: 2.10938
INFO:root:_cost_function returning 1002.22; elapsed time: 0
INFO:root:_cost_function called at: 2.10938
INFO:root:_cost_function returning 1002.22; elapsed time: 0
INFO:root:_cost_function called at: 2.10938
INFO:root:_cost_function returning 1002.22; elapsed time: 0
INFO:root:_cost_function called at: 2.10938
INFO:root:_cost_function returning 1002.22; elapsed time: 0
INFO:root:_cost_function called at: 2.10938
INFO:root:_cost_function returning 1002.22; elapsed time: 0
INFO:root:_cost_function called at: 2.10938
INFO:root:_cost_function returning 1002.22; elapsed time: 0
INFO:root:_cost_function called at: 2.10938
INFO:root:_cost_function returning 1002.22; elapsed time: 0
INFO:root:_cost_function called at: 2.10938
INFO:root:_cost_function returning 1002.22; elapsed time: 0
INFO:root:_cost_function called at: 2.10938
INFO:root:_cost_function returning 1002.22; elapsed time: 0
INFO:root:_cost_function called at: 2.10938
INFO:root:_cost_function returning 1002.22; elapsed time: 0
INFO:root:_cost_function called at: 2.10938
INFO:root:_cost_function returning 1002.22; elapsed time: 0
INFO:root:_cost_function called at: 2.10938
INFO:root:_cost_function returning 1002.22; elapsed time: 0
INFO:root:_cost_function called at: 2.10938
INFO:root:_cost_function returning 1002.22; elapsed time: 0
INFO:root:_cost_function called at: 2.10938
INFO:root:_cost_function returning 1002.22; elapsed time: 0
INFO:root:_cost_function called at: 2.10938
INFO:root:_cost_function returning 1002.22; elapsed time: 0
INFO:root:_cost_function called at: 2.10938
INFO:root:_cost_function returning 1002.22; elapsed time: 0
INFO:root:_cost_function called at: 2.10938
INFO:root:_cost_function returning 1002.22; elapsed time: 0
INFO:root:_cost_function called at: 2.10938
INFO:root:_cost_function returning 1002.22; elapsed time: 0
INFO:root:_cost_function called at: 2.10938
INFO:root:_cost_function returning 1002.22; elapsed time: 0
INFO:root:_cost_function called at: 2.10938
INFO:root:_cost_function returning 1002.22; elapsed time: 0
INFO:root:_cost_function called at: 2.10938
INFO:root:_cost_function returning 1002.22; elapsed time: 0
INFO:root:_cost_function called at: 2.10938
INFO:root:_cost_function returning 1002.22; elapsed time: 0
INFO:root:_cost_function called at: 2.10938
INFO:root:_cost_function returning 1002.22; elapsed time: 0
INFO:root:_cost_function called at: 2.10938
INFO:root:_cost_function returning 1002.22; elapsed time: 0
INFO:root:_cost_function called at: 2.10938
INFO:root:_cost_function returning 1002.22; elapsed time: 0
INFO:root:_cost_function called at: 2.10938
INFO:root:_cost_function returning 1002.22; elapsed time: 0
INFO:root:_cost_function called at: 2.10938
INFO:root:_cost_function returning 1002.22; elapsed time: 0
INFO:root:_cost_function called at: 2.10938
INFO:root:_cost_function returning 1002.22; elapsed time: 0
INFO:root:_cost_function called at: 2.10938
INFO:root:_cost_function returning 1002.22; elapsed time: 0
INFO:root:_cost_function called at: 2.10938
INFO:root:_cost_function returning 1002.22; elapsed time: 0
INFO:root:_cost_function called at: 2.10938
INFO:root:_cost_function returning 1002.22; elapsed time: 0
INFO:root:_cost_function called at: 2.10938
INFO:root:_cost_function returning 1002.22; elapsed time: 0
INFO:root:_cost_function called at: 2.10938
INFO:root:_cost_function returning 1002.22; elapsed time: 0
INFO:root:_cost_function called at: 2.10938
INFO:root:_cost_function returning 1002.22; elapsed time: 0
INFO:root:_cost_function called at: 2.10938
INFO:root:_cost_function returning 1002.22; elapsed time: 0
INFO:root:_cost_function called at: 2.10938
INFO:root:_cost_function returning 1002.22; elapsed time: 0
INFO:root:_cost_function called at: 2.125
INFO:root:_cost_function returning 1002.18; elapsed time: 0
INFO:root:_cost_function called at: 2.125
INFO:root:_cost_function returning 1002.18; elapsed time: 0
INFO:root:_cost_function called at: 2.125
INFO:root:_cost_function returning 1002.18; elapsed time: 0
INFO:root:_cost_function called at: 2.125
INFO:root:_cost_function returning 1002.18; elapsed time: 0
INFO:root:_cost_function called at: 2.125
INFO:root:_cost_function returning 1002.18; elapsed time: 0
INFO:root:_cost_function called at: 2.125
INFO:root:_cost_function returning 1002.18; elapsed time: 0
INFO:root:_cost_function called at: 2.125
INFO:root:_cost_function returning 1002.18; elapsed time: 0
INFO:root:_cost_function called at: 2.125
INFO:root:_cost_function returning 1002.18; elapsed time: 0
INFO:root:_cost_function called at: 2.125
INFO:root:_cost_function returning 1002.18; elapsed time: 0
INFO:root:_cost_function called at: 2.125
INFO:root:_cost_function returning 1002.18; elapsed time: 0
INFO:root:_cost_function called at: 2.125
INFO:root:_cost_function returning 1002.18; elapsed time: 0
INFO:root:_cost_function called at: 2.125
INFO:root:_cost_function returning 1002.18; elapsed time: 0
INFO:root:_cost_function called at: 2.125
INFO:root:_cost_function returning 1002.18; elapsed time: 0
INFO:root:_cost_function called at: 2.125
INFO:root:_cost_function returning 1002.18; elapsed time: 0
INFO:root:_cost_function called at: 2.125
INFO:root:_cost_function returning 1002.18; elapsed time: 0
INFO:root:_cost_function called at: 2.125
INFO:root:_cost_function returning 1002.18; elapsed time: 0
INFO:root:_cost_function called at: 2.125
INFO:root:_cost_function returning 1002.18; elapsed time: 0
INFO:root:_cost_function called at: 2.125
INFO:root:_cost_function returning 1002.18; elapsed time: 0
INFO:root:_cost_function called at: 2.125
INFO:root:_cost_function returning 1002.18; elapsed time: 0
INFO:root:_cost_function called at: 2.125
INFO:root:_cost_function returning 1002.18; elapsed time: 0
INFO:root:_cost_function called at: 2.125
INFO:root:_cost_function returning 1002.18; elapsed time: 0
INFO:root:_cost_function called at: 2.125
INFO:root:_cost_function returning 1002.18; elapsed time: 0
INFO:root:_cost_function called at: 2.125
INFO:root:_cost_function returning 1002.18; elapsed time: 0
INFO:root:_cost_function called at: 2.125
INFO:root:_cost_function returning 1002.18; elapsed time: 0
INFO:root:_cost_function called at: 2.125
INFO:root:_cost_function returning 1002.18; elapsed time: 0
INFO:root:_cost_function called at: 2.125
INFO:root:_cost_function returning 1002.18; elapsed time: 0
INFO:root:_cost_function called at: 2.125
INFO:root:_cost_function returning 1002.18; elapsed time: 0
INFO:root:_cost_function called at: 2.125
INFO:root:_cost_function returning 1002.18; elapsed time: 0
INFO:root:_cost_function called at: 2.125
INFO:root:_cost_function returning 1002.18; elapsed time: 0
INFO:root:_cost_function called at: 2.125
INFO:root:_cost_function returning 1002.18; elapsed time: 0
INFO:root:_cost_function called at: 2.125
INFO:root:_cost_function returning 1002.18; elapsed time: 0
INFO:root:_cost_function called at: 2.125
INFO:root:_cost_function returning 1002.18; elapsed time: 0
INFO:root:_cost_function called at: 2.125
INFO:root:_cost_function returning 1002.18; elapsed time: 0
INFO:root:_cost_function called at: 2.125
INFO:root:_cost_function returning 1002.18; elapsed time: 0
INFO:root:_cost_function called at: 2.125
INFO:root:_cost_function returning 1002.18; elapsed time: 0
INFO:root:_cost_function called at: 2.125
INFO:root:_cost_function returning 1002.18; elapsed time: 0
INFO:root:_cost_function called at: 2.125
INFO:root:_cost_function returning 1002.18; elapsed time: 0
INFO:root:_cost_function called at: 2.125
INFO:root:_cost_function returning 1002.18; elapsed time: 0
INFO:root:_cost_function called at: 2.125
INFO:root:_cost_function returning 1002.18; elapsed time: 0
INFO:root:_cost_function called at: 2.125
INFO:root:_cost_function returning 1002.18; elapsed time: 0
INFO:root:_cost_function called at: 2.125
INFO:root:_cost_function returning 1002.18; elapsed time: 0
INFO:root:_cost_function called at: 2.125
INFO:root:_cost_function returning 1002.18; elapsed time: 0
INFO:root:_cost_function called at: 2.125
INFO:root:_cost_function returning 1002.18; elapsed time: 0
INFO:root:_cost_function called at: 2.125
INFO:root:_cost_function returning 1002.18; elapsed time: 0
INFO:root:_cost_function called at: 2.125
INFO:root:_cost_function returning 1002.18; elapsed time: 0
INFO:root:_cost_function called at: 2.125
INFO:root:_cost_function returning 1002.18; elapsed time: 0
INFO:root:_cost_function called at: 2.125
INFO:root:_cost_function returning 1002.18; elapsed time: 0
INFO:root:_cost_function called at: 2.125
INFO:root:_cost_function returning 1002.18; elapsed time: 0
INFO:root:_cost_function called at: 2.125
INFO:root:_cost_function returning 1002.18; elapsed time: 0
INFO:root:_cost_function called at: 2.125
INFO:root:_cost_function returning 1002.18; elapsed time: 0
INFO:root:_cost_function called at: 2.125
INFO:root:_cost_function returning 1002.18; elapsed time: 0
INFO:root:_cost_function called at: 2.125
INFO:root:_cost_function returning 1002.18; elapsed time: 0
INFO:root:_cost_function called at: 2.125
INFO:root:_cost_function returning 1002.18; elapsed time: 0
INFO:root:_cost_function called at: 2.125
INFO:root:_cost_function returning 1002.18; elapsed time: 0
INFO:root:_cost_function called at: 2.125
INFO:root:_cost_function returning 1002.18; elapsed time: 0
INFO:root:_cost_function called at: 2.125
INFO:root:_cost_function returning 1002.18; elapsed time: 0
INFO:root:_cost_function called at: 2.125
INFO:root:_cost_function returning 1002.18; elapsed time: 0
INFO:root:_cost_function called at: 2.125
INFO:root:_cost_function returning 1002.18; elapsed time: 0
INFO:root:_cost_function called at: 2.125
INFO:root:_cost_function returning 1002.18; elapsed time: 0
INFO:root:_cost_function called at: 2.125
INFO:root:_cost_function returning 1002.18; elapsed time: 0
INFO:root:_cost_function called at: 2.125
INFO:root:_cost_function returning 1002.18; elapsed time: 0
INFO:root:_cost_function called at: 2.125
INFO:root:_cost_function returning 1002.18; elapsed time: 0
INFO:root:_cost_function called at: 2.125
INFO:root:_cost_function returning 1002.18; elapsed time: 0
INFO:root:_cost_function called at: 2.125
INFO:root:_cost_function returning 1002.18; elapsed time: 0
INFO:root:_cost_function called at: 2.125
INFO:root:_cost_function returning 1002.18; elapsed time: 0
INFO:root:_cost_function called at: 2.125
INFO:root:_cost_function returning 1002.18; elapsed time: 0
INFO:root:_cost_function called at: 2.125
INFO:root:_cost_function returning 1002.18; elapsed time: 0
INFO:root:_cost_function called at: 2.125
INFO:root:_cost_function returning 1002.18; elapsed time: 0
INFO:root:_cost_function called at: 2.125
INFO:root:_cost_function returning 1002.18; elapsed time: 0
INFO:root:_cost_function called at: 2.125
INFO:root:_cost_function returning 1002.18; elapsed time: 0
INFO:root:_cost_function called at: 2.125
INFO:root:_cost_function returning 1002.18; elapsed time: 0
INFO:root:_cost_function called at: 2.125
INFO:root:_cost_function returning 1002.18; elapsed time: 0
INFO:root:_cost_function called at: 2.125
INFO:root:_cost_function returning 1002.18; elapsed time: 0
INFO:root:_cost_function called at: 2.125
INFO:root:_cost_function returning 1002.18; elapsed time: 0
INFO:root:_cost_function called at: 2.125
INFO:root:_cost_function returning 1002.18; elapsed time: 0
INFO:root:_cost_function called at: 2.125
INFO:root:_cost_function returning 1002.18; elapsed time: 0
INFO:root:_cost_function called at: 2.125
INFO:root:_cost_function returning 1002.18; elapsed time: 0
INFO:root:_cost_function called at: 2.125
INFO:root:_cost_function returning 1002.18; elapsed time: 0
INFO:root:_cost_function called at: 2.125
INFO:root:_cost_function returning 1002.18; elapsed time: 0
INFO:root:_cost_function called at: 2.125
INFO:root:_cost_function returning 1002.18; elapsed time: 0
INFO:root:_cost_function called at: 2.125
INFO:root:_cost_function returning 1002.18; elapsed time: 0
INFO:root:_cost_function called at: 2.125
INFO:root:_cost_function returning 1002.18; elapsed time: 0
INFO:root:_cost_function called at: 2.125
INFO:root:_cost_function returning 1002.18; elapsed time: 0
INFO:root:_cost_function called at: 2.125
INFO:root:_cost_function returning 1002.18; elapsed time: 0
INFO:root:_cost_function called at: 2.125
INFO:root:_cost_function returning 1002.18; elapsed time: 0
INFO:root:_cost_function called at: 2.125
INFO:root:_cost_function returning 1002.18; elapsed time: 0
INFO:root:_cost_function called at: 2.125
INFO:root:_cost_function returning 1002.18; elapsed time: 0
INFO:root:_cost_function called at: 2.125
INFO:root:_cost_function returning 1002.18; elapsed time: 0
INFO:root:_cost_function called at: 2.125
INFO:root:_cost_function returning 1002.18; elapsed time: 0
INFO:root:_cost_function called at: 2.125
INFO:root:_cost_function returning 1002.18; elapsed time: 0
INFO:root:_cost_function called at: 2.125
INFO:root:_cost_function returning 1002.18; elapsed time: 0
INFO:root:_cost_function called at: 2.125
INFO:root:_cost_function returning 1002.18; elapsed time: 0
INFO:root:_cost_function called at: 2.125
INFO:root:_cost_function returning 1002.18; elapsed time: 0
INFO:root:_cost_function called at: 2.125
INFO:root:_cost_function returning 1002.18; elapsed time: 0
INFO:root:_cost_function called at: 2.125
INFO:root:_cost_function returning 1002.18; elapsed time: 0
INFO:root:_cost_function called at: 2.125
INFO:root:_cost_function returning 1002.18; elapsed time: 0
INFO:root:_cost_function called at: 2.125
INFO:root:_cost_function returning 1002.18; elapsed time: 0
INFO:root:_cost_function called at: 2.125
INFO:root:_cost_function returning 1002.18; elapsed time: 0
INFO:root:_cost_function called at: 2.125
INFO:root:_cost_function returning 1002.18; elapsed time: 0
INFO:root:_cost_function called at: 2.125
INFO:root:_cost_function returning 1002.18; elapsed time: 0
INFO:root:_cost_function called at: 2.125
INFO:root:_cost_function returning 1002.18; elapsed time: 0
INFO:root:_cost_function called at: 2.14062
INFO:root:_cost_function returning 1002.19; elapsed time: 0
INFO:root:_cost_function called at: 2.14062
INFO:root:_cost_function returning 1002.19; elapsed time: 0
INFO:root:_cost_function called at: 2.14062
INFO:root:_cost_function returning 1002.19; elapsed time: 0
INFO:root:_cost_function called at: 2.14062
INFO:root:_cost_function returning 1002.19; elapsed time: 0
INFO:root:_cost_function called at: 2.14062
INFO:root:_cost_function returning 1002.19; elapsed time: 0
INFO:root:_cost_function called at: 2.14062
INFO:root:_cost_function returning 1002.19; elapsed time: 0
INFO:root:_cost_function called at: 2.14062
INFO:root:_cost_function returning 1002.19; elapsed time: 0
INFO:root:_cost_function called at: 2.14062
INFO:root:_cost_function returning 1002.19; elapsed time: 0
INFO:root:_cost_function called at: 2.14062
INFO:root:_cost_function returning 1002.19; elapsed time: 0
INFO:root:_cost_function called at: 2.14062
INFO:root:_cost_function returning 1002.19; elapsed time: 0
INFO:root:_cost_function called at: 2.14062
INFO:root:_cost_function returning 1002.19; elapsed time: 0
INFO:root:_cost_function called at: 2.14062
INFO:root:_cost_function returning 1002.19; elapsed time: 0
INFO:root:_cost_function called at: 2.14062
INFO:root:_cost_function returning 1002.19; elapsed time: 0
INFO:root:_cost_function called at: 2.14062
INFO:root:_cost_function returning 1002.19; elapsed time: 0
INFO:root:_cost_function called at: 2.14062
INFO:root:_cost_function returning 1002.19; elapsed time: 0
INFO:root:_cost_function called at: 2.14062
INFO:root:_cost_function returning 1002.19; elapsed time: 0
INFO:root:_cost_function called at: 2.14062
INFO:root:_cost_function returning 1002.19; elapsed time: 0
INFO:root:_cost_function called at: 2.14062
INFO:root:_cost_function returning 1002.19; elapsed time: 0
INFO:root:_cost_function called at: 2.14062
INFO:root:_cost_function returning 1002.19; elapsed time: 0
INFO:root:_cost_function called at: 2.14062
INFO:root:_cost_function returning 1002.19; elapsed time: 0
INFO:root:_cost_function called at: 2.14062
INFO:root:_cost_function returning 1002.19; elapsed time: 0
INFO:root:_cost_function called at: 2.14062
INFO:root:_cost_function returning 1002.19; elapsed time: 0
INFO:root:_cost_function called at: 2.14062
INFO:root:_cost_function returning 1002.19; elapsed time: 0
INFO:root:_cost_function called at: 2.14062
INFO:root:_cost_function returning 1002.19; elapsed time: 0
INFO:root:_cost_function called at: 2.14062
INFO:root:_cost_function returning 1002.19; elapsed time: 0
INFO:root:_cost_function called at: 2.14062
INFO:root:_cost_function returning 1002.19; elapsed time: 0
INFO:root:_cost_function called at: 2.14062
INFO:root:_cost_function returning 1002.19; elapsed time: 0
INFO:root:_cost_function called at: 2.14062
INFO:root:_cost_function returning 1002.19; elapsed time: 0
INFO:root:_cost_function called at: 2.14062
INFO:root:_cost_function returning 1002.19; elapsed time: 0
INFO:root:_cost_function called at: 2.14062
INFO:root:_cost_function returning 1002.19; elapsed time: 0
INFO:root:_cost_function called at: 2.14062
INFO:root:_cost_function returning 1002.19; elapsed time: 0
INFO:root:_cost_function called at: 2.14062
INFO:root:_cost_function returning 1002.19; elapsed time: 0
INFO:root:_cost_function called at: 2.14062
INFO:root:_cost_function returning 1002.19; elapsed time: 0
INFO:root:_cost_function called at: 2.14062
INFO:root:_cost_function returning 1002.19; elapsed time: 0
INFO:root:_cost_function called at: 2.14062
INFO:root:_cost_function returning 1002.19; elapsed time: 0
INFO:root:_cost_function called at: 2.14062
INFO:root:_cost_function returning 1002.19; elapsed time: 0
INFO:root:_cost_function called at: 2.14062
INFO:root:_cost_function returning 1002.19; elapsed time: 0
INFO:root:_cost_function called at: 2.14062
INFO:root:_cost_function returning 1002.19; elapsed time: 0
INFO:root:_cost_function called at: 2.14062
INFO:root:_cost_function returning 1002.19; elapsed time: 0
INFO:root:_cost_function called at: 2.14062
INFO:root:_cost_function returning 1002.19; elapsed time: 0
INFO:root:_cost_function called at: 2.14062
INFO:root:_cost_function returning 1002.19; elapsed time: 0
INFO:root:_cost_function called at: 2.14062
INFO:root:_cost_function returning 1002.19; elapsed time: 0
INFO:root:_cost_function called at: 2.14062
INFO:root:_cost_function returning 1002.19; elapsed time: 0
INFO:root:_cost_function called at: 2.14062
INFO:root:_cost_function returning 1002.19; elapsed time: 0
INFO:root:_cost_function called at: 2.14062
INFO:root:_cost_function returning 1002.19; elapsed time: 0
INFO:root:_cost_function called at: 2.14062
INFO:root:_cost_function returning 1002.19; elapsed time: 0
INFO:root:_cost_function called at: 2.14062
INFO:root:_cost_function returning 1002.19; elapsed time: 0
INFO:root:_cost_function called at: 2.14062
INFO:root:_cost_function returning 1002.19; elapsed time: 0
INFO:root:_cost_function called at: 2.14062
INFO:root:_cost_function returning 1002.19; elapsed time: 0
INFO:root:_cost_function called at: 2.14062
INFO:root:_cost_function returning 1002.19; elapsed time: 0
INFO:root:_cost_function called at: 2.14062
INFO:root:_cost_function returning 1002.19; elapsed time: 0
INFO:root:_cost_function called at: 2.14062
INFO:root:_cost_function returning 1002.19; elapsed time: 0
INFO:root:_cost_function called at: 2.14062
INFO:root:_cost_function returning 1002.19; elapsed time: 0
INFO:root:_cost_function called at: 2.14062
INFO:root:_cost_function returning 1002.19; elapsed time: 0.015625
INFO:root:_cost_function called at: 2.15625
INFO:root:_cost_function returning 1002.19; elapsed time: 0
INFO:root:_cost_function called at: 2.15625
INFO:root:_cost_function returning 1002.19; elapsed time: 0
INFO:root:_cost_function called at: 2.15625
INFO:root:_cost_function returning 1002.19; elapsed time: 0
INFO:root:_cost_function called at: 2.15625
INFO:root:_cost_function returning 1002.19; elapsed time: 0
INFO:root:_cost_function called at: 2.15625
INFO:root:_cost_function returning 1002.19; elapsed time: 0
INFO:root:_cost_function called at: 2.15625
INFO:root:_cost_function returning 1002.19; elapsed time: 0
INFO:root:_cost_function called at: 2.15625
INFO:root:_cost_function returning 1002.19; elapsed time: 0
INFO:root:_cost_function called at: 2.15625
INFO:root:_cost_function returning 1002.19; elapsed time: 0
INFO:root:_cost_function called at: 2.15625
INFO:root:_cost_function returning 1002.19; elapsed time: 0
INFO:root:_cost_function called at: 2.15625
INFO:root:_cost_function returning 1002.19; elapsed time: 0
INFO:root:_cost_function called at: 2.15625
INFO:root:_cost_function returning 1002.19; elapsed time: 0
INFO:root:_cost_function called at: 2.15625
INFO:root:_cost_function returning 1002.19; elapsed time: 0
INFO:root:_cost_function called at: 2.15625
INFO:root:_cost_function returning 1002.19; elapsed time: 0
INFO:root:_cost_function called at: 2.15625
INFO:root:_cost_function returning 1002.19; elapsed time: 0
INFO:root:_cost_function called at: 2.15625
INFO:root:_cost_function returning 1002.19; elapsed time: 0
INFO:root:_cost_function called at: 2.15625
INFO:root:_cost_function returning 1002.19; elapsed time: 0
INFO:root:_cost_function called at: 2.15625
INFO:root:_cost_function returning 1002.19; elapsed time: 0
INFO:root:_cost_function called at: 2.15625
INFO:root:_cost_function returning 1002.19; elapsed time: 0
INFO:root:_cost_function called at: 2.15625
INFO:root:_cost_function returning 1002.19; elapsed time: 0
INFO:root:_cost_function called at: 2.15625
INFO:root:_cost_function returning 1002.19; elapsed time: 0
INFO:root:_cost_function called at: 2.15625
INFO:root:_cost_function returning 1002.19; elapsed time: 0
INFO:root:_cost_function called at: 2.15625
INFO:root:_cost_function returning 1002.19; elapsed time: 0
INFO:root:_cost_function called at: 2.15625
INFO:root:_cost_function returning 1002.19; elapsed time: 0
INFO:root:_cost_function called at: 2.15625
INFO:root:_cost_function returning 1002.19; elapsed time: 0
INFO:root:_cost_function called at: 2.15625
INFO:root:_cost_function returning 1002.19; elapsed time: 0
INFO:root:_cost_function called at: 2.15625
INFO:root:_cost_function returning 1002.19; elapsed time: 0
INFO:root:_cost_function called at: 2.15625
INFO:root:_cost_function returning 1002.19; elapsed time: 0
INFO:root:_cost_function called at: 2.15625
INFO:root:_cost_function returning 1002.19; elapsed time: 0
INFO:root:_cost_function called at: 2.15625
INFO:root:_cost_function returning 1002.19; elapsed time: 0
INFO:root:_cost_function called at: 2.15625
INFO:root:_cost_function returning 1002.19; elapsed time: 0
INFO:root:_cost_function called at: 2.15625
INFO:root:_cost_function returning 1002.19; elapsed time: 0
INFO:root:_cost_function called at: 2.15625
INFO:root:_cost_function returning 1002.19; elapsed time: 0
INFO:root:_cost_function called at: 2.15625
INFO:root:_cost_function returning 1002.19; elapsed time: 0
INFO:root:_cost_function called at: 2.15625
INFO:root:_cost_function returning 1002.19; elapsed time: 0
INFO:root:_cost_function called at: 2.15625
INFO:root:_cost_function returning 1002.19; elapsed time: 0
INFO:root:_cost_function called at: 2.15625
INFO:root:_cost_function returning 1002.19; elapsed time: 0
INFO:root:_cost_function called at: 2.15625
INFO:root:_cost_function returning 1002.19; elapsed time: 0
INFO:root:_cost_function called at: 2.15625
INFO:root:_cost_function returning 1002.19; elapsed time: 0
INFO:root:_cost_function called at: 2.15625
INFO:root:_cost_function returning 1002.19; elapsed time: 0
INFO:root:_cost_function called at: 2.15625
INFO:root:_cost_function returning 1002.19; elapsed time: 0
INFO:root:_cost_function called at: 2.15625
INFO:root:_cost_function returning 1002.19; elapsed time: 0
INFO:root:_cost_function called at: 2.15625
INFO:root:_cost_function returning 1002.19; elapsed time: 0
INFO:root:_cost_function called at: 2.15625
INFO:root:_cost_function returning 1002.19; elapsed time: 0
INFO:root:_cost_function called at: 2.15625
INFO:root:_cost_function returning 1002.19; elapsed time: 0
INFO:root:_cost_function called at: 2.15625
INFO:root:_cost_function returning 1002.19; elapsed time: 0
INFO:root:_cost_function called at: 2.15625
INFO:root:_cost_function returning 1002.19; elapsed time: 0
INFO:root:_cost_function called at: 2.15625
INFO:root:_cost_function returning 1002.19; elapsed time: 0
INFO:root:_cost_function called at: 2.17188
INFO:root:_cost_function returning 1002.17; elapsed time: 0
INFO:root:_cost_function called at: 2.17188
INFO:root:_cost_function returning 1002.17; elapsed time: 0
INFO:root:_cost_function called at: 2.17188
INFO:root:_cost_function returning 1002.17; elapsed time: 0
INFO:root:_cost_function called at: 2.17188
INFO:root:_cost_function returning 1002.17; elapsed time: 0
INFO:root:_cost_function called at: 2.17188
INFO:root:_cost_function returning 1002.17; elapsed time: 0
INFO:root:_cost_function called at: 2.17188
INFO:root:_cost_function returning 1002.17; elapsed time: 0
INFO:root:_cost_function called at: 2.17188
INFO:root:_cost_function returning 1002.17; elapsed time: 0
INFO:root:_cost_function called at: 2.17188
INFO:root:_cost_function returning 1002.17; elapsed time: 0
INFO:root:_cost_function called at: 2.17188
INFO:root:_cost_function returning 1002.17; elapsed time: 0
INFO:root:_cost_function called at: 2.17188
INFO:root:_cost_function returning 1002.17; elapsed time: 0
INFO:root:_cost_function called at: 2.17188
INFO:root:_cost_function returning 1002.17; elapsed time: 0
INFO:root:_cost_function called at: 2.17188
INFO:root:_cost_function returning 1002.17; elapsed time: 0
INFO:root:_cost_function called at: 2.17188
INFO:root:_cost_function returning 1002.17; elapsed time: 0
INFO:root:_cost_function called at: 2.17188
INFO:root:_cost_function returning 1002.17; elapsed time: 0
INFO:root:_cost_function called at: 2.17188
INFO:root:_cost_function returning 1002.17; elapsed time: 0
INFO:root:_cost_function called at: 2.17188
INFO:root:_cost_function returning 1002.17; elapsed time: 0
INFO:root:_cost_function called at: 2.17188
INFO:root:_cost_function returning 1002.17; elapsed time: 0
INFO:root:_cost_function called at: 2.17188
INFO:root:_cost_function returning 1002.17; elapsed time: 0
INFO:root:_cost_function called at: 2.17188
INFO:root:_cost_function returning 1002.17; elapsed time: 0
INFO:root:_cost_function called at: 2.17188
INFO:root:_cost_function returning 1002.17; elapsed time: 0
INFO:root:_cost_function called at: 2.17188
INFO:root:_cost_function returning 1002.17; elapsed time: 0
INFO:root:_cost_function called at: 2.17188
INFO:root:_cost_function returning 1002.17; elapsed time: 0
INFO:root:_cost_function called at: 2.17188
INFO:root:_cost_function returning 1002.17; elapsed time: 0
INFO:root:_cost_function called at: 2.17188
INFO:root:_cost_function returning 1002.17; elapsed time: 0
INFO:root:_cost_function called at: 2.17188
INFO:root:_cost_function returning 1002.17; elapsed time: 0
INFO:root:_cost_function called at: 2.17188
INFO:root:_cost_function returning 1002.17; elapsed time: 0
INFO:root:_cost_function called at: 2.17188
INFO:root:_cost_function returning 1002.17; elapsed time: 0
INFO:root:_cost_function called at: 2.17188
INFO:root:_cost_function returning 1002.17; elapsed time: 0
INFO:root:_cost_function called at: 2.17188
INFO:root:_cost_function returning 1002.17; elapsed time: 0
INFO:root:_cost_function called at: 2.17188
INFO:root:_cost_function returning 1002.17; elapsed time: 0
INFO:root:_cost_function called at: 2.17188
INFO:root:_cost_function returning 1002.17; elapsed time: 0
INFO:root:_cost_function called at: 2.17188
INFO:root:_cost_function returning 1002.17; elapsed time: 0
INFO:root:_cost_function called at: 2.17188
INFO:root:_cost_function returning 1002.17; elapsed time: 0
INFO:root:_cost_function called at: 2.17188
INFO:root:_cost_function returning 1002.17; elapsed time: 0
INFO:root:_cost_function called at: 2.17188
INFO:root:_cost_function returning 1002.17; elapsed time: 0
INFO:root:_cost_function called at: 2.17188
INFO:root:_cost_function returning 1002.17; elapsed time: 0
INFO:root:_cost_function called at: 2.17188
INFO:root:_cost_function returning 1002.17; elapsed time: 0
INFO:root:_cost_function called at: 2.17188
INFO:root:_cost_function returning 1002.17; elapsed time: 0
INFO:root:_cost_function called at: 2.17188
INFO:root:_cost_function returning 1002.17; elapsed time: 0
INFO:root:_cost_function called at: 2.17188
INFO:root:_cost_function returning 1002.17; elapsed time: 0
INFO:root:_cost_function called at: 2.17188
INFO:root:_cost_function returning 1002.17; elapsed time: 0
INFO:root:_cost_function called at: 2.17188
INFO:root:_cost_function returning 1002.17; elapsed time: 0
INFO:root:_cost_function called at: 2.17188
INFO:root:_cost_function returning 1002.17; elapsed time: 0
INFO:root:_cost_function called at: 2.17188
INFO:root:_cost_function returning 1002.17; elapsed time: 0
INFO:root:_cost_function called at: 2.17188
INFO:root:_cost_function returning 1002.17; elapsed time: 0
INFO:root:_cost_function called at: 2.17188
INFO:root:_cost_function returning 1002.17; elapsed time: 0
INFO:root:_cost_function called at: 2.17188
INFO:root:_cost_function returning 1002.17; elapsed time: 0
INFO:root:_cost_function called at: 2.17188
INFO:root:_cost_function returning 1002.17; elapsed time: 0
INFO:root:_cost_function called at: 2.17188
INFO:root:_cost_function returning 1002.17; elapsed time: 0
INFO:root:_cost_function called at: 2.17188
INFO:root:_cost_function returning 1002.17; elapsed time: 0
INFO:root:_cost_function called at: 2.17188
INFO:root:_cost_function returning 1002.17; elapsed time: 0
INFO:root:_cost_function called at: 2.17188
INFO:root:_cost_function returning 1002.17; elapsed time: 0
INFO:root:_cost_function called at: 2.17188
INFO:root:_cost_function returning 1002.17; elapsed time: 0
INFO:root:_cost_function called at: 2.17188
INFO:root:_cost_function returning 1002.17; elapsed time: 0
INFO:root:_cost_function called at: 2.17188
INFO:root:_cost_function returning 1002.17; elapsed time: 0
INFO:root:_cost_function called at: 2.17188
INFO:root:_cost_function returning 1002.17; elapsed time: 0
INFO:root:_cost_function called at: 2.17188
INFO:root:_cost_function returning 1002.17; elapsed time: 0
INFO:root:_cost_function called at: 2.17188
INFO:root:_cost_function returning 1002.17; elapsed time: 0
INFO:root:_cost_function called at: 2.17188
INFO:root:_cost_function returning 1002.17; elapsed time: 0
INFO:root:_cost_function called at: 2.17188
INFO:root:_cost_function returning 1002.17; elapsed time: 0
INFO:root:_cost_function called at: 2.17188
INFO:root:_cost_function returning 1002.17; elapsed time: 0
INFO:root:_cost_function called at: 2.17188
INFO:root:_cost_function returning 1002.17; elapsed time: 0
INFO:root:_cost_function called at: 2.17188
INFO:root:_cost_function returning 1002.17; elapsed time: 0
INFO:root:_cost_function called at: 2.17188
INFO:root:_cost_function returning 1002.17; elapsed time: 0
INFO:root:_cost_function called at: 2.17188
INFO:root:_cost_function returning 1002.17; elapsed time: 0
INFO:root:_cost_function called at: 2.17188
INFO:root:_cost_function returning 1002.17; elapsed time: 0
INFO:root:_cost_function called at: 2.17188
INFO:root:_cost_function returning 1002.17; elapsed time: 0
INFO:root:_cost_function called at: 2.17188
INFO:root:_cost_function returning 1002.17; elapsed time: 0
INFO:root:_cost_function called at: 2.17188
INFO:root:_cost_function returning 1002.17; elapsed time: 0
INFO:root:_cost_function called at: 2.17188
INFO:root:_cost_function returning 1002.17; elapsed time: 0
INFO:root:_cost_function called at: 2.17188
INFO:root:_cost_function returning 1002.17; elapsed time: 0
INFO:root:_cost_function called at: 2.17188
INFO:root:_cost_function returning 1002.17; elapsed time: 0
INFO:root:_cost_function called at: 2.17188
INFO:root:_cost_function returning 1002.17; elapsed time: 0
INFO:root:_cost_function called at: 2.17188
INFO:root:_cost_function returning 1002.17; elapsed time: 0
INFO:root:_cost_function called at: 2.17188
INFO:root:_cost_function returning 1002.17; elapsed time: 0
INFO:root:_cost_function called at: 2.17188
INFO:root:_cost_function returning 1002.17; elapsed time: 0
INFO:root:_cost_function called at: 2.17188
INFO:root:_cost_function returning 1002.17; elapsed time: 0
INFO:root:_cost_function called at: 2.17188
INFO:root:_cost_function returning 1002.17; elapsed time: 0
INFO:root:_cost_function called at: 2.17188
INFO:root:_cost_function returning 1002.17; elapsed time: 0
INFO:root:_cost_function called at: 2.17188
INFO:root:_cost_function returning 1002.17; elapsed time: 0
INFO:root:_cost_function called at: 2.17188
INFO:root:_cost_function returning 1002.17; elapsed time: 0
INFO:root:_cost_function called at: 2.17188
INFO:root:_cost_function returning 1002.17; elapsed time: 0
INFO:root:_cost_function called at: 2.17188
INFO:root:_cost_function returning 1002.17; elapsed time: 0
INFO:root:_cost_function called at: 2.17188
INFO:root:_cost_function returning 1002.17; elapsed time: 0
INFO:root:_cost_function called at: 2.17188
INFO:root:_cost_function returning 1002.17; elapsed time: 0
INFO:root:_cost_function called at: 2.17188
INFO:root:_cost_function returning 1002.17; elapsed time: 0
INFO:root:_cost_function called at: 2.17188
INFO:root:_cost_function returning 1002.17; elapsed time: 0
INFO:root:_cost_function called at: 2.17188
INFO:root:_cost_function returning 1002.17; elapsed time: 0
INFO:root:_cost_function called at: 2.17188
INFO:root:_cost_function returning 1002.17; elapsed time: 0
INFO:root:_cost_function called at: 2.17188
INFO:root:_cost_function returning 1002.17; elapsed time: 0
INFO:root:_cost_function called at: 2.17188
INFO:root:_cost_function returning 1002.17; elapsed time: 0
INFO:root:_cost_function called at: 2.17188
INFO:root:_cost_function returning 1002.17; elapsed time: 0
INFO:root:_cost_function called at: 2.17188
INFO:root:_cost_function returning 1002.17; elapsed time: 0
INFO:root:_cost_function called at: 2.17188
INFO:root:_cost_function returning 1002.17; elapsed time: 0
INFO:root:_cost_function called at: 2.17188
INFO:root:_cost_function returning 1002.17; elapsed time: 0
INFO:root:_cost_function called at: 2.17188
INFO:root:_cost_function returning 1002.17; elapsed time: 0
INFO:root:_cost_function called at: 2.17188
INFO:root:_cost_function returning 1002.17; elapsed time: 0
INFO:root:_cost_function called at: 2.17188
INFO:root:_cost_function returning 1002.17; elapsed time: 0
INFO:root:_cost_function called at: 2.17188
INFO:root:_cost_function returning 1002.17; elapsed time: 0
INFO:root:_cost_function called at: 2.17188
INFO:root:_cost_function returning 1002.17; elapsed time: 0
INFO:root:_cost_function called at: 2.17188
INFO:root:_cost_function returning 1002.17; elapsed time: 0
INFO:root:_cost_function called at: 2.1875
INFO:root:_cost_function returning 1002.17; elapsed time: 0
INFO:root:_cost_function called at: 2.1875
INFO:root:_cost_function returning 1002.17; elapsed time: 0
INFO:root:_cost_function called at: 2.1875
INFO:root:_cost_function returning 1002.17; elapsed time: 0
INFO:root:_cost_function called at: 2.1875
INFO:root:_cost_function returning 1002.17; elapsed time: 0
INFO:root:_cost_function called at: 2.1875
INFO:root:_cost_function returning 1002.17; elapsed time: 0
INFO:root:_cost_function called at: 2.1875
INFO:root:_cost_function returning 1002.17; elapsed time: 0
INFO:root:_cost_function called at: 2.1875
INFO:root:_cost_function returning 1002.17; elapsed time: 0
INFO:root:_cost_function called at: 2.1875
INFO:root:_cost_function returning 1002.17; elapsed time: 0
INFO:root:_cost_function called at: 2.1875
INFO:root:_cost_function returning 1002.17; elapsed time: 0
INFO:root:_cost_function called at: 2.1875
INFO:root:_cost_function returning 1002.17; elapsed time: 0
INFO:root:_cost_function called at: 2.1875
INFO:root:_cost_function returning 1002.17; elapsed time: 0
INFO:root:_cost_function called at: 2.1875
INFO:root:_cost_function returning 1002.17; elapsed time: 0
INFO:root:_cost_function called at: 2.1875
INFO:root:_cost_function returning 1002.17; elapsed time: 0
INFO:root:_cost_function called at: 2.1875
INFO:root:_cost_function returning 1002.17; elapsed time: 0
INFO:root:_cost_function called at: 2.1875
INFO:root:_cost_function returning 1002.17; elapsed time: 0
INFO:root:_cost_function called at: 2.1875
INFO:root:_cost_function returning 1002.17; elapsed time: 0
INFO:root:_cost_function called at: 2.1875
INFO:root:_cost_function returning 1002.17; elapsed time: 0
INFO:root:_cost_function called at: 2.1875
INFO:root:_cost_function returning 1002.17; elapsed time: 0
INFO:root:_cost_function called at: 2.1875
INFO:root:_cost_function returning 1002.17; elapsed time: 0
INFO:root:_cost_function called at: 2.1875
INFO:root:_cost_function returning 1002.17; elapsed time: 0
INFO:root:_cost_function called at: 2.1875
INFO:root:_cost_function returning 1002.17; elapsed time: 0
INFO:root:_cost_function called at: 2.1875
INFO:root:_cost_function returning 1002.17; elapsed time: 0
INFO:root:_cost_function called at: 2.1875
INFO:root:_cost_function returning 1002.17; elapsed time: 0
INFO:root:_cost_function called at: 2.1875
INFO:root:_cost_function returning 1002.17; elapsed time: 0
INFO:root:_cost_function called at: 2.1875
INFO:root:_cost_function returning 1002.17; elapsed time: 0
INFO:root:_cost_function called at: 2.1875
INFO:root:_cost_function returning 1002.17; elapsed time: 0
INFO:root:_cost_function called at: 2.1875
INFO:root:_cost_function returning 1002.17; elapsed time: 0
INFO:root:_cost_function called at: 2.1875
INFO:root:_cost_function returning 1002.17; elapsed time: 0
INFO:root:_cost_function called at: 2.1875
INFO:root:_cost_function returning 1002.17; elapsed time: 0
INFO:root:_cost_function called at: 2.1875
INFO:root:_cost_function returning 1002.17; elapsed time: 0
INFO:root:_cost_function called at: 2.1875
INFO:root:_cost_function returning 1002.17; elapsed time: 0
INFO:root:_cost_function called at: 2.1875
INFO:root:_cost_function returning 1002.17; elapsed time: 0
INFO:root:_cost_function called at: 2.1875
INFO:root:_cost_function returning 1002.17; elapsed time: 0
INFO:root:_cost_function called at: 2.1875
INFO:root:_cost_function returning 1002.17; elapsed time: 0
INFO:root:_cost_function called at: 2.1875
INFO:root:_cost_function returning 1002.17; elapsed time: 0
INFO:root:_cost_function called at: 2.1875
INFO:root:_cost_function returning 1002.17; elapsed time: 0
INFO:root:_cost_function called at: 2.1875
INFO:root:_cost_function returning 1002.17; elapsed time: 0
INFO:root:_cost_function called at: 2.1875
INFO:root:_cost_function returning 1002.17; elapsed time: 0
INFO:root:_cost_function called at: 2.1875
INFO:root:_cost_function returning 1002.17; elapsed time: 0
INFO:root:_cost_function called at: 2.1875
INFO:root:_cost_function returning 1002.17; elapsed time: 0
INFO:root:_cost_function called at: 2.1875
INFO:root:_cost_function returning 1002.17; elapsed time: 0
INFO:root:_cost_function called at: 2.1875
INFO:root:_cost_function returning 1002.17; elapsed time: 0
INFO:root:_cost_function called at: 2.1875
INFO:root:_cost_function returning 1002.17; elapsed time: 0
INFO:root:_cost_function called at: 2.1875
INFO:root:_cost_function returning 1002.17; elapsed time: 0
INFO:root:_cost_function called at: 2.1875
INFO:root:_cost_function returning 1002.17; elapsed time: 0
INFO:root:_cost_function called at: 2.1875
INFO:root:_cost_function returning 1002.17; elapsed time: 0
INFO:root:_cost_function called at: 2.1875
INFO:root:_cost_function returning 1002.17; elapsed time: 0.015625
INFO:root:_cost_function called at: 2.20312
INFO:root:_cost_function returning 1002.17; elapsed time: 0
INFO:root:_cost_function called at: 2.20312
INFO:root:_cost_function returning 1002.17; elapsed time: 0
INFO:root:_cost_function called at: 2.20312
INFO:root:_cost_function returning 1002.17; elapsed time: 0
INFO:root:_cost_function called at: 2.20312
INFO:root:_cost_function returning 1002.17; elapsed time: 0
INFO:root:_cost_function called at: 2.20312
INFO:root:_cost_function returning 1002.17; elapsed time: 0
INFO:root:_cost_function called at: 2.20312
INFO:root:_cost_function returning 1002.17; elapsed time: 0
INFO:root:_cost_function called at: 2.20312
INFO:root:_cost_function returning 1002.17; elapsed time: 0
INFO:root:_cost_function called at: 2.20312
INFO:root:_cost_function returning 1002.17; elapsed time: 0
INFO:root:_cost_function called at: 2.20312
INFO:root:_cost_function returning 1002.17; elapsed time: 0
INFO:root:_cost_function called at: 2.20312
INFO:root:_cost_function returning 1002.17; elapsed time: 0
INFO:root:_cost_function called at: 2.20312
INFO:root:_cost_function returning 1002.17; elapsed time: 0
INFO:root:_cost_function called at: 2.20312
INFO:root:_cost_function returning 1002.17; elapsed time: 0
INFO:root:_cost_function called at: 2.20312
INFO:root:_cost_function returning 1002.17; elapsed time: 0
INFO:root:_cost_function called at: 2.20312
INFO:root:_cost_function returning 1002.17; elapsed time: 0
INFO:root:_cost_function called at: 2.20312
INFO:root:_cost_function returning 1002.17; elapsed time: 0
INFO:root:_cost_function called at: 2.20312
INFO:root:_cost_function returning 1002.17; elapsed time: 0
INFO:root:_cost_function called at: 2.20312
INFO:root:_cost_function returning 1002.17; elapsed time: 0
INFO:root:_cost_function called at: 2.20312
INFO:root:_cost_function returning 1002.17; elapsed time: 0
INFO:root:_cost_function called at: 2.20312
INFO:root:_cost_function returning 1002.17; elapsed time: 0
INFO:root:_cost_function called at: 2.20312
INFO:root:_cost_function returning 1002.17; elapsed time: 0
INFO:root:_cost_function called at: 2.20312
INFO:root:_cost_function returning 1002.17; elapsed time: 0
INFO:root:_cost_function called at: 2.20312
INFO:root:_cost_function returning 1002.17; elapsed time: 0
INFO:root:_cost_function called at: 2.20312
INFO:root:_cost_function returning 1002.17; elapsed time: 0
INFO:root:_cost_function called at: 2.20312
INFO:root:_cost_function returning 1002.17; elapsed time: 0
INFO:root:_cost_function called at: 2.20312
INFO:root:_cost_function returning 1002.17; elapsed time: 0
INFO:root:_cost_function called at: 2.20312
INFO:root:_cost_function returning 1002.17; elapsed time: 0
INFO:root:_cost_function called at: 2.20312
INFO:root:_cost_function returning 1002.17; elapsed time: 0
INFO:root:_cost_function called at: 2.20312
INFO:root:_cost_function returning 1002.17; elapsed time: 0
INFO:root:_cost_function called at: 2.20312
INFO:root:_cost_function returning 1002.17; elapsed time: 0
INFO:root:_cost_function called at: 2.20312
INFO:root:_cost_function returning 1002.17; elapsed time: 0
INFO:root:_cost_function called at: 2.20312
INFO:root:_cost_function returning 1002.17; elapsed time: 0
INFO:root:_cost_function called at: 2.20312
INFO:root:_cost_function returning 1002.17; elapsed time: 0
INFO:root:_cost_function called at: 2.20312
INFO:root:_cost_function returning 1002.17; elapsed time: 0
INFO:root:_cost_function called at: 2.20312
INFO:root:_cost_function returning 1002.17; elapsed time: 0
INFO:root:_cost_function called at: 2.20312
INFO:root:_cost_function returning 1002.17; elapsed time: 0
INFO:root:_cost_function called at: 2.20312
INFO:root:_cost_function returning 1002.17; elapsed time: 0
INFO:root:_cost_function called at: 2.20312
INFO:root:_cost_function returning 1002.17; elapsed time: 0
INFO:root:_cost_function called at: 2.20312
INFO:root:_cost_function returning 1002.17; elapsed time: 0
INFO:root:_cost_function called at: 2.20312
INFO:root:_cost_function returning 1002.17; elapsed time: 0
INFO:root:_cost_function called at: 2.20312
INFO:root:_cost_function returning 1002.17; elapsed time: 0
INFO:root:_cost_function called at: 2.20312
INFO:root:_cost_function returning 1002.17; elapsed time: 0
INFO:root:_cost_function called at: 2.20312
INFO:root:_cost_function returning 1002.17; elapsed time: 0
INFO:root:_cost_function called at: 2.20312
INFO:root:_cost_function returning 1002.17; elapsed time: 0
INFO:root:_cost_function called at: 2.20312
INFO:root:_cost_function returning 1002.17; elapsed time: 0
INFO:root:_cost_function called at: 2.20312
INFO:root:_cost_function returning 1002.17; elapsed time: 0
INFO:root:_cost_function called at: 2.20312
INFO:root:_cost_function returning 1002.17; elapsed time: 0
INFO:root:_cost_function called at: 2.20312
INFO:root:_cost_function returning 1002.17; elapsed time: 0
INFO:root:_cost_function called at: 2.20312
INFO:root:_cost_function returning 1002.17; elapsed time: 0
INFO:root:_cost_function called at: 2.20312
INFO:root:_cost_function returning 1002.17; elapsed time: 0
INFO:root:_cost_function called at: 2.20312
INFO:root:_cost_function returning 1002.17; elapsed time: 0
INFO:root:_cost_function called at: 2.20312
INFO:root:_cost_function returning 1002.17; elapsed time: 0
INFO:root:_cost_function called at: 2.20312
INFO:root:_cost_function returning 1002.17; elapsed time: 0
INFO:root:_cost_function called at: 2.20312
INFO:root:_cost_function returning 1002.17; elapsed time: 0
INFO:root:_cost_function called at: 2.20312
INFO:root:_cost_function returning 1002.17; elapsed time: 0
INFO:root:_cost_function called at: 2.21875
INFO:root:_cost_function returning 1002.17; elapsed time: 0
INFO:root:_cost_function called at: 2.21875
INFO:root:_cost_function returning 1002.17; elapsed time: 0
INFO:root:_cost_function called at: 2.21875
INFO:root:_cost_function returning 1002.17; elapsed time: 0
INFO:root:_cost_function called at: 2.21875
INFO:root:_cost_function returning 1002.17; elapsed time: 0
INFO:root:_cost_function called at: 2.21875
INFO:root:_cost_function returning 1002.17; elapsed time: 0
INFO:root:_cost_function called at: 2.21875
INFO:root:_cost_function returning 1002.17; elapsed time: 0
INFO:root:_cost_function called at: 2.21875
INFO:root:_cost_function returning 1002.17; elapsed time: 0
INFO:root:_cost_function called at: 2.21875
INFO:root:_cost_function returning 1002.17; elapsed time: 0
INFO:root:_cost_function called at: 2.21875
INFO:root:_cost_function returning 1002.17; elapsed time: 0
INFO:root:_cost_function called at: 2.21875
INFO:root:_cost_function returning 1002.17; elapsed time: 0
INFO:root:_cost_function called at: 2.21875
INFO:root:_cost_function returning 1002.17; elapsed time: 0
INFO:root:_cost_function called at: 2.21875
INFO:root:_cost_function returning 1002.17; elapsed time: 0
INFO:root:_cost_function called at: 2.21875
INFO:root:_cost_function returning 1002.17; elapsed time: 0
INFO:root:_cost_function called at: 2.21875
INFO:root:_cost_function returning 1002.17; elapsed time: 0
INFO:root:_cost_function called at: 2.21875
INFO:root:_cost_function returning 1002.17; elapsed time: 0
INFO:root:_cost_function called at: 2.21875
INFO:root:_cost_function returning 1002.17; elapsed time: 0
INFO:root:_cost_function called at: 2.21875
INFO:root:_cost_function returning 1002.17; elapsed time: 0
INFO:root:_cost_function called at: 2.21875
INFO:root:_cost_function returning 1002.17; elapsed time: 0
INFO:root:_cost_function called at: 2.21875
INFO:root:_cost_function returning 1002.17; elapsed time: 0
INFO:root:_cost_function called at: 2.21875
INFO:root:_cost_function returning 1002.17; elapsed time: 0
INFO:root:_cost_function called at: 2.21875
INFO:root:_cost_function returning 1002.17; elapsed time: 0
INFO:root:_cost_function called at: 2.21875
INFO:root:_cost_function returning 1002.17; elapsed time: 0
INFO:root:_cost_function called at: 2.21875
INFO:root:_cost_function returning 1002.17; elapsed time: 0
INFO:root:_cost_function called at: 2.21875
INFO:root:_cost_function returning 1002.17; elapsed time: 0
INFO:root:_cost_function called at: 2.21875
INFO:root:_cost_function returning 1002.17; elapsed time: 0
INFO:root:_cost_function called at: 2.21875
INFO:root:_cost_function returning 1002.17; elapsed time: 0
INFO:root:_cost_function called at: 2.21875
INFO:root:_cost_function returning 1002.17; elapsed time: 0
INFO:root:_cost_function called at: 2.21875
INFO:root:_cost_function returning 1002.17; elapsed time: 0
INFO:root:_cost_function called at: 2.21875
INFO:root:_cost_function returning 1002.17; elapsed time: 0
INFO:root:_cost_function called at: 2.21875
INFO:root:_cost_function returning 1002.17; elapsed time: 0
INFO:root:_cost_function called at: 2.21875
INFO:root:_cost_function returning 1002.17; elapsed time: 0
INFO:root:_cost_function called at: 2.21875
INFO:root:_cost_function returning 1002.17; elapsed time: 0
INFO:root:_cost_function called at: 2.21875
INFO:root:_cost_function returning 1002.17; elapsed time: 0
INFO:root:_cost_function called at: 2.21875
INFO:root:_cost_function returning 1002.17; elapsed time: 0
INFO:root:_cost_function called at: 2.21875
INFO:root:_cost_function returning 1002.17; elapsed time: 0
INFO:root:_cost_function called at: 2.21875
INFO:root:_cost_function returning 1002.17; elapsed time: 0
INFO:root:_cost_function called at: 2.21875
INFO:root:_cost_function returning 1002.17; elapsed time: 0
INFO:root:_cost_function called at: 2.21875
INFO:root:_cost_function returning 1002.17; elapsed time: 0
INFO:root:_cost_function called at: 2.21875
INFO:root:_cost_function returning 1002.17; elapsed time: 0
INFO:root:_cost_function called at: 2.21875
INFO:root:_cost_function returning 1002.17; elapsed time: 0
INFO:root:_cost_function called at: 2.21875
INFO:root:_cost_function returning 1002.17; elapsed time: 0
INFO:root:_cost_function called at: 2.21875
INFO:root:_cost_function returning 1002.17; elapsed time: 0
INFO:root:_cost_function called at: 2.21875
INFO:root:_cost_function returning 1002.17; elapsed time: 0
INFO:root:_cost_function called at: 2.21875
INFO:root:_cost_function returning 1002.17; elapsed time: 0
INFO:root:_cost_function called at: 2.21875
INFO:root:_cost_function returning 1002.17; elapsed time: 0
INFO:root:_cost_function called at: 2.21875
INFO:root:_cost_function returning 1002.17; elapsed time: 0
INFO:root:_cost_function called at: 2.21875
INFO:root:_cost_function returning 1002.17; elapsed time: 0
INFO:root:_cost_function called at: 2.21875
INFO:root:_cost_function returning 1002.17; elapsed time: 0
INFO:root:_cost_function called at: 2.21875
INFO:root:_cost_function returning 1002.17; elapsed time: 0
INFO:root:_cost_function called at: 2.21875
INFO:root:_cost_function returning 1002.17; elapsed time: 0
INFO:root:_cost_function called at: 2.21875
INFO:root:_cost_function returning 1002.17; elapsed time: 0
INFO:root:_cost_function called at: 2.21875
INFO:root:_cost_function returning 1002.17; elapsed time: 0
INFO:root:_cost_function called at: 2.21875
INFO:root:_cost_function returning 1002.17; elapsed time: 0
INFO:root:_cost_function called at: 2.21875
INFO:root:_cost_function returning 1002.17; elapsed time: 0
INFO:root:_cost_function called at: 2.21875
INFO:root:_cost_function returning 1002.17; elapsed time: 0
INFO:root:_cost_function called at: 2.21875
INFO:root:_cost_function returning 1002.17; elapsed time: 0
INFO:root:_cost_function called at: 2.21875
INFO:root:_cost_function returning 1002.17; elapsed time: 0
INFO:root:_cost_function called at: 2.21875
INFO:root:_cost_function returning 1002.17; elapsed time: 0
INFO:root:_cost_function called at: 2.21875
INFO:root:_cost_function returning 1002.17; elapsed time: 0
INFO:root:_cost_function called at: 2.21875
INFO:root:_cost_function returning 1002.17; elapsed time: 0
INFO:root:_cost_function called at: 2.21875
INFO:root:_cost_function returning 1002.17; elapsed time: 0
INFO:root:_cost_function called at: 2.21875
INFO:root:_cost_function returning 1002.17; elapsed time: 0
INFO:root:_cost_function called at: 2.21875
INFO:root:_cost_function returning 1002.17; elapsed time: 0
INFO:root:_cost_function called at: 2.21875
INFO:root:_cost_function returning 1002.17; elapsed time: 0
INFO:root:_cost_function called at: 2.21875
INFO:root:_cost_function returning 1002.17; elapsed time: 0
INFO:root:_cost_function called at: 2.21875
INFO:root:_cost_function returning 1002.17; elapsed time: 0
INFO:root:_cost_function called at: 2.21875
INFO:root:_cost_function returning 1002.17; elapsed time: 0
INFO:root:_cost_function called at: 2.21875
INFO:root:_cost_function returning 1002.17; elapsed time: 0
INFO:root:_cost_function called at: 2.21875
INFO:root:_cost_function returning 1002.17; elapsed time: 0
INFO:root:_cost_function called at: 2.21875
INFO:root:_cost_function returning 1002.17; elapsed time: 0
INFO:root:_cost_function called at: 2.21875
INFO:root:_cost_function returning 1002.17; elapsed time: 0
INFO:root:_cost_function called at: 2.21875
INFO:root:_cost_function returning 1002.17; elapsed time: 0
INFO:root:_cost_function called at: 2.21875
INFO:root:_cost_function returning 1002.17; elapsed time: 0
INFO:root:_cost_function called at: 2.21875
INFO:root:_cost_function returning 1002.17; elapsed time: 0
INFO:root:_cost_function called at: 2.21875
INFO:root:_cost_function returning 1002.17; elapsed time: 0
INFO:root:_cost_function called at: 2.21875
INFO:root:_cost_function returning 1002.17; elapsed time: 0
INFO:root:_cost_function called at: 2.21875
INFO:root:_cost_function returning 1002.17; elapsed time: 0
INFO:root:_cost_function called at: 2.21875
INFO:root:_cost_function returning 1002.17; elapsed time: 0
INFO:root:_cost_function called at: 2.21875
INFO:root:_cost_function returning 1002.17; elapsed time: 0
INFO:root:_cost_function called at: 2.21875
INFO:root:_cost_function returning 1002.17; elapsed time: 0
INFO:root:_cost_function called at: 2.21875
INFO:root:_cost_function returning 1002.17; elapsed time: 0
INFO:root:_cost_function called at: 2.21875
INFO:root:_cost_function returning 1002.17; elapsed time: 0
INFO:root:_cost_function called at: 2.21875
INFO:root:_cost_function returning 1002.17; elapsed time: 0
INFO:root:_cost_function called at: 2.21875
INFO:root:_cost_function returning 1002.17; elapsed time: 0
INFO:root:_cost_function called at: 2.21875
INFO:root:_cost_function returning 1002.17; elapsed time: 0
INFO:root:_cost_function called at: 2.21875
INFO:root:_cost_function returning 1002.17; elapsed time: 0
INFO:root:_cost_function called at: 2.21875
INFO:root:_cost_function returning 1002.17; elapsed time: 0
INFO:root:_cost_function called at: 2.21875
INFO:root:_cost_function returning 1002.17; elapsed time: 0
INFO:root:_cost_function called at: 2.21875
INFO:root:_cost_function returning 1002.17; elapsed time: 0
INFO:root:_cost_function called at: 2.21875
INFO:root:_cost_function returning 1002.17; elapsed time: 0
INFO:root:_cost_function called at: 2.21875
INFO:root:_cost_function returning 1002.17; elapsed time: 0
INFO:root:_cost_function called at: 2.21875
INFO:root:_cost_function returning 1002.17; elapsed time: 0
INFO:root:_cost_function called at: 2.21875
INFO:root:_cost_function returning 1002.17; elapsed time: 0
INFO:root:_cost_function called at: 2.21875
INFO:root:_cost_function returning 1002.17; elapsed time: 0
INFO:root:_cost_function called at: 2.21875
INFO:root:_cost_function returning 1002.17; elapsed time: 0
INFO:root:_cost_function called at: 2.21875
INFO:root:_cost_function returning 1002.17; elapsed time: 0
INFO:root:_cost_function called at: 2.21875
INFO:root:_cost_function returning 1002.17; elapsed time: 0
INFO:root:_cost_function called at: 2.21875
INFO:root:_cost_function returning 1002.17; elapsed time: 0
INFO:root:_cost_function called at: 2.21875
INFO:root:_cost_function returning 1002.17; elapsed time: 0
INFO:root:_cost_function called at: 2.21875
INFO:root:_cost_function returning 1002.17; elapsed time: 0
INFO:root:_cost_function called at: 2.21875
INFO:root:_cost_function returning 1002.17; elapsed time: 0
INFO:root:_cost_function called at: 2.21875
INFO:root:_cost_function returning 1002.17; elapsed time: 0
INFO:root:_cost_function called at: 2.21875
INFO:root:_cost_function returning 1002.16; elapsed time: 0
INFO:root:_cost_function called at: 2.21875
INFO:root:_cost_function returning 1002.16; elapsed time: 0
INFO:root:_cost_function called at: 2.21875
INFO:root:_cost_function returning 1002.16; elapsed time: 0
INFO:root:_cost_function called at: 2.21875
INFO:root:_cost_function returning 1002.16; elapsed time: 0
INFO:root:_cost_function called at: 2.21875
INFO:root:_cost_function returning 1002.16; elapsed time: 0
INFO:root:_cost_function called at: 2.21875
INFO:root:_cost_function returning 1002.16; elapsed time: 0
INFO:root:_cost_function called at: 2.21875
INFO:root:_cost_function returning 1002.16; elapsed time: 0
INFO:root:_cost_function called at: 2.21875
INFO:root:_cost_function returning 1002.16; elapsed time: 0
INFO:root:_cost_function called at: 2.21875
INFO:root:_cost_function returning 1002.16; elapsed time: 0
INFO:root:_cost_function called at: 2.21875
INFO:root:_cost_function returning 1002.16; elapsed time: 0
INFO:root:_cost_function called at: 2.21875
INFO:root:_cost_function returning 1002.16; elapsed time: 0
INFO:root:_cost_function called at: 2.21875
INFO:root:_cost_function returning 1002.16; elapsed time: 0
INFO:root:_cost_function called at: 2.21875
INFO:root:_cost_function returning 1002.16; elapsed time: 0
INFO:root:_cost_function called at: 2.21875
INFO:root:_cost_function returning 1002.16; elapsed time: 0
INFO:root:_cost_function called at: 2.21875
INFO:root:_cost_function returning 1002.16; elapsed time: 0
INFO:root:_cost_function called at: 2.21875
INFO:root:_cost_function returning 1002.16; elapsed time: 0
INFO:root:_cost_function called at: 2.21875
INFO:root:_cost_function returning 1002.16; elapsed time: 0
INFO:root:_cost_function called at: 2.21875
INFO:root:_cost_function returning 1002.16; elapsed time: 0
INFO:root:_cost_function called at: 2.21875
INFO:root:_cost_function returning 1002.16; elapsed time: 0
INFO:root:_cost_function called at: 2.21875
INFO:root:_cost_function returning 1002.16; elapsed time: 0
INFO:root:_cost_function called at: 2.21875
INFO:root:_cost_function returning 1002.16; elapsed time: 0
INFO:root:_cost_function called at: 2.21875
INFO:root:_cost_function returning 1002.16; elapsed time: 0
INFO:root:_cost_function called at: 2.21875
INFO:root:_cost_function returning 1002.16; elapsed time: 0
INFO:root:_cost_function called at: 2.21875
INFO:root:_cost_function returning 1002.16; elapsed time: 0
INFO:root:_cost_function called at: 2.21875
INFO:root:_cost_function returning 1002.16; elapsed time: 0
INFO:root:_cost_function called at: 2.21875
INFO:root:_cost_function returning 1002.16; elapsed time: 0
INFO:root:_cost_function called at: 2.21875
INFO:root:_cost_function returning 1002.16; elapsed time: 0
INFO:root:_cost_function called at: 2.21875
INFO:root:_cost_function returning 1002.16; elapsed time: 0
INFO:root:_cost_function called at: 2.21875
INFO:root:_cost_function returning 1002.16; elapsed time: 0
INFO:root:_cost_function called at: 2.21875
INFO:root:_cost_function returning 1002.16; elapsed time: 0
INFO:root:_cost_function called at: 2.21875
INFO:root:_cost_function returning 1002.16; elapsed time: 0
INFO:root:_cost_function called at: 2.21875
INFO:root:_cost_function returning 1002.16; elapsed time: 0
INFO:root:_cost_function called at: 2.21875
INFO:root:_cost_function returning 1002.16; elapsed time: 0
INFO:root:_cost_function called at: 2.21875
INFO:root:_cost_function returning 1002.16; elapsed time: 0
INFO:root:_cost_function called at: 2.21875
INFO:root:_cost_function returning 1002.16; elapsed time: 0
INFO:root:_cost_function called at: 2.21875
INFO:root:_cost_function returning 1002.16; elapsed time: 0
INFO:root:_cost_function called at: 2.21875
INFO:root:_cost_function returning 1002.16; elapsed time: 0
INFO:root:_cost_function called at: 2.21875
INFO:root:_cost_function returning 1002.16; elapsed time: 0
INFO:root:_cost_function called at: 2.21875
INFO:root:_cost_function returning 1002.16; elapsed time: 0
INFO:root:_cost_function called at: 2.21875
INFO:root:_cost_function returning 1002.16; elapsed time: 0
INFO:root:_cost_function called at: 2.21875
INFO:root:_cost_function returning 1002.16; elapsed time: 0
INFO:root:_cost_function called at: 2.21875
INFO:root:_cost_function returning 1002.16; elapsed time: 0
INFO:root:_cost_function called at: 2.21875
INFO:root:_cost_function returning 1002.16; elapsed time: 0
INFO:root:_cost_function called at: 2.21875
INFO:root:_cost_function returning 1002.16; elapsed time: 0
INFO:root:_cost_function called at: 2.21875
INFO:root:_cost_function returning 1002.16; elapsed time: 0
INFO:root:_cost_function called at: 2.21875
INFO:root:_cost_function returning 1002.16; elapsed time: 0.015625
INFO:root:_cost_function called at: 2.23438
INFO:root:_cost_function returning 1002.16; elapsed time: 0
INFO:root:_cost_function called at: 2.23438
INFO:root:_cost_function returning 1002.16; elapsed time: 0
INFO:root:_cost_function called at: 2.23438
INFO:root:_cost_function returning 1002.16; elapsed time: 0
INFO:root:_cost_function called at: 2.23438
INFO:root:_cost_function returning 1002.16; elapsed time: 0
INFO:root:_cost_function called at: 2.23438
INFO:root:_cost_function returning 1002.16; elapsed time: 0
INFO:root:_cost_function called at: 2.23438
INFO:root:_cost_function returning 1002.16; elapsed time: 0
INFO:root:_cost_function called at: 2.23438
INFO:root:_cost_function returning 1002.16; elapsed time: 0
INFO:root:_cost_function called at: 2.23438
INFO:root:_cost_function returning 1002.16; elapsed time: 0
INFO:root:_cost_function called at: 2.23438
INFO:root:_cost_function returning 1002.16; elapsed time: 0
INFO:root:_cost_function called at: 2.23438
INFO:root:_cost_function returning 1002.16; elapsed time: 0
INFO:root:_cost_function called at: 2.23438
INFO:root:_cost_function returning 1002.16; elapsed time: 0
INFO:root:_cost_function called at: 2.23438
INFO:root:_cost_function returning 1002.16; elapsed time: 0
INFO:root:_cost_function called at: 2.23438
INFO:root:_cost_function returning 1002.16; elapsed time: 0
INFO:root:_cost_function called at: 2.23438
INFO:root:_cost_function returning 1002.16; elapsed time: 0
INFO:root:_cost_function called at: 2.23438
INFO:root:_cost_function returning 1002.16; elapsed time: 0
INFO:root:_cost_function called at: 2.23438
INFO:root:_cost_function returning 1002.16; elapsed time: 0
INFO:root:_cost_function called at: 2.23438
INFO:root:_cost_function returning 1002.16; elapsed time: 0
INFO:root:_cost_function called at: 2.23438
INFO:root:_cost_function returning 1002.16; elapsed time: 0
INFO:root:_cost_function called at: 2.23438
INFO:root:_cost_function returning 1002.16; elapsed time: 0
INFO:root:_cost_function called at: 2.23438
INFO:root:_cost_function returning 1002.16; elapsed time: 0
INFO:root:_cost_function called at: 2.23438
INFO:root:_cost_function returning 1002.16; elapsed time: 0
INFO:root:_cost_function called at: 2.23438
INFO:root:_cost_function returning 1002.16; elapsed time: 0
INFO:root:_cost_function called at: 2.23438
INFO:root:_cost_function returning 1002.16; elapsed time: 0
INFO:root:_cost_function called at: 2.23438
INFO:root:_cost_function returning 1002.16; elapsed time: 0
INFO:root:_cost_function called at: 2.23438
INFO:root:_cost_function returning 1002.16; elapsed time: 0
INFO:root:_cost_function called at: 2.23438
INFO:root:_cost_function returning 1002.16; elapsed time: 0
INFO:root:_cost_function called at: 2.23438
INFO:root:_cost_function returning 1002.16; elapsed time: 0
INFO:root:_cost_function called at: 2.23438
INFO:root:_cost_function returning 1002.16; elapsed time: 0
INFO:root:_cost_function called at: 2.23438
INFO:root:_cost_function returning 1002.16; elapsed time: 0
INFO:root:_cost_function called at: 2.23438
INFO:root:_cost_function returning 1002.16; elapsed time: 0
INFO:root:_cost_function called at: 2.23438
INFO:root:_cost_function returning 1002.16; elapsed time: 0
INFO:root:_cost_function called at: 2.23438
INFO:root:_cost_function returning 1002.16; elapsed time: 0
INFO:root:_cost_function called at: 2.23438
INFO:root:_cost_function returning 1002.16; elapsed time: 0
INFO:root:_cost_function called at: 2.23438
INFO:root:_cost_function returning 1002.16; elapsed time: 0
INFO:root:_cost_function called at: 2.23438
INFO:root:_cost_function returning 1002.16; elapsed time: 0
INFO:root:_cost_function called at: 2.23438
INFO:root:_cost_function returning 1002.16; elapsed time: 0
INFO:root:_cost_function called at: 2.23438
INFO:root:_cost_function returning 1002.16; elapsed time: 0
INFO:root:_cost_function called at: 2.23438
INFO:root:_cost_function returning 1002.16; elapsed time: 0
INFO:root:_cost_function called at: 2.23438
INFO:root:_cost_function returning 1002.16; elapsed time: 0
INFO:root:_cost_function called at: 2.23438
INFO:root:_cost_function returning 1002.16; elapsed time: 0
INFO:root:_cost_function called at: 2.23438
INFO:root:_cost_function returning 1002.16; elapsed time: 0
INFO:root:_cost_function called at: 2.23438
INFO:root:_cost_function returning 1002.16; elapsed time: 0
INFO:root:_cost_function called at: 2.23438
INFO:root:_cost_function returning 1002.16; elapsed time: 0
INFO:root:_cost_function called at: 2.23438
INFO:root:_cost_function returning 1002.16; elapsed time: 0
INFO:root:_cost_function called at: 2.23438
INFO:root:_cost_function returning 1002.16; elapsed time: 0
INFO:root:_cost_function called at: 2.23438
INFO:root:_cost_function returning 1002.16; elapsed time: 0
INFO:root:_cost_function called at: 2.23438
INFO:root:_cost_function returning 1002.16; elapsed time: 0
INFO:root:_cost_function called at: 2.23438
INFO:root:_cost_function returning 1002.16; elapsed time: 0
INFO:root:_cost_function called at: 2.23438
INFO:root:_cost_function returning 1002.16; elapsed time: 0
INFO:root:_cost_function called at: 2.23438
INFO:root:_cost_function returning 1002.16; elapsed time: 0
INFO:root:_cost_function called at: 2.23438
INFO:root:_cost_function returning 1002.16; elapsed time: 0
INFO:root:_cost_function called at: 2.23438
INFO:root:_cost_function returning 1002.16; elapsed time: 0
INFO:root:_cost_function called at: 2.23438
INFO:root:_cost_function returning 1002.16; elapsed time: 0
INFO:root:_cost_function called at: 2.23438
INFO:root:_cost_function returning 1002.16; elapsed time: 0
INFO:root:_cost_function called at: 2.23438
INFO:root:_cost_function returning 1002.16; elapsed time: 0
INFO:root:_cost_function called at: 2.25
INFO:root:_cost_function returning 1002.13; elapsed time: 0
INFO:root:_cost_function called at: 2.25
INFO:root:_cost_function returning 1002.13; elapsed time: 0
INFO:root:_cost_function called at: 2.25
INFO:root:_cost_function returning 1002.13; elapsed time: 0
INFO:root:_cost_function called at: 2.25
INFO:root:_cost_function returning 1002.13; elapsed time: 0
INFO:root:_cost_function called at: 2.25
INFO:root:_cost_function returning 1002.13; elapsed time: 0
INFO:root:_cost_function called at: 2.25
INFO:root:_cost_function returning 1002.13; elapsed time: 0
INFO:root:_cost_function called at: 2.25
INFO:root:_cost_function returning 1002.13; elapsed time: 0
INFO:root:_cost_function called at: 2.25
INFO:root:_cost_function returning 1002.13; elapsed time: 0
INFO:root:_cost_function called at: 2.25
INFO:root:_cost_function returning 1002.13; elapsed time: 0
INFO:root:_cost_function called at: 2.25
INFO:root:_cost_function returning 1002.13; elapsed time: 0
INFO:root:_cost_function called at: 2.25
INFO:root:_cost_function returning 1002.13; elapsed time: 0
INFO:root:_cost_function called at: 2.25
INFO:root:_cost_function returning 1002.13; elapsed time: 0
INFO:root:_cost_function called at: 2.25
INFO:root:_cost_function returning 1002.13; elapsed time: 0
INFO:root:_cost_function called at: 2.25
INFO:root:_cost_function returning 1002.13; elapsed time: 0
INFO:root:_cost_function called at: 2.25
INFO:root:_cost_function returning 1002.13; elapsed time: 0
INFO:root:_cost_function called at: 2.25
INFO:root:_cost_function returning 1002.13; elapsed time: 0
INFO:root:_cost_function called at: 2.25
INFO:root:_cost_function returning 1002.13; elapsed time: 0
INFO:root:_cost_function called at: 2.25
INFO:root:_cost_function returning 1002.13; elapsed time: 0
INFO:root:_cost_function called at: 2.25
INFO:root:_cost_function returning 1002.13; elapsed time: 0
INFO:root:_cost_function called at: 2.25
INFO:root:_cost_function returning 1002.13; elapsed time: 0
INFO:root:_cost_function called at: 2.25
INFO:root:_cost_function returning 1002.13; elapsed time: 0
INFO:root:_cost_function called at: 2.25
INFO:root:_cost_function returning 1002.13; elapsed time: 0
INFO:root:_cost_function called at: 2.25
INFO:root:_cost_function returning 1002.13; elapsed time: 0
INFO:root:_cost_function called at: 2.25
INFO:root:_cost_function returning 1002.13; elapsed time: 0
INFO:root:_cost_function called at: 2.25
INFO:root:_cost_function returning 1002.13; elapsed time: 0
INFO:root:_cost_function called at: 2.25
INFO:root:_cost_function returning 1002.13; elapsed time: 0
INFO:root:_cost_function called at: 2.25
INFO:root:_cost_function returning 1002.13; elapsed time: 0
INFO:root:_cost_function called at: 2.25
INFO:root:_cost_function returning 1002.13; elapsed time: 0
INFO:root:_cost_function called at: 2.25
INFO:root:_cost_function returning 1002.13; elapsed time: 0
INFO:root:_cost_function called at: 2.25
INFO:root:_cost_function returning 1002.13; elapsed time: 0
INFO:root:_cost_function called at: 2.25
INFO:root:_cost_function returning 1002.13; elapsed time: 0
INFO:root:_cost_function called at: 2.25
INFO:root:_cost_function returning 1002.13; elapsed time: 0
INFO:root:_cost_function called at: 2.25
INFO:root:_cost_function returning 1002.13; elapsed time: 0
INFO:root:_cost_function called at: 2.25
INFO:root:_cost_function returning 1002.13; elapsed time: 0
INFO:root:_cost_function called at: 2.25
INFO:root:_cost_function returning 1002.13; elapsed time: 0
INFO:root:_cost_function called at: 2.25
INFO:root:_cost_function returning 1002.13; elapsed time: 0
INFO:root:_cost_function called at: 2.25
INFO:root:_cost_function returning 1002.13; elapsed time: 0
INFO:root:_cost_function called at: 2.25
INFO:root:_cost_function returning 1002.13; elapsed time: 0
INFO:root:_cost_function called at: 2.25
INFO:root:_cost_function returning 1002.13; elapsed time: 0
INFO:root:_cost_function called at: 2.25
INFO:root:_cost_function returning 1002.13; elapsed time: 0
INFO:root:_cost_function called at: 2.25
INFO:root:_cost_function returning 1002.13; elapsed time: 0
INFO:root:_cost_function called at: 2.25
INFO:root:_cost_function returning 1002.13; elapsed time: 0
INFO:root:_cost_function called at: 2.25
INFO:root:_cost_function returning 1002.13; elapsed time: 0
INFO:root:_cost_function called at: 2.25
INFO:root:_cost_function returning 1002.13; elapsed time: 0
INFO:root:_cost_function called at: 2.25
INFO:root:_cost_function returning 1002.13; elapsed time: 0
INFO:root:_cost_function called at: 2.25
INFO:root:_cost_function returning 1002.13; elapsed time: 0
INFO:root:_cost_function called at: 2.25
INFO:root:_cost_function returning 1002.13; elapsed time: 0
INFO:root:_cost_function called at: 2.25
INFO:root:_cost_function returning 1002.13; elapsed time: 0
INFO:root:_cost_function called at: 2.25
INFO:root:_cost_function returning 1002.13; elapsed time: 0
INFO:root:_cost_function called at: 2.25
INFO:root:_cost_function returning 1002.13; elapsed time: 0
INFO:root:_cost_function called at: 2.25
INFO:root:_cost_function returning 1002.13; elapsed time: 0
INFO:root:_cost_function called at: 2.25
INFO:root:_cost_function returning 1002.13; elapsed time: 0
INFO:root:_cost_function called at: 2.25
INFO:root:_cost_function returning 1002.13; elapsed time: 0
INFO:root:_cost_function called at: 2.25
INFO:root:_cost_function returning 1002.13; elapsed time: 0
INFO:root:_cost_function called at: 2.25
INFO:root:_cost_function returning 1002.13; elapsed time: 0
INFO:root:_cost_function called at: 2.25
INFO:root:_cost_function returning 1002.13; elapsed time: 0
INFO:root:_cost_function called at: 2.25
INFO:root:_cost_function returning 1002.13; elapsed time: 0
INFO:root:_cost_function called at: 2.25
INFO:root:_cost_function returning 1002.13; elapsed time: 0
INFO:root:_cost_function called at: 2.25
INFO:root:_cost_function returning 1002.13; elapsed time: 0
INFO:root:_cost_function called at: 2.25
INFO:root:_cost_function returning 1002.13; elapsed time: 0
INFO:root:_cost_function called at: 2.25
INFO:root:_cost_function returning 1002.13; elapsed time: 0
INFO:root:_cost_function called at: 2.25
INFO:root:_cost_function returning 1002.13; elapsed time: 0
INFO:root:_cost_function called at: 2.25
INFO:root:_cost_function returning 1002.13; elapsed time: 0
INFO:root:_cost_function called at: 2.25
INFO:root:_cost_function returning 1002.13; elapsed time: 0
INFO:root:_cost_function called at: 2.25
INFO:root:_cost_function returning 1002.13; elapsed time: 0
INFO:root:_cost_function called at: 2.25
INFO:root:_cost_function returning 1002.13; elapsed time: 0
INFO:root:_cost_function called at: 2.25
INFO:root:_cost_function returning 1002.13; elapsed time: 0
INFO:root:_cost_function called at: 2.25
INFO:root:_cost_function returning 1002.13; elapsed time: 0
INFO:root:_cost_function called at: 2.25
INFO:root:_cost_function returning 1002.13; elapsed time: 0
INFO:root:_cost_function called at: 2.25
INFO:root:_cost_function returning 1002.13; elapsed time: 0
INFO:root:_cost_function called at: 2.25
INFO:root:_cost_function returning 1002.13; elapsed time: 0
INFO:root:_cost_function called at: 2.25
INFO:root:_cost_function returning 1002.13; elapsed time: 0
INFO:root:_cost_function called at: 2.25
INFO:root:_cost_function returning 1002.13; elapsed time: 0
INFO:root:_cost_function called at: 2.25
INFO:root:_cost_function returning 1002.13; elapsed time: 0
INFO:root:_cost_function called at: 2.25
INFO:root:_cost_function returning 1002.13; elapsed time: 0
INFO:root:_cost_function called at: 2.25
INFO:root:_cost_function returning 1002.13; elapsed time: 0
INFO:root:_cost_function called at: 2.25
INFO:root:_cost_function returning 1002.13; elapsed time: 0
INFO:root:_cost_function called at: 2.25
INFO:root:_cost_function returning 1002.13; elapsed time: 0
INFO:root:_cost_function called at: 2.25
INFO:root:_cost_function returning 1002.13; elapsed time: 0
INFO:root:_cost_function called at: 2.25
INFO:root:_cost_function returning 1002.13; elapsed time: 0
INFO:root:_cost_function called at: 2.25
INFO:root:_cost_function returning 1002.13; elapsed time: 0
INFO:root:_cost_function called at: 2.25
INFO:root:_cost_function returning 1002.13; elapsed time: 0
INFO:root:_cost_function called at: 2.25
INFO:root:_cost_function returning 1002.13; elapsed time: 0
INFO:root:_cost_function called at: 2.25
INFO:root:_cost_function returning 1002.13; elapsed time: 0
INFO:root:_cost_function called at: 2.25
INFO:root:_cost_function returning 1002.13; elapsed time: 0
INFO:root:_cost_function called at: 2.25
INFO:root:_cost_function returning 1002.13; elapsed time: 0
INFO:root:_cost_function called at: 2.25
INFO:root:_cost_function returning 1002.13; elapsed time: 0
INFO:root:_cost_function called at: 2.25
INFO:root:_cost_function returning 1002.13; elapsed time: 0
INFO:root:_cost_function called at: 2.25
INFO:root:_cost_function returning 1002.13; elapsed time: 0
INFO:root:_cost_function called at: 2.25
INFO:root:_cost_function returning 1002.13; elapsed time: 0
INFO:root:_cost_function called at: 2.25
INFO:root:_cost_function returning 1002.13; elapsed time: 0
INFO:root:_cost_function called at: 2.25
INFO:root:_cost_function returning 1002.13; elapsed time: 0
INFO:root:_cost_function called at: 2.26562
INFO:root:_cost_function returning 1002.13; elapsed time: 0
INFO:root:_cost_function called at: 2.26562
INFO:root:_cost_function returning 1002.13; elapsed time: 0
INFO:root:_cost_function called at: 2.26562
INFO:root:_cost_function returning 1002.13; elapsed time: 0
INFO:root:_cost_function called at: 2.26562
INFO:root:_cost_function returning 1002.13; elapsed time: 0
INFO:root:_cost_function called at: 2.26562
INFO:root:_cost_function returning 1002.13; elapsed time: 0
INFO:root:_cost_function called at: 2.26562
INFO:root:_cost_function returning 1002.13; elapsed time: 0
INFO:root:_cost_function called at: 2.26562
INFO:root:_cost_function returning 1002.13; elapsed time: 0
INFO:root:_cost_function called at: 2.26562
INFO:root:_cost_function returning 1002.13; elapsed time: 0
INFO:root:_cost_function called at: 2.26562
INFO:root:_cost_function returning 1002.13; elapsed time: 0
INFO:root:_cost_function called at: 2.26562
INFO:root:_cost_function returning 1002.12; elapsed time: 0
INFO:root:_cost_function called at: 2.26562
INFO:root:_cost_function returning 1002.12; elapsed time: 0
INFO:root:_cost_function called at: 2.26562
INFO:root:_cost_function returning 1002.12; elapsed time: 0
INFO:root:_cost_function called at: 2.26562
INFO:root:_cost_function returning 1002.12; elapsed time: 0
INFO:root:_cost_function called at: 2.26562
INFO:root:_cost_function returning 1002.12; elapsed time: 0
INFO:root:_cost_function called at: 2.26562
INFO:root:_cost_function returning 1002.12; elapsed time: 0
INFO:root:_cost_function called at: 2.26562
INFO:root:_cost_function returning 1002.12; elapsed time: 0
INFO:root:_cost_function called at: 2.26562
INFO:root:_cost_function returning 1002.12; elapsed time: 0
INFO:root:_cost_function called at: 2.26562
INFO:root:_cost_function returning 1002.12; elapsed time: 0
INFO:root:_cost_function called at: 2.26562
INFO:root:_cost_function returning 1002.12; elapsed time: 0
INFO:root:_cost_function called at: 2.26562
INFO:root:_cost_function returning 1002.12; elapsed time: 0
INFO:root:_cost_function called at: 2.26562
INFO:root:_cost_function returning 1002.12; elapsed time: 0
INFO:root:_cost_function called at: 2.26562
INFO:root:_cost_function returning 1002.12; elapsed time: 0
INFO:root:_cost_function called at: 2.26562
INFO:root:_cost_function returning 1002.12; elapsed time: 0
INFO:root:_cost_function called at: 2.26562
INFO:root:_cost_function returning 1002.12; elapsed time: 0
INFO:root:_cost_function called at: 2.26562
INFO:root:_cost_function returning 1002.12; elapsed time: 0
INFO:root:_cost_function called at: 2.26562
INFO:root:_cost_function returning 1002.12; elapsed time: 0
INFO:root:_cost_function called at: 2.26562
INFO:root:_cost_function returning 1002.12; elapsed time: 0
INFO:root:_cost_function called at: 2.26562
INFO:root:_cost_function returning 1002.12; elapsed time: 0
INFO:root:_cost_function called at: 2.26562
INFO:root:_cost_function returning 1002.12; elapsed time: 0
INFO:root:_cost_function called at: 2.26562
INFO:root:_cost_function returning 1002.12; elapsed time: 0
INFO:root:_cost_function called at: 2.26562
INFO:root:_cost_function returning 1002.12; elapsed time: 0
INFO:root:_cost_function called at: 2.26562
INFO:root:_cost_function returning 1002.12; elapsed time: 0
INFO:root:_cost_function called at: 2.26562
INFO:root:_cost_function returning 1002.12; elapsed time: 0
INFO:root:_cost_function called at: 2.26562
INFO:root:_cost_function returning 1002.12; elapsed time: 0.015625
INFO:root:_cost_function called at: 2.28125
INFO:root:_cost_function returning 1002.12; elapsed time: 0
INFO:root:_cost_function called at: 2.28125
INFO:root:_cost_function returning 1002.12; elapsed time: 0
INFO:root:_cost_function called at: 2.28125
INFO:root:_cost_function returning 1002.12; elapsed time: 0
INFO:root:_cost_function called at: 2.28125
INFO:root:_cost_function returning 1002.12; elapsed time: 0
INFO:root:_cost_function called at: 2.28125
INFO:root:_cost_function returning 1002.12; elapsed time: 0
INFO:root:_cost_function called at: 2.28125
INFO:root:_cost_function returning 1002.12; elapsed time: 0
INFO:root:_cost_function called at: 2.28125
INFO:root:_cost_function returning 1002.12; elapsed time: 0
INFO:root:_cost_function called at: 2.28125
INFO:root:_cost_function returning 1002.12; elapsed time: 0
INFO:root:_cost_function called at: 2.28125
INFO:root:_cost_function returning 1002.12; elapsed time: 0
INFO:root:_cost_function called at: 2.28125
INFO:root:_cost_function returning 1002.12; elapsed time: 0
INFO:root:_cost_function called at: 2.28125
INFO:root:_cost_function returning 1002.12; elapsed time: 0
INFO:root:_cost_function called at: 2.28125
INFO:root:_cost_function returning 1002.12; elapsed time: 0
INFO:root:_cost_function called at: 2.28125
INFO:root:_cost_function returning 1002.12; elapsed time: 0
INFO:root:_cost_function called at: 2.28125
INFO:root:_cost_function returning 1002.12; elapsed time: 0
INFO:root:_cost_function called at: 2.28125
INFO:root:_cost_function returning 1002.12; elapsed time: 0
INFO:root:_cost_function called at: 2.28125
INFO:root:_cost_function returning 1002.12; elapsed time: 0
INFO:root:_cost_function called at: 2.28125
INFO:root:_cost_function returning 1002.12; elapsed time: 0
INFO:root:_cost_function called at: 2.28125
INFO:root:_cost_function returning 1002.12; elapsed time: 0
INFO:root:_cost_function called at: 2.28125
INFO:root:_cost_function returning 1002.12; elapsed time: 0
INFO:root:_cost_function called at: 2.28125
INFO:root:_cost_function returning 1002.12; elapsed time: 0
INFO:root:_cost_function called at: 2.28125
INFO:root:_cost_function returning 1002.12; elapsed time: 0
INFO:root:_cost_function called at: 2.28125
INFO:root:_cost_function returning 1002.12; elapsed time: 0
INFO:root:_cost_function called at: 2.28125
INFO:root:_cost_function returning 1002.12; elapsed time: 0
INFO:root:_cost_function called at: 2.28125
INFO:root:_cost_function returning 1002.12; elapsed time: 0
INFO:root:_cost_function called at: 2.28125
INFO:root:_cost_function returning 1002.12; elapsed time: 0
INFO:root:_cost_function called at: 2.28125
INFO:root:_cost_function returning 1002.12; elapsed time: 0
INFO:root:_cost_function called at: 2.28125
INFO:root:_cost_function returning 1002.12; elapsed time: 0
INFO:root:_cost_function called at: 2.28125
INFO:root:_cost_function returning 1002.12; elapsed time: 0
INFO:root:_cost_function called at: 2.28125
INFO:root:_cost_function returning 1002.12; elapsed time: 0
INFO:root:_cost_function called at: 2.28125
INFO:root:_cost_function returning 1002.12; elapsed time: 0
INFO:root:_cost_function called at: 2.28125
INFO:root:_cost_function returning 1002.12; elapsed time: 0
INFO:root:_cost_function called at: 2.28125
INFO:root:_cost_function returning 1002.12; elapsed time: 0
INFO:root:_cost_function called at: 2.28125
INFO:root:_cost_function returning 1002.12; elapsed time: 0
INFO:root:_cost_function called at: 2.28125
INFO:root:_cost_function returning 1002.12; elapsed time: 0
INFO:root:_cost_function called at: 2.28125
INFO:root:_cost_function returning 1002.12; elapsed time: 0
INFO:root:_cost_function called at: 2.28125
INFO:root:_cost_function returning 1002.12; elapsed time: 0
INFO:root:_cost_function called at: 2.28125
INFO:root:_cost_function returning 1002.12; elapsed time: 0
INFO:root:_cost_function called at: 2.28125
INFO:root:_cost_function returning 1002.12; elapsed time: 0
INFO:root:_cost_function called at: 2.28125
INFO:root:_cost_function returning 1002.12; elapsed time: 0
INFO:root:_cost_function called at: 2.28125
INFO:root:_cost_function returning 1002.12; elapsed time: 0
INFO:root:_cost_function called at: 2.28125
INFO:root:_cost_function returning 1002.12; elapsed time: 0
INFO:root:_cost_function called at: 2.28125
INFO:root:_cost_function returning 1002.12; elapsed time: 0
INFO:root:_cost_function called at: 2.28125
INFO:root:_cost_function returning 1002.12; elapsed time: 0
INFO:root:_cost_function called at: 2.28125
INFO:root:_cost_function returning 1002.12; elapsed time: 0
INFO:root:_cost_function called at: 2.28125
INFO:root:_cost_function returning 1002.12; elapsed time: 0
INFO:root:_cost_function called at: 2.28125
INFO:root:_cost_function returning 1002.12; elapsed time: 0
INFO:root:_cost_function called at: 2.28125
INFO:root:_cost_function returning 1002.12; elapsed time: 0
INFO:root:_cost_function called at: 2.28125
INFO:root:_cost_function returning 1002.12; elapsed time: 0
INFO:root:_cost_function called at: 2.28125
INFO:root:_cost_function returning 1002.12; elapsed time: 0
INFO:root:_cost_function called at: 2.28125
INFO:root:_cost_function returning 1002.12; elapsed time: 0
INFO:root:_cost_function called at: 2.28125
INFO:root:_cost_function returning 1002.12; elapsed time: 0
INFO:root:_cost_function called at: 2.28125
INFO:root:_cost_function returning 1002.12; elapsed time: 0
INFO:root:_cost_function called at: 2.28125
INFO:root:_cost_function returning 1002.12; elapsed time: 0
INFO:root:_cost_function called at: 2.28125
INFO:root:_cost_function returning 1002.12; elapsed time: 0
INFO:root:_cost_function called at: 2.28125
INFO:root:_cost_function returning 1002.12; elapsed time: 0
INFO:root:_cost_function called at: 2.28125
INFO:root:_cost_function returning 1002.12; elapsed time: 0
INFO:root:_cost_function called at: 2.28125
INFO:root:_cost_function returning 1002.12; elapsed time: 0
INFO:root:_cost_function called at: 2.28125
INFO:root:_cost_function returning 1002.12; elapsed time: 0
INFO:root:_cost_function called at: 2.28125
INFO:root:_cost_function returning 1002.12; elapsed time: 0
INFO:root:_cost_function called at: 2.28125
INFO:root:_cost_function returning 1002.12; elapsed time: 0
INFO:root:_cost_function called at: 2.28125
INFO:root:_cost_function returning 1002.12; elapsed time: 0
INFO:root:_cost_function called at: 2.28125
INFO:root:_cost_function returning 1002.12; elapsed time: 0
INFO:root:_cost_function called at: 2.28125
INFO:root:_cost_function returning 1002.12; elapsed time: 0
INFO:root:_cost_function called at: 2.28125
INFO:root:_cost_function returning 1002.12; elapsed time: 0
INFO:root:_cost_function called at: 2.28125
INFO:root:_cost_function returning 1002.12; elapsed time: 0
INFO:root:_cost_function called at: 2.28125
INFO:root:_cost_function returning 1002.12; elapsed time: 0
INFO:root:_cost_function called at: 2.28125
INFO:root:_cost_function returning 1002.12; elapsed time: 0
INFO:root:_cost_function called at: 2.28125
INFO:root:_cost_function returning 1002.12; elapsed time: 0
INFO:root:_cost_function called at: 2.28125
INFO:root:_cost_function returning 1002.12; elapsed time: 0
INFO:root:_cost_function called at: 2.28125
INFO:root:_cost_function returning 1002.12; elapsed time: 0
INFO:root:_cost_function called at: 2.28125
INFO:root:_cost_function returning 1002.12; elapsed time: 0
INFO:root:_cost_function called at: 2.28125
INFO:root:_cost_function returning 1002.12; elapsed time: 0
INFO:root:_cost_function called at: 2.28125
INFO:root:_cost_function returning 1002.12; elapsed time: 0
INFO:root:_cost_function called at: 2.28125
INFO:root:_cost_function returning 1002.12; elapsed time: 0
INFO:root:_cost_function called at: 2.28125
INFO:root:_cost_function returning 1002.12; elapsed time: 0
INFO:root:_cost_function called at: 2.28125
INFO:root:_cost_function returning 1002.12; elapsed time: 0
INFO:root:_cost_function called at: 2.29688
INFO:root:_cost_function returning 1002.1; elapsed time: 0
INFO:root:_cost_function called at: 2.29688
INFO:root:_cost_function returning 1002.1; elapsed time: 0
INFO:root:_cost_function called at: 2.29688
INFO:root:_cost_function returning 1002.1; elapsed time: 0
INFO:root:_cost_function called at: 2.29688
INFO:root:_cost_function returning 1002.1; elapsed time: 0
INFO:root:_cost_function called at: 2.29688
INFO:root:_cost_function returning 1002.1; elapsed time: 0
INFO:root:_cost_function called at: 2.29688
INFO:root:_cost_function returning 1002.1; elapsed time: 0
INFO:root:_cost_function called at: 2.29688
INFO:root:_cost_function returning 1002.1; elapsed time: 0
INFO:root:_cost_function called at: 2.29688
INFO:root:_cost_function returning 1002.1; elapsed time: 0
INFO:root:_cost_function called at: 2.29688
INFO:root:_cost_function returning 1002.1; elapsed time: 0
INFO:root:_cost_function called at: 2.29688
INFO:root:_cost_function returning 1002.1; elapsed time: 0
INFO:root:_cost_function called at: 2.29688
INFO:root:_cost_function returning 1002.1; elapsed time: 0
INFO:root:_cost_function called at: 2.29688
INFO:root:_cost_function returning 1002.1; elapsed time: 0
INFO:root:_cost_function called at: 2.29688
INFO:root:_cost_function returning 1002.1; elapsed time: 0
INFO:root:_cost_function called at: 2.29688
INFO:root:_cost_function returning 1002.1; elapsed time: 0
INFO:root:_cost_function called at: 2.29688
INFO:root:_cost_function returning 1002.1; elapsed time: 0
INFO:root:_cost_function called at: 2.29688
INFO:root:_cost_function returning 1002.1; elapsed time: 0
INFO:root:_cost_function called at: 2.29688
INFO:root:_cost_function returning 1002.1; elapsed time: 0
INFO:root:_cost_function called at: 2.29688
INFO:root:_cost_function returning 1002.1; elapsed time: 0
INFO:root:_cost_function called at: 2.29688
INFO:root:_cost_function returning 1002.1; elapsed time: 0
INFO:root:_cost_function called at: 2.29688
INFO:root:_cost_function returning 1002.1; elapsed time: 0
INFO:root:_cost_function called at: 2.29688
INFO:root:_cost_function returning 1002.1; elapsed time: 0
INFO:root:_cost_function called at: 2.29688
INFO:root:_cost_function returning 1002.1; elapsed time: 0
INFO:root:_cost_function called at: 2.29688
INFO:root:_cost_function returning 1002.1; elapsed time: 0
INFO:root:_cost_function called at: 2.29688
INFO:root:_cost_function returning 1002.1; elapsed time: 0
INFO:root:_cost_function called at: 2.29688
INFO:root:_cost_function returning 1002.1; elapsed time: 0
INFO:root:_cost_function called at: 2.29688
INFO:root:_cost_function returning 1002.1; elapsed time: 0
INFO:root:_cost_function called at: 2.29688
INFO:root:_cost_function returning 1002.1; elapsed time: 0
INFO:root:_cost_function called at: 2.29688
INFO:root:_cost_function returning 1002.1; elapsed time: 0
INFO:root:_cost_function called at: 2.29688
INFO:root:_cost_function returning 1002.1; elapsed time: 0
INFO:root:_cost_function called at: 2.29688
INFO:root:_cost_function returning 1002.1; elapsed time: 0
INFO:root:_cost_function called at: 2.29688
INFO:root:_cost_function returning 1002.1; elapsed time: 0
INFO:root:_cost_function called at: 2.29688
INFO:root:_cost_function returning 1002.1; elapsed time: 0
INFO:root:_cost_function called at: 2.29688
INFO:root:_cost_function returning 1002.1; elapsed time: 0
INFO:root:_cost_function called at: 2.29688
INFO:root:_cost_function returning 1002.1; elapsed time: 0
INFO:root:_cost_function called at: 2.29688
INFO:root:_cost_function returning 1002.1; elapsed time: 0
INFO:root:_cost_function called at: 2.29688
INFO:root:_cost_function returning 1002.1; elapsed time: 0
INFO:root:_cost_function called at: 2.29688
INFO:root:_cost_function returning 1002.1; elapsed time: 0
INFO:root:_cost_function called at: 2.29688
INFO:root:_cost_function returning 1002.1; elapsed time: 0
INFO:root:_cost_function called at: 2.29688
INFO:root:_cost_function returning 1002.1; elapsed time: 0
INFO:root:_cost_function called at: 2.29688
INFO:root:_cost_function returning 1002.1; elapsed time: 0
INFO:root:_cost_function called at: 2.29688
INFO:root:_cost_function returning 1002.1; elapsed time: 0
INFO:root:_cost_function called at: 2.29688
INFO:root:_cost_function returning 1002.1; elapsed time: 0
INFO:root:_cost_function called at: 2.29688
INFO:root:_cost_function returning 1002.1; elapsed time: 0
INFO:root:_cost_function called at: 2.29688
INFO:root:_cost_function returning 1002.1; elapsed time: 0
INFO:root:_cost_function called at: 2.29688
INFO:root:_cost_function returning 1002.1; elapsed time: 0
INFO:root:_cost_function called at: 2.29688
INFO:root:_cost_function returning 1002.1; elapsed time: 0
INFO:root:_cost_function called at: 2.29688
INFO:root:_cost_function returning 1002.1; elapsed time: 0
INFO:root:_cost_function called at: 2.29688
INFO:root:_cost_function returning 1002.1; elapsed time: 0
INFO:root:_cost_function called at: 2.29688
INFO:root:_cost_function returning 1002.1; elapsed time: 0
INFO:root:_cost_function called at: 2.29688
INFO:root:_cost_function returning 1002.1; elapsed time: 0
INFO:root:_cost_function called at: 2.29688
INFO:root:_cost_function returning 1002.1; elapsed time: 0
INFO:root:_cost_function called at: 2.29688
INFO:root:_cost_function returning 1002.1; elapsed time: 0
INFO:root:_cost_function called at: 2.29688
INFO:root:_cost_function returning 1002.1; elapsed time: 0
INFO:root:_cost_function called at: 2.29688
INFO:root:_cost_function returning 1002.1; elapsed time: 0
INFO:root:_cost_function called at: 2.29688
INFO:root:_cost_function returning 1002.1; elapsed time: 0
INFO:root:_cost_function called at: 2.29688
INFO:root:_cost_function returning 1002.1; elapsed time: 0
INFO:root:_cost_function called at: 2.29688
INFO:root:_cost_function returning 1002.1; elapsed time: 0
INFO:root:_cost_function called at: 2.29688
INFO:root:_cost_function returning 1002.1; elapsed time: 0
INFO:root:_cost_function called at: 2.29688
INFO:root:_cost_function returning 1002.1; elapsed time: 0
INFO:root:_cost_function called at: 2.29688
INFO:root:_cost_function returning 1002.1; elapsed time: 0
INFO:root:_cost_function called at: 2.29688
INFO:root:_cost_function returning 1002.1; elapsed time: 0.015625
INFO:root:_cost_function called at: 2.3125
INFO:root:_cost_function returning 1002.1; elapsed time: 0
INFO:root:_cost_function called at: 2.3125
INFO:root:_cost_function returning 1002.1; elapsed time: 0
INFO:root:_cost_function called at: 2.3125
INFO:root:_cost_function returning 1002.1; elapsed time: 0
INFO:root:_cost_function called at: 2.3125
INFO:root:_cost_function returning 1002.1; elapsed time: 0
INFO:root:_cost_function called at: 2.3125
INFO:root:_cost_function returning 1002.1; elapsed time: 0
INFO:root:_cost_function called at: 2.3125
INFO:root:_cost_function returning 1002.1; elapsed time: 0
INFO:root:_cost_function called at: 2.3125
INFO:root:_cost_function returning 1002.1; elapsed time: 0
INFO:root:_cost_function called at: 2.3125
INFO:root:_cost_function returning 1002.1; elapsed time: 0
INFO:root:_cost_function called at: 2.3125
INFO:root:_cost_function returning 1002.1; elapsed time: 0
INFO:root:_cost_function called at: 2.3125
INFO:root:_cost_function returning 1002.1; elapsed time: 0
INFO:root:_cost_function called at: 2.3125
INFO:root:_cost_function returning 1002.1; elapsed time: 0
INFO:root:_cost_function called at: 2.3125
INFO:root:_cost_function returning 1002.1; elapsed time: 0
INFO:root:_cost_function called at: 2.3125
INFO:root:_cost_function returning 1002.1; elapsed time: 0
INFO:root:_cost_function called at: 2.3125
INFO:root:_cost_function returning 1002.1; elapsed time: 0
INFO:root:_cost_function called at: 2.3125
INFO:root:_cost_function returning 1002.1; elapsed time: 0
INFO:root:_cost_function called at: 2.3125
INFO:root:_cost_function returning 1002.1; elapsed time: 0
INFO:root:_cost_function called at: 2.3125
INFO:root:_cost_function returning 1002.1; elapsed time: 0
INFO:root:_cost_function called at: 2.3125
INFO:root:_cost_function returning 1002.1; elapsed time: 0
INFO:root:_cost_function called at: 2.3125
INFO:root:_cost_function returning 1002.1; elapsed time: 0
INFO:root:_cost_function called at: 2.3125
INFO:root:_cost_function returning 1002.1; elapsed time: 0
INFO:root:_cost_function called at: 2.3125
INFO:root:_cost_function returning 1002.1; elapsed time: 0
INFO:root:_cost_function called at: 2.3125
INFO:root:_cost_function returning 1002.1; elapsed time: 0
INFO:root:_cost_function called at: 2.3125
INFO:root:_cost_function returning 1002.1; elapsed time: 0
INFO:root:_cost_function called at: 2.3125
INFO:root:_cost_function returning 1002.1; elapsed time: 0
INFO:root:_cost_function called at: 2.3125
INFO:root:_cost_function returning 1002.1; elapsed time: 0
INFO:root:_cost_function called at: 2.3125
INFO:root:_cost_function returning 1002.1; elapsed time: 0
INFO:root:_cost_function called at: 2.3125
INFO:root:_cost_function returning 1002.1; elapsed time: 0
INFO:root:_cost_function called at: 2.3125
INFO:root:_cost_function returning 1002.1; elapsed time: 0
INFO:root:_cost_function called at: 2.3125
INFO:root:_cost_function returning 1002.1; elapsed time: 0
INFO:root:_cost_function called at: 2.3125
INFO:root:_cost_function returning 1002.1; elapsed time: 0
INFO:root:_cost_function called at: 2.3125
INFO:root:_cost_function returning 1002.1; elapsed time: 0
INFO:root:_cost_function called at: 2.3125
INFO:root:_cost_function returning 1002.1; elapsed time: 0
INFO:root:_cost_function called at: 2.3125
INFO:root:_cost_function returning 1002.1; elapsed time: 0
INFO:root:_cost_function called at: 2.3125
INFO:root:_cost_function returning 1002.1; elapsed time: 0
INFO:root:_cost_function called at: 2.3125
INFO:root:_cost_function returning 1002.1; elapsed time: 0
INFO:root:_cost_function called at: 2.3125
INFO:root:_cost_function returning 1002.1; elapsed time: 0
INFO:root:_cost_function called at: 2.3125
INFO:root:_cost_function returning 1002.1; elapsed time: 0
INFO:root:_cost_function called at: 2.3125
INFO:root:_cost_function returning 1002.1; elapsed time: 0
INFO:root:_cost_function called at: 2.3125
INFO:root:_cost_function returning 1002.1; elapsed time: 0
INFO:root:_cost_function called at: 2.3125
INFO:root:_cost_function returning 1002.1; elapsed time: 0
INFO:root:_cost_function called at: 2.32812
INFO:root:_cost_function returning 1002.07; elapsed time: 0
INFO:root:_cost_function called at: 2.32812
INFO:root:_cost_function returning 1002.07; elapsed time: 0
INFO:root:_cost_function called at: 2.32812
INFO:root:_cost_function returning 1002.07; elapsed time: 0
INFO:root:_cost_function called at: 2.32812
INFO:root:_cost_function returning 1002.07; elapsed time: 0
INFO:root:_cost_function called at: 2.32812
INFO:root:_cost_function returning 1002.07; elapsed time: 0
INFO:root:_cost_function called at: 2.32812
INFO:root:_cost_function returning 1002.07; elapsed time: 0
INFO:root:_cost_function called at: 2.32812
INFO:root:_cost_function returning 1002.07; elapsed time: 0
INFO:root:_cost_function called at: 2.32812
INFO:root:_cost_function returning 1002.07; elapsed time: 0
INFO:root:_cost_function called at: 2.32812
INFO:root:_cost_function returning 1002.07; elapsed time: 0
INFO:root:_cost_function called at: 2.32812
INFO:root:_cost_function returning 1002.07; elapsed time: 0
INFO:root:_cost_function called at: 2.32812
INFO:root:_cost_function returning 1002.07; elapsed time: 0
INFO:root:_cost_function called at: 2.32812
INFO:root:_cost_function returning 1002.07; elapsed time: 0
INFO:root:_cost_function called at: 2.32812
INFO:root:_cost_function returning 1002.07; elapsed time: 0
INFO:root:_cost_function called at: 2.32812
INFO:root:_cost_function returning 1002.07; elapsed time: 0
INFO:root:_cost_function called at: 2.32812
INFO:root:_cost_function returning 1002.07; elapsed time: 0
INFO:root:_cost_function called at: 2.32812
INFO:root:_cost_function returning 1002.07; elapsed time: 0
INFO:root:_cost_function called at: 2.32812
INFO:root:_cost_function returning 1002.07; elapsed time: 0
INFO:root:_cost_function called at: 2.32812
INFO:root:_cost_function returning 1002.07; elapsed time: 0
INFO:root:_cost_function called at: 2.32812
INFO:root:_cost_function returning 1002.07; elapsed time: 0
INFO:root:_cost_function called at: 2.32812
INFO:root:_cost_function returning 1002.07; elapsed time: 0
INFO:root:_cost_function called at: 2.32812
INFO:root:_cost_function returning 1002.07; elapsed time: 0
INFO:root:_cost_function called at: 2.32812
INFO:root:_cost_function returning 1002.07; elapsed time: 0
INFO:root:_cost_function called at: 2.32812
INFO:root:_cost_function returning 1002.07; elapsed time: 0
INFO:root:_cost_function called at: 2.32812
INFO:root:_cost_function returning 1002.07; elapsed time: 0
INFO:root:_cost_function called at: 2.32812
INFO:root:_cost_function returning 1002.07; elapsed time: 0
INFO:root:_cost_function called at: 2.32812
INFO:root:_cost_function returning 1002.07; elapsed time: 0
INFO:root:_cost_function called at: 2.32812
INFO:root:_cost_function returning 1002.07; elapsed time: 0
INFO:root:_cost_function called at: 2.32812
INFO:root:_cost_function returning 1002.07; elapsed time: 0
INFO:root:_cost_function called at: 2.32812
INFO:root:_cost_function returning 1002.07; elapsed time: 0
INFO:root:_cost_function called at: 2.32812
INFO:root:_cost_function returning 1002.07; elapsed time: 0
INFO:root:_cost_function called at: 2.32812
INFO:root:_cost_function returning 1002.07; elapsed time: 0
INFO:root:_cost_function called at: 2.32812
INFO:root:_cost_function returning 1002.07; elapsed time: 0
INFO:root:_cost_function called at: 2.32812
INFO:root:_cost_function returning 1002.07; elapsed time: 0
INFO:root:_cost_function called at: 2.32812
INFO:root:_cost_function returning 1002.07; elapsed time: 0
INFO:root:_cost_function called at: 2.32812
INFO:root:_cost_function returning 1002.07; elapsed time: 0
INFO:root:_cost_function called at: 2.32812
INFO:root:_cost_function returning 1002.07; elapsed time: 0
INFO:root:_cost_function called at: 2.32812
INFO:root:_cost_function returning 1002.07; elapsed time: 0
INFO:root:_cost_function called at: 2.32812
INFO:root:_cost_function returning 1002.07; elapsed time: 0
INFO:root:_cost_function called at: 2.32812
INFO:root:_cost_function returning 1002.07; elapsed time: 0
INFO:root:_cost_function called at: 2.32812
INFO:root:_cost_function returning 1002.07; elapsed time: 0
INFO:root:_cost_function called at: 2.32812
INFO:root:_cost_function returning 1002.07; elapsed time: 0
INFO:root:_cost_function called at: 2.32812
INFO:root:_cost_function returning 1002.07; elapsed time: 0
INFO:root:_cost_function called at: 2.32812
INFO:root:_cost_function returning 1002.07; elapsed time: 0
INFO:root:_cost_function called at: 2.32812
INFO:root:_cost_function returning 1002.07; elapsed time: 0
INFO:root:_cost_function called at: 2.32812
INFO:root:_cost_function returning 1002.07; elapsed time: 0
INFO:root:_cost_function called at: 2.32812
INFO:root:_cost_function returning 1002.07; elapsed time: 0
INFO:root:_cost_function called at: 2.32812
INFO:root:_cost_function returning 1002.07; elapsed time: 0
INFO:root:_cost_function called at: 2.32812
INFO:root:_cost_function returning 1002.07; elapsed time: 0
INFO:root:_cost_function called at: 2.32812
INFO:root:_cost_function returning 1002.07; elapsed time: 0
INFO:root:_cost_function called at: 2.32812
INFO:root:_cost_function returning 1002.07; elapsed time: 0
INFO:root:_cost_function called at: 2.32812
INFO:root:_cost_function returning 1002.07; elapsed time: 0
INFO:root:_cost_function called at: 2.32812
INFO:root:_cost_function returning 1002.07; elapsed time: 0
INFO:root:_cost_function called at: 2.32812
INFO:root:_cost_function returning 1002.07; elapsed time: 0
INFO:root:_cost_function called at: 2.32812
INFO:root:_cost_function returning 1002.07; elapsed time: 0
INFO:root:_cost_function called at: 2.32812
INFO:root:_cost_function returning 1002.07; elapsed time: 0
INFO:root:_cost_function called at: 2.32812
INFO:root:_cost_function returning 1002.07; elapsed time: 0
INFO:root:_cost_function called at: 2.32812
INFO:root:_cost_function returning 1002.07; elapsed time: 0
INFO:root:_cost_function called at: 2.32812
INFO:root:_cost_function returning 1002.07; elapsed time: 0
INFO:root:_cost_function called at: 2.32812
INFO:root:_cost_function returning 1002.07; elapsed time: 0
INFO:root:_cost_function called at: 2.32812
INFO:root:_cost_function returning 1002.07; elapsed time: 0
INFO:root:_cost_function called at: 2.32812
INFO:root:_cost_function returning 1002.07; elapsed time: 0
INFO:root:_cost_function called at: 2.32812
INFO:root:_cost_function returning 1002.07; elapsed time: 0
INFO:root:_cost_function called at: 2.32812
INFO:root:_cost_function returning 1002.07; elapsed time: 0
INFO:root:_cost_function called at: 2.32812
INFO:root:_cost_function returning 1002.07; elapsed time: 0
INFO:root:_cost_function called at: 2.32812
INFO:root:_cost_function returning 1002.07; elapsed time: 0
INFO:root:_cost_function called at: 2.32812
INFO:root:_cost_function returning 1002.07; elapsed time: 0
INFO:root:_cost_function called at: 2.32812
INFO:root:_cost_function returning 1002.07; elapsed time: 0
INFO:root:_cost_function called at: 2.32812
INFO:root:_cost_function returning 1002.07; elapsed time: 0
INFO:root:_cost_function called at: 2.32812
INFO:root:_cost_function returning 1002.07; elapsed time: 0
INFO:root:_cost_function called at: 2.32812
INFO:root:_cost_function returning 1002.07; elapsed time: 0
INFO:root:_cost_function called at: 2.32812
INFO:root:_cost_function returning 1002.07; elapsed time: 0
INFO:root:_cost_function called at: 2.32812
INFO:root:_cost_function returning 1002.07; elapsed time: 0
INFO:root:_cost_function called at: 2.32812
INFO:root:_cost_function returning 1002.07; elapsed time: 0
INFO:root:_cost_function called at: 2.32812
INFO:root:_cost_function returning 1002.07; elapsed time: 0
INFO:root:_cost_function called at: 2.32812
INFO:root:_cost_function returning 1002.07; elapsed time: 0
INFO:root:_cost_function called at: 2.32812
INFO:root:_cost_function returning 1002.07; elapsed time: 0
INFO:root:_cost_function called at: 2.32812
INFO:root:_cost_function returning 1002.07; elapsed time: 0
INFO:root:_cost_function called at: 2.32812
INFO:root:_cost_function returning 1002.07; elapsed time: 0
INFO:root:_cost_function called at: 2.32812
INFO:root:_cost_function returning 1002.07; elapsed time: 0
INFO:root:_cost_function called at: 2.32812
INFO:root:_cost_function returning 1002.07; elapsed time: 0
INFO:root:_cost_function called at: 2.32812
INFO:root:_cost_function returning 1002.07; elapsed time: 0
INFO:root:_cost_function called at: 2.32812
INFO:root:_cost_function returning 1002.07; elapsed time: 0
INFO:root:_cost_function called at: 2.32812
INFO:root:_cost_function returning 1002.07; elapsed time: 0
INFO:root:_cost_function called at: 2.32812
INFO:root:_cost_function returning 1002.07; elapsed time: 0
INFO:root:_cost_function called at: 2.32812
INFO:root:_cost_function returning 1002.07; elapsed time: 0
INFO:root:_cost_function called at: 2.32812
INFO:root:_cost_function returning 1002.07; elapsed time: 0
INFO:root:_cost_function called at: 2.32812
INFO:root:_cost_function returning 1002.07; elapsed time: 0
INFO:root:_cost_function called at: 2.32812
INFO:root:_cost_function returning 1002.07; elapsed time: 0
INFO:root:_cost_function called at: 2.32812
INFO:root:_cost_function returning 1002.07; elapsed time: 0
INFO:root:_cost_function called at: 2.32812
INFO:root:_cost_function returning 1002.07; elapsed time: 0
INFO:root:_cost_function called at: 2.32812
INFO:root:_cost_function returning 1002.07; elapsed time: 0
INFO:root:_cost_function called at: 2.32812
INFO:root:_cost_function returning 1002.07; elapsed time: 0
INFO:root:_cost_function called at: 2.32812
INFO:root:_cost_function returning 1002.07; elapsed time: 0
INFO:root:_cost_function called at: 2.32812
INFO:root:_cost_function returning 1002.07; elapsed time: 0
INFO:root:_cost_function called at: 2.32812
INFO:root:_cost_function returning 1002.07; elapsed time: 0
INFO:root:_cost_function called at: 2.32812
INFO:root:_cost_function returning 1002.07; elapsed time: 0.015625
INFO:root:_cost_function called at: 2.34375
INFO:root:_cost_function returning 1002.07; elapsed time: 0
INFO:root:_cost_function called at: 2.34375
INFO:root:_cost_function returning 1002.07; elapsed time: 0
INFO:root:_cost_function called at: 2.34375
INFO:root:_cost_function returning 1002.07; elapsed time: 0
INFO:root:_cost_function called at: 2.34375
INFO:root:_cost_function returning 1002.07; elapsed time: 0
INFO:root:_cost_function called at: 2.34375
INFO:root:_cost_function returning 1002.07; elapsed time: 0
INFO:root:_cost_function called at: 2.34375
INFO:root:_cost_function returning 1002.03; elapsed time: 0
INFO:root:_cost_function called at: 2.34375
INFO:root:_cost_function returning 1002.03; elapsed time: 0
INFO:root:_cost_function called at: 2.34375
INFO:root:_cost_function returning 1002.03; elapsed time: 0
INFO:root:_cost_function called at: 2.34375
INFO:root:_cost_function returning 1002.03; elapsed time: 0
INFO:root:_cost_function called at: 2.34375
INFO:root:_cost_function returning 1002.03; elapsed time: 0
INFO:root:_cost_function called at: 2.34375
INFO:root:_cost_function returning 1002.03; elapsed time: 0
INFO:root:_cost_function called at: 2.34375
INFO:root:_cost_function returning 1002.03; elapsed time: 0
INFO:root:_cost_function called at: 2.34375
INFO:root:_cost_function returning 1002.03; elapsed time: 0
INFO:root:_cost_function called at: 2.34375
INFO:root:_cost_function returning 1002.03; elapsed time: 0
INFO:root:_cost_function called at: 2.34375
INFO:root:_cost_function returning 1002.03; elapsed time: 0
INFO:root:_cost_function called at: 2.34375
INFO:root:_cost_function returning 1002.03; elapsed time: 0
INFO:root:_cost_function called at: 2.34375
INFO:root:_cost_function returning 1002.03; elapsed time: 0
INFO:root:_cost_function called at: 2.34375
INFO:root:_cost_function returning 1002.03; elapsed time: 0
INFO:root:_cost_function called at: 2.34375
INFO:root:_cost_function returning 1002.03; elapsed time: 0
INFO:root:_cost_function called at: 2.34375
INFO:root:_cost_function returning 1002.03; elapsed time: 0
INFO:root:_cost_function called at: 2.34375
INFO:root:_cost_function returning 1002.03; elapsed time: 0
INFO:root:_cost_function called at: 2.34375
INFO:root:_cost_function returning 1002.03; elapsed time: 0
INFO:root:_cost_function called at: 2.34375
INFO:root:_cost_function returning 1002.03; elapsed time: 0
INFO:root:_cost_function called at: 2.34375
INFO:root:_cost_function returning 1002.03; elapsed time: 0
INFO:root:_cost_function called at: 2.34375
INFO:root:_cost_function returning 1002.03; elapsed time: 0
INFO:root:_cost_function called at: 2.34375
INFO:root:_cost_function returning 1002.03; elapsed time: 0
INFO:root:_cost_function called at: 2.34375
INFO:root:_cost_function returning 1002.03; elapsed time: 0
INFO:root:_cost_function called at: 2.34375
INFO:root:_cost_function returning 1002.03; elapsed time: 0
INFO:root:_cost_function called at: 2.34375
INFO:root:_cost_function returning 1002.03; elapsed time: 0
INFO:root:_cost_function called at: 2.34375
INFO:root:_cost_function returning 1002.03; elapsed time: 0
INFO:root:_cost_function called at: 2.34375
INFO:root:_cost_function returning 1002.03; elapsed time: 0
INFO:root:_cost_function called at: 2.34375
INFO:root:_cost_function returning 1002.03; elapsed time: 0
INFO:root:_cost_function called at: 2.34375
INFO:root:_cost_function returning 1002.03; elapsed time: 0
INFO:root:_cost_function called at: 2.34375
INFO:root:_cost_function returning 1002.03; elapsed time: 0
INFO:root:_cost_function called at: 2.34375
INFO:root:_cost_function returning 1002.03; elapsed time: 0
INFO:root:_cost_function called at: 2.34375
INFO:root:_cost_function returning 1002.03; elapsed time: 0
INFO:root:_cost_function called at: 2.34375
INFO:root:_cost_function returning 1002.03; elapsed time: 0
INFO:root:_cost_function called at: 2.34375
INFO:root:_cost_function returning 1002.03; elapsed time: 0
INFO:root:_cost_function called at: 2.35938
INFO:root:_cost_function returning 1002.03; elapsed time: 0
INFO:root:_cost_function called at: 2.35938
INFO:root:_cost_function returning 1002.03; elapsed time: 0
INFO:root:_cost_function called at: 2.35938
INFO:root:_cost_function returning 1002.03; elapsed time: 0
INFO:root:_cost_function called at: 2.35938
INFO:root:_cost_function returning 1002.03; elapsed time: 0
INFO:root:_cost_function called at: 2.35938
INFO:root:_cost_function returning 1002.03; elapsed time: 0
INFO:root:_cost_function called at: 2.35938
INFO:root:_cost_function returning 1002.03; elapsed time: 0
INFO:root:_cost_function called at: 2.35938
INFO:root:_cost_function returning 1002.03; elapsed time: 0
INFO:root:_cost_function called at: 2.35938
INFO:root:_cost_function returning 1002.03; elapsed time: 0
INFO:root:_cost_function called at: 2.35938
INFO:root:_cost_function returning 1002.03; elapsed time: 0
INFO:root:_cost_function called at: 2.35938
INFO:root:_cost_function returning 1002.03; elapsed time: 0
INFO:root:_cost_function called at: 2.35938
INFO:root:_cost_function returning 1002.03; elapsed time: 0
INFO:root:_cost_function called at: 2.35938
INFO:root:_cost_function returning 1002.03; elapsed time: 0
INFO:root:_cost_function called at: 2.35938
INFO:root:_cost_function returning 1002.03; elapsed time: 0
INFO:root:_cost_function called at: 2.35938
INFO:root:_cost_function returning 1002.03; elapsed time: 0
INFO:root:_cost_function called at: 2.35938
INFO:root:_cost_function returning 1002.03; elapsed time: 0
INFO:root:_cost_function called at: 2.35938
INFO:root:_cost_function returning 1002.03; elapsed time: 0
INFO:root:_cost_function called at: 2.35938
INFO:root:_cost_function returning 1002.03; elapsed time: 0
INFO:root:_cost_function called at: 2.35938
INFO:root:_cost_function returning 1002.03; elapsed time: 0
INFO:root:_cost_function called at: 2.35938
INFO:root:_cost_function returning 1002.03; elapsed time: 0
INFO:root:_cost_function called at: 2.35938
INFO:root:_cost_function returning 1002.03; elapsed time: 0
INFO:root:_cost_function called at: 2.35938
INFO:root:_cost_function returning 1002.03; elapsed time: 0
INFO:root:_cost_function called at: 2.35938
INFO:root:_cost_function returning 1002.03; elapsed time: 0
INFO:root:_cost_function called at: 2.35938
INFO:root:_cost_function returning 1002.03; elapsed time: 0
INFO:root:_cost_function called at: 2.35938
INFO:root:_cost_function returning 1002.03; elapsed time: 0
INFO:root:_cost_function called at: 2.35938
INFO:root:_cost_function returning 1002.03; elapsed time: 0
INFO:root:_cost_function called at: 2.35938
INFO:root:_cost_function returning 1002.03; elapsed time: 0
INFO:root:_cost_function called at: 2.35938
INFO:root:_cost_function returning 1002.03; elapsed time: 0
INFO:root:_cost_function called at: 2.35938
INFO:root:_cost_function returning 1002.03; elapsed time: 0
INFO:root:_cost_function called at: 2.35938
INFO:root:_cost_function returning 1002.03; elapsed time: 0
INFO:root:_cost_function called at: 2.35938
INFO:root:_cost_function returning 1002.03; elapsed time: 0
INFO:root:_cost_function called at: 2.35938
INFO:root:_cost_function returning 1002.03; elapsed time: 0
INFO:root:_cost_function called at: 2.35938
INFO:root:_cost_function returning 1002.03; elapsed time: 0
INFO:root:_cost_function called at: 2.35938
INFO:root:_cost_function returning 1002.03; elapsed time: 0
INFO:root:_cost_function called at: 2.35938
INFO:root:_cost_function returning 1002.03; elapsed time: 0
INFO:root:_cost_function called at: 2.35938
INFO:root:_cost_function returning 1002.03; elapsed time: 0
INFO:root:_cost_function called at: 2.35938
INFO:root:_cost_function returning 1002.03; elapsed time: 0
INFO:root:_cost_function called at: 2.35938
INFO:root:_cost_function returning 1002.03; elapsed time: 0
INFO:root:_cost_function called at: 2.35938
INFO:root:_cost_function returning 1002.03; elapsed time: 0
INFO:root:_cost_function called at: 2.35938
INFO:root:_cost_function returning 1002.03; elapsed time: 0
INFO:root:_cost_function called at: 2.35938
INFO:root:_cost_function returning 1002.03; elapsed time: 0
INFO:root:_cost_function called at: 2.35938
INFO:root:_cost_function returning 1002.03; elapsed time: 0
INFO:root:_cost_function called at: 2.35938
INFO:root:_cost_function returning 1002.03; elapsed time: 0
INFO:root:_cost_function called at: 2.35938
INFO:root:_cost_function returning 1002.03; elapsed time: 0
INFO:root:_cost_function called at: 2.35938
INFO:root:_cost_function returning 1002.03; elapsed time: 0
INFO:root:_cost_function called at: 2.35938
INFO:root:_cost_function returning 1002.03; elapsed time: 0
INFO:root:_cost_function called at: 2.35938
INFO:root:_cost_function returning 1002.03; elapsed time: 0
INFO:root:_cost_function called at: 2.35938
INFO:root:_cost_function returning 1002.03; elapsed time: 0
INFO:root:_cost_function called at: 2.35938
INFO:root:_cost_function returning 1002.03; elapsed time: 0
INFO:root:_cost_function called at: 2.35938
INFO:root:_cost_function returning 1002.03; elapsed time: 0
INFO:root:_cost_function called at: 2.35938
INFO:root:_cost_function returning 1002.03; elapsed time: 0
INFO:root:_cost_function called at: 2.35938
INFO:root:_cost_function returning 1002.03; elapsed time: 0
INFO:root:_cost_function called at: 2.35938
INFO:root:_cost_function returning 1002.03; elapsed time: 0
INFO:root:_cost_function called at: 2.35938
INFO:root:_cost_function returning 1002.03; elapsed time: 0
INFO:root:_cost_function called at: 2.35938
INFO:root:_cost_function returning 1002.03; elapsed time: 0
INFO:root:_cost_function called at: 2.35938
INFO:root:_cost_function returning 1002.03; elapsed time: 0
INFO:root:_cost_function called at: 2.35938
INFO:root:_cost_function returning 1002.03; elapsed time: 0
INFO:root:_cost_function called at: 2.35938
INFO:root:_cost_function returning 1002.03; elapsed time: 0
INFO:root:_cost_function called at: 2.35938
INFO:root:_cost_function returning 1002.03; elapsed time: 0
INFO:root:_cost_function called at: 2.35938
INFO:root:_cost_function returning 1002.03; elapsed time: 0
INFO:root:_cost_function called at: 2.35938
INFO:root:_cost_function returning 1002.03; elapsed time: 0
INFO:root:_cost_function called at: 2.35938
INFO:root:_cost_function returning 1002.03; elapsed time: 0
INFO:root:_cost_function called at: 2.35938
INFO:root:_cost_function returning 1002.03; elapsed time: 0
INFO:root:_cost_function called at: 2.35938
INFO:root:_cost_function returning 1002.03; elapsed time: 0
INFO:root:_cost_function called at: 2.35938
INFO:root:_cost_function returning 1002.03; elapsed time: 0
INFO:root:_cost_function called at: 2.35938
INFO:root:_cost_function returning 1002.03; elapsed time: 0
INFO:root:_cost_function called at: 2.35938
INFO:root:_cost_function returning 1002.03; elapsed time: 0
INFO:root:_cost_function called at: 2.35938
INFO:root:_cost_function returning 1002.03; elapsed time: 0
INFO:root:_cost_function called at: 2.35938
INFO:root:_cost_function returning 1002.03; elapsed time: 0
INFO:root:_cost_function called at: 2.375
INFO:root:_cost_function returning 1001.98; elapsed time: 0
INFO:root:_cost_function called at: 2.375
INFO:root:_cost_function returning 1001.98; elapsed time: 0
INFO:root:_cost_function called at: 2.375
INFO:root:_cost_function returning 1001.98; elapsed time: 0
INFO:root:_cost_function called at: 2.375
INFO:root:_cost_function returning 1001.98; elapsed time: 0
INFO:root:_cost_function called at: 2.375
INFO:root:_cost_function returning 1001.98; elapsed time: 0
INFO:root:_cost_function called at: 2.375
INFO:root:_cost_function returning 1001.98; elapsed time: 0
INFO:root:_cost_function called at: 2.375
INFO:root:_cost_function returning 1001.98; elapsed time: 0
INFO:root:_cost_function called at: 2.375
INFO:root:_cost_function returning 1001.98; elapsed time: 0
INFO:root:_cost_function called at: 2.375
INFO:root:_cost_function returning 1001.98; elapsed time: 0
INFO:root:_cost_function called at: 2.375
INFO:root:_cost_function returning 1001.98; elapsed time: 0
INFO:root:_cost_function called at: 2.375
INFO:root:_cost_function returning 1001.98; elapsed time: 0
INFO:root:_cost_function called at: 2.375
INFO:root:_cost_function returning 1001.98; elapsed time: 0
INFO:root:_cost_function called at: 2.375
INFO:root:_cost_function returning 1001.98; elapsed time: 0
INFO:root:_cost_function called at: 2.375
INFO:root:_cost_function returning 1001.98; elapsed time: 0
INFO:root:_cost_function called at: 2.375
INFO:root:_cost_function returning 1001.98; elapsed time: 0
INFO:root:_cost_function called at: 2.375
INFO:root:_cost_function returning 1001.98; elapsed time: 0
INFO:root:_cost_function called at: 2.375
INFO:root:_cost_function returning 1001.98; elapsed time: 0
INFO:root:_cost_function called at: 2.375
INFO:root:_cost_function returning 1001.98; elapsed time: 0
INFO:root:_cost_function called at: 2.375
INFO:root:_cost_function returning 1001.98; elapsed time: 0
INFO:root:_cost_function called at: 2.375
INFO:root:_cost_function returning 1001.98; elapsed time: 0
INFO:root:_cost_function called at: 2.375
INFO:root:_cost_function returning 1001.98; elapsed time: 0
INFO:root:_cost_function called at: 2.375
INFO:root:_cost_function returning 1001.98; elapsed time: 0
INFO:root:_cost_function called at: 2.375
INFO:root:_cost_function returning 1001.98; elapsed time: 0
INFO:root:_cost_function called at: 2.375
INFO:root:_cost_function returning 1001.98; elapsed time: 0
INFO:root:_cost_function called at: 2.375
INFO:root:_cost_function returning 1001.98; elapsed time: 0
INFO:root:_cost_function called at: 2.375
INFO:root:_cost_function returning 1001.98; elapsed time: 0
INFO:root:_cost_function called at: 2.375
INFO:root:_cost_function returning 1001.98; elapsed time: 0
INFO:root:_cost_function called at: 2.375
INFO:root:_cost_function returning 1001.98; elapsed time: 0
INFO:root:_cost_function called at: 2.375
INFO:root:_cost_function returning 1001.98; elapsed time: 0
INFO:root:_cost_function called at: 2.375
INFO:root:_cost_function returning 1001.98; elapsed time: 0
INFO:root:_cost_function called at: 2.375
INFO:root:_cost_function returning 1001.98; elapsed time: 0
INFO:root:_cost_function called at: 2.375
INFO:root:_cost_function returning 1001.98; elapsed time: 0
INFO:root:_cost_function called at: 2.375
INFO:root:_cost_function returning 1001.98; elapsed time: 0
INFO:root:_cost_function called at: 2.375
INFO:root:_cost_function returning 1001.98; elapsed time: 0
INFO:root:_cost_function called at: 2.375
INFO:root:_cost_function returning 1001.98; elapsed time: 0
INFO:root:_cost_function called at: 2.375
INFO:root:_cost_function returning 1001.98; elapsed time: 0
INFO:root:_cost_function called at: 2.375
INFO:root:_cost_function returning 1001.98; elapsed time: 0
INFO:root:_cost_function called at: 2.375
INFO:root:_cost_function returning 1001.98; elapsed time: 0
INFO:root:_cost_function called at: 2.375
INFO:root:_cost_function returning 1001.98; elapsed time: 0
INFO:root:_cost_function called at: 2.375
INFO:root:_cost_function returning 1001.98; elapsed time: 0
INFO:root:_cost_function called at: 2.375
INFO:root:_cost_function returning 1001.98; elapsed time: 0
INFO:root:_cost_function called at: 2.375
INFO:root:_cost_function returning 1001.98; elapsed time: 0
INFO:root:_cost_function called at: 2.375
INFO:root:_cost_function returning 1001.98; elapsed time: 0
INFO:root:_cost_function called at: 2.375
INFO:root:_cost_function returning 1001.98; elapsed time: 0
INFO:root:_cost_function called at: 2.375
INFO:root:_cost_function returning 1001.98; elapsed time: 0
INFO:root:_cost_function called at: 2.375
INFO:root:_cost_function returning 1001.98; elapsed time: 0
INFO:root:_cost_function called at: 2.375
INFO:root:_cost_function returning 1001.98; elapsed time: 0
INFO:root:_cost_function called at: 2.375
INFO:root:_cost_function returning 1001.98; elapsed time: 0
INFO:root:_cost_function called at: 2.375
INFO:root:_cost_function returning 1001.98; elapsed time: 0
INFO:root:_cost_function called at: 2.375
INFO:root:_cost_function returning 1001.98; elapsed time: 0
INFO:root:_cost_function called at: 2.375
INFO:root:_cost_function returning 1001.98; elapsed time: 0
INFO:root:_cost_function called at: 2.375
INFO:root:_cost_function returning 1001.98; elapsed time: 0
INFO:root:_cost_function called at: 2.375
INFO:root:_cost_function returning 1001.98; elapsed time: 0
INFO:root:_cost_function called at: 2.375
INFO:root:_cost_function returning 1001.98; elapsed time: 0
INFO:root:_cost_function called at: 2.375
INFO:root:_cost_function returning 1001.98; elapsed time: 0
INFO:root:_cost_function called at: 2.375
INFO:root:_cost_function returning 1001.98; elapsed time: 0
INFO:root:_cost_function called at: 2.375
INFO:root:_cost_function returning 1001.98; elapsed time: 0
INFO:root:_cost_function called at: 2.375
INFO:root:_cost_function returning 1001.98; elapsed time: 0
INFO:root:_cost_function called at: 2.375
INFO:root:_cost_function returning 1001.98; elapsed time: 0
INFO:root:_cost_function called at: 2.375
INFO:root:_cost_function returning 1001.98; elapsed time: 0
INFO:root:_cost_function called at: 2.375
INFO:root:_cost_function returning 1001.98; elapsed time: 0
INFO:root:_cost_function called at: 2.375
INFO:root:_cost_function returning 1001.98; elapsed time: 0
INFO:root:_cost_function called at: 2.375
INFO:root:_cost_function returning 1001.98; elapsed time: 0
INFO:root:_cost_function called at: 2.375
INFO:root:_cost_function returning 1001.98; elapsed time: 0
INFO:root:_cost_function called at: 2.375
INFO:root:_cost_function returning 1001.98; elapsed time: 0
INFO:root:_cost_function called at: 2.375
INFO:root:_cost_function returning 1001.98; elapsed time: 0
INFO:root:_cost_function called at: 2.375
INFO:root:_cost_function returning 1001.98; elapsed time: 0
INFO:root:_cost_function called at: 2.375
INFO:root:_cost_function returning 1001.98; elapsed time: 0
INFO:root:_cost_function called at: 2.375
INFO:root:_cost_function returning 1001.98; elapsed time: 0
INFO:root:_cost_function called at: 2.375
INFO:root:_cost_function returning 1001.98; elapsed time: 0
INFO:root:_cost_function called at: 2.375
INFO:root:_cost_function returning 1001.98; elapsed time: 0
INFO:root:_cost_function called at: 2.375
INFO:root:_cost_function returning 1001.98; elapsed time: 0
INFO:root:_cost_function called at: 2.375
INFO:root:_cost_function returning 1001.98; elapsed time: 0
INFO:root:_cost_function called at: 2.375
INFO:root:_cost_function returning 1001.98; elapsed time: 0
INFO:root:_cost_function called at: 2.375
INFO:root:_cost_function returning 1001.98; elapsed time: 0
INFO:root:_cost_function called at: 2.375
INFO:root:_cost_function returning 1001.98; elapsed time: 0
INFO:root:_cost_function called at: 2.375
INFO:root:_cost_function returning 1001.98; elapsed time: 0
INFO:root:_cost_function called at: 2.375
INFO:root:_cost_function returning 1001.98; elapsed time: 0
INFO:root:_cost_function called at: 2.375
INFO:root:_cost_function returning 1001.98; elapsed time: 0.015625
INFO:root:_cost_function called at: 2.39062
INFO:root:_cost_function returning 1001.98; elapsed time: 0
INFO:root:_cost_function called at: 2.39062
INFO:root:_cost_function returning 1001.98; elapsed time: 0
INFO:root:_cost_function called at: 2.39062
INFO:root:_cost_function returning 1001.98; elapsed time: 0
INFO:root:_cost_function called at: 2.39062
INFO:root:_cost_function returning 1001.98; elapsed time: 0
INFO:root:_cost_function called at: 2.39062
INFO:root:_cost_function returning 1001.98; elapsed time: 0
INFO:root:_cost_function called at: 2.39062
INFO:root:_cost_function returning 1001.98; elapsed time: 0
INFO:root:_cost_function called at: 2.39062
INFO:root:_cost_function returning 1001.98; elapsed time: 0
INFO:root:_cost_function called at: 2.39062
INFO:root:_cost_function returning 1001.98; elapsed time: 0
INFO:root:_cost_function called at: 2.39062
INFO:root:_cost_function returning 1001.98; elapsed time: 0
INFO:root:_cost_function called at: 2.39062
INFO:root:_cost_function returning 1001.98; elapsed time: 0
INFO:root:_cost_function called at: 2.39062
INFO:root:_cost_function returning 1001.98; elapsed time: 0
INFO:root:_cost_function called at: 2.39062
INFO:root:_cost_function returning 1001.98; elapsed time: 0
INFO:root:_cost_function called at: 2.39062
INFO:root:_cost_function returning 1001.98; elapsed time: 0
INFO:root:_cost_function called at: 2.39062
INFO:root:_cost_function returning 1001.98; elapsed time: 0
INFO:root:_cost_function called at: 2.39062
INFO:root:_cost_function returning 1001.98; elapsed time: 0
INFO:root:_cost_function called at: 2.39062
INFO:root:_cost_function returning 1001.98; elapsed time: 0
INFO:root:_cost_function called at: 2.39062
INFO:root:_cost_function returning 1001.98; elapsed time: 0
INFO:root:_cost_function called at: 2.39062
INFO:root:_cost_function returning 1001.98; elapsed time: 0
INFO:root:_cost_function called at: 2.39062
INFO:root:_cost_function returning 1001.98; elapsed time: 0
INFO:root:_cost_function called at: 2.39062
INFO:root:_cost_function returning 1001.98; elapsed time: 0
INFO:root:_cost_function called at: 2.39062
INFO:root:_cost_function returning 1001.98; elapsed time: 0
INFO:root:_cost_function called at: 2.39062
INFO:root:_cost_function returning 1001.98; elapsed time: 0
INFO:root:_cost_function called at: 2.39062
INFO:root:_cost_function returning 1001.95; elapsed time: 0
INFO:root:_cost_function called at: 2.39062
INFO:root:_cost_function returning 1001.95; elapsed time: 0
INFO:root:_cost_function called at: 2.39062
INFO:root:_cost_function returning 1001.95; elapsed time: 0
INFO:root:_cost_function called at: 2.39062
INFO:root:_cost_function returning 1001.95; elapsed time: 0
INFO:root:_cost_function called at: 2.39062
INFO:root:_cost_function returning 1001.95; elapsed time: 0
INFO:root:_cost_function called at: 2.39062
INFO:root:_cost_function returning 1001.95; elapsed time: 0
INFO:root:_cost_function called at: 2.39062
INFO:root:_cost_function returning 1001.95; elapsed time: 0
INFO:root:_cost_function called at: 2.39062
INFO:root:_cost_function returning 1001.95; elapsed time: 0
INFO:root:_cost_function called at: 2.39062
INFO:root:_cost_function returning 1001.95; elapsed time: 0
INFO:root:_cost_function called at: 2.39062
INFO:root:_cost_function returning 1001.95; elapsed time: 0
INFO:root:_cost_function called at: 2.39062
INFO:root:_cost_function returning 1001.95; elapsed time: 0
INFO:root:_cost_function called at: 2.39062
INFO:root:_cost_function returning 1001.95; elapsed time: 0
INFO:root:_cost_function called at: 2.39062
INFO:root:_cost_function returning 1001.95; elapsed time: 0
INFO:root:_cost_function called at: 2.39062
INFO:root:_cost_function returning 1001.95; elapsed time: 0
INFO:root:_cost_function called at: 2.39062
INFO:root:_cost_function returning 1001.95; elapsed time: 0
INFO:root:_cost_function called at: 2.39062
INFO:root:_cost_function returning 1001.95; elapsed time: 0
INFO:root:_cost_function called at: 2.39062
INFO:root:_cost_function returning 1001.95; elapsed time: 0.015625
INFO:root:_cost_function called at: 2.40625
INFO:root:_cost_function returning 1001.95; elapsed time: 0
INFO:root:_cost_function called at: 2.40625
INFO:root:_cost_function returning 1001.95; elapsed time: 0
INFO:root:_cost_function called at: 2.40625
INFO:root:_cost_function returning 1001.95; elapsed time: 0
INFO:root:_cost_function called at: 2.40625
INFO:root:_cost_function returning 1001.95; elapsed time: 0
INFO:root:_cost_function called at: 2.40625
INFO:root:_cost_function returning 1001.95; elapsed time: 0
INFO:root:_cost_function called at: 2.40625
INFO:root:_cost_function returning 1001.95; elapsed time: 0
INFO:root:_cost_function called at: 2.40625
INFO:root:_cost_function returning 1001.95; elapsed time: 0
INFO:root:_cost_function called at: 2.40625
INFO:root:_cost_function returning 1001.95; elapsed time: 0
INFO:root:_cost_function called at: 2.40625
INFO:root:_cost_function returning 1001.95; elapsed time: 0
INFO:root:_cost_function called at: 2.40625
INFO:root:_cost_function returning 1001.95; elapsed time: 0
INFO:root:_cost_function called at: 2.40625
INFO:root:_cost_function returning 1001.95; elapsed time: 0
INFO:root:_cost_function called at: 2.40625
INFO:root:_cost_function returning 1001.95; elapsed time: 0
INFO:root:_cost_function called at: 2.40625
INFO:root:_cost_function returning 1001.95; elapsed time: 0
INFO:root:_cost_function called at: 2.40625
INFO:root:_cost_function returning 1001.95; elapsed time: 0
INFO:root:_cost_function called at: 2.40625
INFO:root:_cost_function returning 1001.95; elapsed time: 0
INFO:root:_cost_function called at: 2.40625
INFO:root:_cost_function returning 1001.95; elapsed time: 0
INFO:root:_cost_function called at: 2.40625
INFO:root:_cost_function returning 1001.95; elapsed time: 0
INFO:root:_cost_function called at: 2.40625
INFO:root:_cost_function returning 1001.95; elapsed time: 0
INFO:root:_cost_function called at: 2.40625
INFO:root:_cost_function returning 1001.95; elapsed time: 0
INFO:root:_cost_function called at: 2.40625
INFO:root:_cost_function returning 1001.95; elapsed time: 0
INFO:root:_cost_function called at: 2.40625
INFO:root:_cost_function returning 1001.95; elapsed time: 0
INFO:root:_cost_function called at: 2.40625
INFO:root:_cost_function returning 1001.95; elapsed time: 0
INFO:root:_cost_function called at: 2.40625
INFO:root:_cost_function returning 1001.95; elapsed time: 0
INFO:root:_cost_function called at: 2.40625
INFO:root:_cost_function returning 1001.95; elapsed time: 0
INFO:root:_cost_function called at: 2.40625
INFO:root:_cost_function returning 1001.95; elapsed time: 0
INFO:root:_cost_function called at: 2.40625
INFO:root:_cost_function returning 1001.95; elapsed time: 0
INFO:root:_cost_function called at: 2.40625
INFO:root:_cost_function returning 1001.95; elapsed time: 0
INFO:root:_cost_function called at: 2.40625
INFO:root:_cost_function returning 1001.95; elapsed time: 0
INFO:root:_cost_function called at: 2.40625
INFO:root:_cost_function returning 1001.95; elapsed time: 0
INFO:root:_cost_function called at: 2.40625
INFO:root:_cost_function returning 1001.95; elapsed time: 0
INFO:root:_cost_function called at: 2.40625
INFO:root:_cost_function returning 1001.95; elapsed time: 0
INFO:root:_cost_function called at: 2.40625
INFO:root:_cost_function returning 1001.95; elapsed time: 0
INFO:root:_cost_function called at: 2.40625
INFO:root:_cost_function returning 1001.95; elapsed time: 0
INFO:root:_cost_function called at: 2.40625
INFO:root:_cost_function returning 1001.95; elapsed time: 0
INFO:root:_cost_function called at: 2.40625
INFO:root:_cost_function returning 1001.95; elapsed time: 0
INFO:root:_cost_function called at: 2.40625
INFO:root:_cost_function returning 1001.95; elapsed time: 0
INFO:root:_cost_function called at: 2.40625
INFO:root:_cost_function returning 1001.95; elapsed time: 0
INFO:root:_cost_function called at: 2.40625
INFO:root:_cost_function returning 1001.95; elapsed time: 0
INFO:root:_cost_function called at: 2.40625
INFO:root:_cost_function returning 1001.95; elapsed time: 0
INFO:root:_cost_function called at: 2.40625
INFO:root:_cost_function returning 1001.95; elapsed time: 0
INFO:root:_cost_function called at: 2.40625
INFO:root:_cost_function returning 1001.95; elapsed time: 0
INFO:root:_cost_function called at: 2.40625
INFO:root:_cost_function returning 1001.95; elapsed time: 0
INFO:root:_cost_function called at: 2.40625
INFO:root:_cost_function returning 1001.95; elapsed time: 0
INFO:root:_cost_function called at: 2.40625
INFO:root:_cost_function returning 1001.95; elapsed time: 0
INFO:root:_cost_function called at: 2.40625
INFO:root:_cost_function returning 1001.95; elapsed time: 0
INFO:root:_cost_function called at: 2.40625
INFO:root:_cost_function returning 1001.95; elapsed time: 0
INFO:root:_cost_function called at: 2.40625
INFO:root:_cost_function returning 1001.95; elapsed time: 0
INFO:root:_cost_function called at: 2.40625
INFO:root:_cost_function returning 1001.95; elapsed time: 0
INFO:root:_cost_function called at: 2.40625
INFO:root:_cost_function returning 1001.95; elapsed time: 0
INFO:root:_cost_function called at: 2.40625
INFO:root:_cost_function returning 1001.95; elapsed time: 0
INFO:root:_cost_function called at: 2.40625
INFO:root:_cost_function returning 1001.95; elapsed time: 0
INFO:root:_cost_function called at: 2.40625
INFO:root:_cost_function returning 1001.95; elapsed time: 0
INFO:root:_cost_function called at: 2.40625
INFO:root:_cost_function returning 1001.95; elapsed time: 0
INFO:root:_cost_function called at: 2.40625
INFO:root:_cost_function returning 1001.95; elapsed time: 0
INFO:root:_cost_function called at: 2.40625
INFO:root:_cost_function returning 1001.95; elapsed time: 0
INFO:root:_cost_function called at: 2.40625
INFO:root:_cost_function returning 1001.95; elapsed time: 0
INFO:root:_cost_function called at: 2.40625
INFO:root:_cost_function returning 1001.95; elapsed time: 0
INFO:root:_cost_function called at: 2.40625
INFO:root:_cost_function returning 1001.95; elapsed time: 0
INFO:root:_cost_function called at: 2.40625
INFO:root:_cost_function returning 1001.95; elapsed time: 0
INFO:root:_cost_function called at: 2.40625
INFO:root:_cost_function returning 1001.95; elapsed time: 0
INFO:root:_cost_function called at: 2.40625
INFO:root:_cost_function returning 1001.95; elapsed time: 0
INFO:root:_cost_function called at: 2.40625
INFO:root:_cost_function returning 1001.95; elapsed time: 0
INFO:root:_cost_function called at: 2.40625
INFO:root:_cost_function returning 1001.95; elapsed time: 0
INFO:root:_cost_function called at: 2.40625
INFO:root:_cost_function returning 1001.95; elapsed time: 0
INFO:root:_cost_function called at: 2.40625
INFO:root:_cost_function returning 1001.95; elapsed time: 0
INFO:root:_cost_function called at: 2.40625
INFO:root:_cost_function returning 1001.95; elapsed time: 0
INFO:root:_cost_function called at: 2.40625
INFO:root:_cost_function returning 1001.95; elapsed time: 0
INFO:root:_cost_function called at: 2.40625
INFO:root:_cost_function returning 1001.95; elapsed time: 0
INFO:root:_cost_function called at: 2.40625
INFO:root:_cost_function returning 1001.95; elapsed time: 0
INFO:root:_cost_function called at: 2.40625
INFO:root:_cost_function returning 1001.95; elapsed time: 0
INFO:root:_cost_function called at: 2.40625
INFO:root:_cost_function returning 1001.95; elapsed time: 0
INFO:root:_cost_function called at: 2.40625
INFO:root:_cost_function returning 1001.95; elapsed time: 0
INFO:root:_cost_function called at: 2.40625
INFO:root:_cost_function returning 1001.95; elapsed time: 0
INFO:root:_cost_function called at: 2.40625
INFO:root:_cost_function returning 1001.95; elapsed time: 0
INFO:root:_cost_function called at: 2.40625
INFO:root:_cost_function returning 1001.95; elapsed time: 0
INFO:root:_cost_function called at: 2.40625
INFO:root:_cost_function returning 1001.95; elapsed time: 0
INFO:root:_cost_function called at: 2.40625
INFO:root:_cost_function returning 1001.95; elapsed time: 0
INFO:root:_cost_function called at: 2.40625
INFO:root:_cost_function returning 1001.95; elapsed time: 0
INFO:root:_cost_function called at: 2.40625
INFO:root:_cost_function returning 1001.95; elapsed time: 0
INFO:root:_cost_function called at: 2.40625
INFO:root:_cost_function returning 1001.95; elapsed time: 0
INFO:root:_cost_function called at: 2.40625
INFO:root:_cost_function returning 1001.95; elapsed time: 0
INFO:root:_cost_function called at: 2.40625
INFO:root:_cost_function returning 1001.95; elapsed time: 0
INFO:root:_cost_function called at: 2.40625
INFO:root:_cost_function returning 1001.95; elapsed time: 0
INFO:root:_cost_function called at: 2.40625
INFO:root:_cost_function returning 1001.95; elapsed time: 0
INFO:root:_cost_function called at: 2.42188
INFO:root:_cost_function returning 1001.93; elapsed time: 0
INFO:root:_cost_function called at: 2.42188
INFO:root:_cost_function returning 1001.93; elapsed time: 0
INFO:root:_cost_function called at: 2.42188
INFO:root:_cost_function returning 1001.93; elapsed time: 0
INFO:root:_cost_function called at: 2.42188
INFO:root:_cost_function returning 1001.93; elapsed time: 0
INFO:root:_cost_function called at: 2.42188
INFO:root:_cost_function returning 1001.93; elapsed time: 0
INFO:root:_cost_function called at: 2.42188
INFO:root:_cost_function returning 1001.93; elapsed time: 0
INFO:root:_cost_function called at: 2.42188
INFO:root:_cost_function returning 1001.93; elapsed time: 0
INFO:root:_cost_function called at: 2.42188
INFO:root:_cost_function returning 1001.93; elapsed time: 0
INFO:root:_cost_function called at: 2.42188
INFO:root:_cost_function returning 1001.93; elapsed time: 0
INFO:root:_cost_function called at: 2.42188
INFO:root:_cost_function returning 1001.93; elapsed time: 0
INFO:root:_cost_function called at: 2.42188
INFO:root:_cost_function returning 1001.93; elapsed time: 0
INFO:root:_cost_function called at: 2.42188
INFO:root:_cost_function returning 1001.93; elapsed time: 0
INFO:root:_cost_function called at: 2.42188
INFO:root:_cost_function returning 1001.93; elapsed time: 0
INFO:root:_cost_function called at: 2.42188
INFO:root:_cost_function returning 1001.93; elapsed time: 0
INFO:root:_cost_function called at: 2.42188
INFO:root:_cost_function returning 1001.93; elapsed time: 0
INFO:root:_cost_function called at: 2.42188
INFO:root:_cost_function returning 1001.93; elapsed time: 0
INFO:root:_cost_function called at: 2.42188
INFO:root:_cost_function returning 1001.93; elapsed time: 0
INFO:root:_cost_function called at: 2.42188
INFO:root:_cost_function returning 1001.93; elapsed time: 0
INFO:root:_cost_function called at: 2.42188
INFO:root:_cost_function returning 1001.93; elapsed time: 0
INFO:root:_cost_function called at: 2.42188
INFO:root:_cost_function returning 1001.93; elapsed time: 0
INFO:root:_cost_function called at: 2.42188
INFO:root:_cost_function returning 1001.93; elapsed time: 0
INFO:root:_cost_function called at: 2.42188
INFO:root:_cost_function returning 1001.93; elapsed time: 0
INFO:root:_cost_function called at: 2.42188
INFO:root:_cost_function returning 1001.93; elapsed time: 0
INFO:root:_cost_function called at: 2.42188
INFO:root:_cost_function returning 1001.93; elapsed time: 0
INFO:root:_cost_function called at: 2.42188
INFO:root:_cost_function returning 1001.93; elapsed time: 0
INFO:root:_cost_function called at: 2.42188
INFO:root:_cost_function returning 1001.93; elapsed time: 0
INFO:root:_cost_function called at: 2.42188
INFO:root:_cost_function returning 1001.93; elapsed time: 0
INFO:root:_cost_function called at: 2.42188
INFO:root:_cost_function returning 1001.93; elapsed time: 0
INFO:root:_cost_function called at: 2.42188
INFO:root:_cost_function returning 1001.93; elapsed time: 0
INFO:root:_cost_function called at: 2.42188
INFO:root:_cost_function returning 1001.93; elapsed time: 0
INFO:root:_cost_function called at: 2.42188
INFO:root:_cost_function returning 1001.93; elapsed time: 0
INFO:root:_cost_function called at: 2.42188
INFO:root:_cost_function returning 1001.93; elapsed time: 0
INFO:root:_cost_function called at: 2.42188
INFO:root:_cost_function returning 1001.93; elapsed time: 0
INFO:root:_cost_function called at: 2.42188
INFO:root:_cost_function returning 1001.93; elapsed time: 0
INFO:root:_cost_function called at: 2.42188
INFO:root:_cost_function returning 1001.93; elapsed time: 0
INFO:root:_cost_function called at: 2.42188
INFO:root:_cost_function returning 1001.93; elapsed time: 0
INFO:root:_cost_function called at: 2.42188
INFO:root:_cost_function returning 1001.93; elapsed time: 0
INFO:root:_cost_function called at: 2.42188
INFO:root:_cost_function returning 1001.93; elapsed time: 0
INFO:root:_cost_function called at: 2.42188
INFO:root:_cost_function returning 1001.93; elapsed time: 0
INFO:root:_cost_function called at: 2.42188
INFO:root:_cost_function returning 1001.93; elapsed time: 0
INFO:root:_cost_function called at: 2.42188
INFO:root:_cost_function returning 1001.93; elapsed time: 0
INFO:root:_cost_function called at: 2.42188
INFO:root:_cost_function returning 1001.93; elapsed time: 0
INFO:root:_cost_function called at: 2.42188
INFO:root:_cost_function returning 1001.93; elapsed time: 0
INFO:root:_cost_function called at: 2.42188
INFO:root:_cost_function returning 1001.93; elapsed time: 0
INFO:root:_cost_function called at: 2.42188
INFO:root:_cost_function returning 1001.93; elapsed time: 0
INFO:root:_cost_function called at: 2.42188
INFO:root:_cost_function returning 1001.93; elapsed time: 0
INFO:root:_cost_function called at: 2.42188
INFO:root:_cost_function returning 1001.93; elapsed time: 0
INFO:root:_cost_function called at: 2.42188
INFO:root:_cost_function returning 1001.93; elapsed time: 0
INFO:root:_cost_function called at: 2.42188
INFO:root:_cost_function returning 1001.93; elapsed time: 0
INFO:root:_cost_function called at: 2.42188
INFO:root:_cost_function returning 1001.93; elapsed time: 0
INFO:root:_cost_function called at: 2.42188
INFO:root:_cost_function returning 1001.93; elapsed time: 0
INFO:root:_cost_function called at: 2.42188
INFO:root:_cost_function returning 1001.93; elapsed time: 0
INFO:root:_cost_function called at: 2.42188
INFO:root:_cost_function returning 1001.93; elapsed time: 0
INFO:root:_cost_function called at: 2.42188
INFO:root:_cost_function returning 1001.93; elapsed time: 0
INFO:root:_cost_function called at: 2.42188
INFO:root:_cost_function returning 1001.93; elapsed time: 0
INFO:root:_cost_function called at: 2.42188
INFO:root:_cost_function returning 1001.93; elapsed time: 0
INFO:root:_cost_function called at: 2.42188
INFO:root:_cost_function returning 1001.93; elapsed time: 0
INFO:root:_cost_function called at: 2.42188
INFO:root:_cost_function returning 1001.93; elapsed time: 0
INFO:root:_cost_function called at: 2.42188
INFO:root:_cost_function returning 1001.93; elapsed time: 0
INFO:root:_cost_function called at: 2.42188
INFO:root:_cost_function returning 1001.93; elapsed time: 0
INFO:root:_cost_function called at: 2.42188
INFO:root:_cost_function returning 1001.93; elapsed time: 0
INFO:root:_cost_function called at: 2.42188
INFO:root:_cost_function returning 1001.93; elapsed time: 0
INFO:root:_cost_function called at: 2.42188
INFO:root:_cost_function returning 1001.93; elapsed time: 0
INFO:root:_cost_function called at: 2.42188
INFO:root:_cost_function returning 1001.93; elapsed time: 0
INFO:root:_cost_function called at: 2.42188
INFO:root:_cost_function returning 1001.93; elapsed time: 0
INFO:root:_cost_function called at: 2.42188
INFO:root:_cost_function returning 1001.93; elapsed time: 0
INFO:root:_cost_function called at: 2.42188
INFO:root:_cost_function returning 1001.93; elapsed time: 0
INFO:root:_cost_function called at: 2.42188
INFO:root:_cost_function returning 1001.93; elapsed time: 0
INFO:root:_cost_function called at: 2.42188
INFO:root:_cost_function returning 1001.93; elapsed time: 0
INFO:root:_cost_function called at: 2.42188
INFO:root:_cost_function returning 1001.93; elapsed time: 0
INFO:root:_cost_function called at: 2.42188
INFO:root:_cost_function returning 1001.93; elapsed time: 0
INFO:root:_cost_function called at: 2.42188
INFO:root:_cost_function returning 1001.93; elapsed time: 0
INFO:root:_cost_function called at: 2.42188
INFO:root:_cost_function returning 1001.93; elapsed time: 0
INFO:root:_cost_function called at: 2.42188
INFO:root:_cost_function returning 1001.93; elapsed time: 0
INFO:root:_cost_function called at: 2.42188
INFO:root:_cost_function returning 1001.93; elapsed time: 0
INFO:root:_cost_function called at: 2.42188
INFO:root:_cost_function returning 1001.93; elapsed time: 0
INFO:root:_cost_function called at: 2.42188
INFO:root:_cost_function returning 1001.93; elapsed time: 0
INFO:root:_cost_function called at: 2.42188
INFO:root:_cost_function returning 1001.93; elapsed time: 0
INFO:root:_cost_function called at: 2.42188
INFO:root:_cost_function returning 1001.93; elapsed time: 0
INFO:root:_cost_function called at: 2.42188
INFO:root:_cost_function returning 1001.93; elapsed time: 0
INFO:root:_cost_function called at: 2.42188
INFO:root:_cost_function returning 1001.93; elapsed time: 0
INFO:root:_cost_function called at: 2.42188
INFO:root:_cost_function returning 1001.93; elapsed time: 0
INFO:root:_cost_function called at: 2.42188
INFO:root:_cost_function returning 1001.93; elapsed time: 0
INFO:root:_cost_function called at: 2.42188
INFO:root:_cost_function returning 1001.93; elapsed time: 0
INFO:root:_cost_function called at: 2.42188
INFO:root:_cost_function returning 1001.93; elapsed time: 0
INFO:root:_cost_function called at: 2.42188
INFO:root:_cost_function returning 1001.93; elapsed time: 0
INFO:root:_cost_function called at: 2.42188
INFO:root:_cost_function returning 1001.93; elapsed time: 0
INFO:root:_cost_function called at: 2.42188
INFO:root:_cost_function returning 1001.93; elapsed time: 0
INFO:root:_cost_function called at: 2.42188
INFO:root:_cost_function returning 1001.93; elapsed time: 0
INFO:root:_cost_function called at: 2.42188
INFO:root:_cost_function returning 1001.93; elapsed time: 0
INFO:root:_cost_function called at: 2.42188
INFO:root:_cost_function returning 1001.93; elapsed time: 0
INFO:root:_cost_function called at: 2.42188
INFO:root:_cost_function returning 1001.93; elapsed time: 0
INFO:root:_cost_function called at: 2.42188
INFO:root:_cost_function returning 1001.93; elapsed time: 0
INFO:root:_cost_function called at: 2.42188
INFO:root:_cost_function returning 1001.93; elapsed time: 0
INFO:root:_cost_function called at: 2.42188
INFO:root:_cost_function returning 1001.93; elapsed time: 0
INFO:root:_cost_function called at: 2.42188
INFO:root:_cost_function returning 1001.93; elapsed time: 0
INFO:root:_cost_function called at: 2.42188
INFO:root:_cost_function returning 1001.93; elapsed time: 0
INFO:root:_cost_function called at: 2.42188
INFO:root:_cost_function returning 1001.93; elapsed time: 0
INFO:root:_cost_function called at: 2.42188
INFO:root:_cost_function returning 1001.93; elapsed time: 0
INFO:root:_cost_function called at: 2.42188
INFO:root:_cost_function returning 1001.93; elapsed time: 0
INFO:root:_cost_function called at: 2.42188
INFO:root:_cost_function returning 1001.93; elapsed time: 0
INFO:root:_cost_function called at: 2.42188
INFO:root:_cost_function returning 1001.91; elapsed time: 0
INFO:root:_cost_function called at: 2.42188
INFO:root:_cost_function returning 1001.91; elapsed time: 0
INFO:root:_cost_function called at: 2.42188
INFO:root:_cost_function returning 1001.91; elapsed time: 0
INFO:root:_cost_function called at: 2.42188
INFO:root:_cost_function returning 1001.91; elapsed time: 0
INFO:root:_cost_function called at: 2.42188
INFO:root:_cost_function returning 1001.91; elapsed time: 0
INFO:root:_cost_function called at: 2.42188
INFO:root:_cost_function returning 1001.91; elapsed time: 0
INFO:root:_cost_function called at: 2.42188
INFO:root:_cost_function returning 1001.91; elapsed time: 0
INFO:root:_cost_function called at: 2.42188
INFO:root:_cost_function returning 1001.91; elapsed time: 0
INFO:root:_cost_function called at: 2.42188
INFO:root:_cost_function returning 1001.91; elapsed time: 0
INFO:root:_cost_function called at: 2.42188
INFO:root:_cost_function returning 1001.91; elapsed time: 0
INFO:root:_cost_function called at: 2.42188
INFO:root:_cost_function returning 1001.91; elapsed time: 0
INFO:root:_cost_function called at: 2.42188
INFO:root:_cost_function returning 1001.91; elapsed time: 0
INFO:root:_cost_function called at: 2.42188
INFO:root:_cost_function returning 1001.91; elapsed time: 0
INFO:root:_cost_function called at: 2.42188
INFO:root:_cost_function returning 1001.91; elapsed time: 0
INFO:root:_cost_function called at: 2.42188
INFO:root:_cost_function returning 1001.91; elapsed time: 0
INFO:root:_cost_function called at: 2.42188
INFO:root:_cost_function returning 1001.91; elapsed time: 0
INFO:root:_cost_function called at: 2.42188
INFO:root:_cost_function returning 1001.91; elapsed time: 0
INFO:root:_cost_function called at: 2.42188
INFO:root:_cost_function returning 1001.91; elapsed time: 0
INFO:root:_cost_function called at: 2.42188
INFO:root:_cost_function returning 1001.91; elapsed time: 0
INFO:root:_cost_function called at: 2.42188
INFO:root:_cost_function returning 1001.91; elapsed time: 0
INFO:root:_cost_function called at: 2.42188
INFO:root:_cost_function returning 1001.91; elapsed time: 0
INFO:root:_cost_function called at: 2.42188
INFO:root:_cost_function returning 1001.91; elapsed time: 0
INFO:root:_cost_function called at: 2.42188
INFO:root:_cost_function returning 1001.91; elapsed time: 0
INFO:root:_cost_function called at: 2.42188
INFO:root:_cost_function returning 1001.91; elapsed time: 0
INFO:root:_cost_function called at: 2.42188
INFO:root:_cost_function returning 1001.91; elapsed time: 0
INFO:root:_cost_function called at: 2.42188
INFO:root:_cost_function returning 1001.91; elapsed time: 0
INFO:root:_cost_function called at: 2.42188
INFO:root:_cost_function returning 1001.91; elapsed time: 0
INFO:root:_cost_function called at: 2.42188
INFO:root:_cost_function returning 1001.91; elapsed time: 0
INFO:root:_cost_function called at: 2.42188
INFO:root:_cost_function returning 1001.91; elapsed time: 0
INFO:root:_cost_function called at: 2.42188
INFO:root:_cost_function returning 1001.91; elapsed time: 0
INFO:root:_cost_function called at: 2.42188
INFO:root:_cost_function returning 1001.91; elapsed time: 0
INFO:root:_cost_function called at: 2.42188
INFO:root:_cost_function returning 1001.91; elapsed time: 0
INFO:root:_cost_function called at: 2.42188
INFO:root:_cost_function returning 1001.91; elapsed time: 0
INFO:root:_cost_function called at: 2.42188
INFO:root:_cost_function returning 1001.91; elapsed time: 0
INFO:root:_cost_function called at: 2.42188
INFO:root:_cost_function returning 1001.91; elapsed time: 0
INFO:root:_cost_function called at: 2.42188
INFO:root:_cost_function returning 1001.91; elapsed time: 0
INFO:root:_cost_function called at: 2.42188
INFO:root:_cost_function returning 1001.91; elapsed time: 0
INFO:root:_cost_function called at: 2.42188
INFO:root:_cost_function returning 1001.91; elapsed time: 0
INFO:root:_cost_function called at: 2.42188
INFO:root:_cost_function returning 1001.91; elapsed time: 0
INFO:root:_cost_function called at: 2.42188
INFO:root:_cost_function returning 1001.91; elapsed time: 0
INFO:root:_cost_function called at: 2.42188
INFO:root:_cost_function returning 1001.91; elapsed time: 0
INFO:root:_cost_function called at: 2.42188
INFO:root:_cost_function returning 1001.91; elapsed time: 0
INFO:root:_cost_function called at: 2.42188
INFO:root:_cost_function returning 1001.91; elapsed time: 0
INFO:root:_cost_function called at: 2.42188
INFO:root:_cost_function returning 1001.91; elapsed time: 0
INFO:root:_cost_function called at: 2.42188
INFO:root:_cost_function returning 1001.91; elapsed time: 0
INFO:root:_cost_function called at: 2.42188
INFO:root:_cost_function returning 1001.91; elapsed time: 0
INFO:root:_cost_function called at: 2.42188
INFO:root:_cost_function returning 1001.91; elapsed time: 0
INFO:root:_cost_function called at: 2.42188
INFO:root:_cost_function returning 1001.91; elapsed time: 0
INFO:root:_cost_function called at: 2.42188
INFO:root:_cost_function returning 1001.91; elapsed time: 0
INFO:root:_cost_function called at: 2.42188
INFO:root:_cost_function returning 1001.91; elapsed time: 0
INFO:root:_cost_function called at: 2.42188
INFO:root:_cost_function returning 1001.91; elapsed time: 0
INFO:root:_cost_function called at: 2.42188
INFO:root:_cost_function returning 1001.91; elapsed time: 0
INFO:root:_cost_function called at: 2.42188
INFO:root:_cost_function returning 1001.91; elapsed time: 0
INFO:root:_cost_function called at: 2.42188
INFO:root:_cost_function returning 1001.91; elapsed time: 0
INFO:root:_cost_function called at: 2.42188
INFO:root:_cost_function returning 1001.91; elapsed time: 0
INFO:root:_cost_function called at: 2.42188
INFO:root:_cost_function returning 1001.91; elapsed time: 0
INFO:root:_cost_function called at: 2.42188
INFO:root:_cost_function returning 1001.91; elapsed time: 0
INFO:root:_cost_function called at: 2.42188
INFO:root:_cost_function returning 1001.91; elapsed time: 0
INFO:root:_cost_function called at: 2.42188
INFO:root:_cost_function returning 1001.91; elapsed time: 0
INFO:root:_cost_function called at: 2.42188
INFO:root:_cost_function returning 1001.91; elapsed time: 0
INFO:root:_cost_function called at: 2.42188
INFO:root:_cost_function returning 1001.91; elapsed time: 0
INFO:root:_cost_function called at: 2.42188
INFO:root:_cost_function returning 1001.91; elapsed time: 0
INFO:root:_cost_function called at: 2.42188
INFO:root:_cost_function returning 1001.91; elapsed time: 0
INFO:root:_cost_function called at: 2.42188
INFO:root:_cost_function returning 1001.91; elapsed time: 0
INFO:root:_cost_function called at: 2.42188
INFO:root:_cost_function returning 1001.91; elapsed time: 0
INFO:root:_cost_function called at: 2.42188
INFO:root:_cost_function returning 1001.91; elapsed time: 0
INFO:root:_cost_function called at: 2.42188
INFO:root:_cost_function returning 1001.91; elapsed time: 0
INFO:root:_cost_function called at: 2.42188
INFO:root:_cost_function returning 1001.91; elapsed time: 0
INFO:root:_cost_function called at: 2.42188
INFO:root:_cost_function returning 1001.91; elapsed time: 0
INFO:root:_cost_function called at: 2.42188
INFO:root:_cost_function returning 1001.91; elapsed time: 0
INFO:root:_cost_function called at: 2.42188
INFO:root:_cost_function returning 1001.91; elapsed time: 0
INFO:root:_cost_function called at: 2.42188
INFO:root:_cost_function returning 1001.91; elapsed time: 0
INFO:root:_cost_function called at: 2.42188
INFO:root:_cost_function returning 1001.91; elapsed time: 0
INFO:root:_cost_function called at: 2.42188
INFO:root:_cost_function returning 1001.91; elapsed time: 0
INFO:root:_cost_function called at: 2.42188
INFO:root:_cost_function returning 1001.91; elapsed time: 0
INFO:root:_cost_function called at: 2.42188
INFO:root:_cost_function returning 1001.91; elapsed time: 0
INFO:root:_cost_function called at: 2.42188
INFO:root:_cost_function returning 1001.91; elapsed time: 0
INFO:root:_cost_function called at: 2.42188
INFO:root:_cost_function returning 1001.91; elapsed time: 0
INFO:root:_cost_function called at: 2.42188
INFO:root:_cost_function returning 1001.91; elapsed time: 0
INFO:root:_cost_function called at: 2.42188
INFO:root:_cost_function returning 1001.91; elapsed time: 0
INFO:root:_cost_function called at: 2.42188
INFO:root:_cost_function returning 1001.91; elapsed time: 0
INFO:root:_cost_function called at: 2.42188
INFO:root:_cost_function returning 1001.91; elapsed time: 0
INFO:root:_cost_function called at: 2.42188
INFO:root:_cost_function returning 1001.91; elapsed time: 0
INFO:root:_cost_function called at: 2.42188
INFO:root:_cost_function returning 1001.91; elapsed time: 0
INFO:root:_cost_function called at: 2.42188
INFO:root:_cost_function returning 1001.91; elapsed time: 0
INFO:root:_cost_function called at: 2.42188
INFO:root:_cost_function returning 1001.91; elapsed time: 0
INFO:root:_cost_function called at: 2.42188
INFO:root:_cost_function returning 1001.91; elapsed time: 0
INFO:root:_cost_function called at: 2.42188
INFO:root:_cost_function returning 1001.91; elapsed time: 0
INFO:root:_cost_function called at: 2.42188
INFO:root:_cost_function returning 1001.91; elapsed time: 0
INFO:root:_cost_function called at: 2.42188
INFO:root:_cost_function returning 1001.91; elapsed time: 0
INFO:root:_cost_function called at: 2.42188
INFO:root:_cost_function returning 1001.91; elapsed time: 0
INFO:root:_cost_function called at: 2.42188
INFO:root:_cost_function returning 1001.91; elapsed time: 0
INFO:root:_cost_function called at: 2.42188
INFO:root:_cost_function returning 1001.91; elapsed time: 0
INFO:root:_cost_function called at: 2.42188
INFO:root:_cost_function returning 1001.91; elapsed time: 0
INFO:root:_cost_function called at: 2.42188
INFO:root:_cost_function returning 1001.91; elapsed time: 0
INFO:root:_cost_function called at: 2.42188
INFO:root:_cost_function returning 1001.91; elapsed time: 0
INFO:root:_cost_function called at: 2.42188
INFO:root:_cost_function returning 1001.91; elapsed time: 0
INFO:root:_cost_function called at: 2.42188
INFO:root:_cost_function returning 1001.91; elapsed time: 0
INFO:root:_cost_function called at: 2.42188
INFO:root:_cost_function returning 1001.91; elapsed time: 0
INFO:root:_cost_function called at: 2.42188
INFO:root:_cost_function returning 1001.91; elapsed time: 0
INFO:root:_cost_function called at: 2.42188
INFO:root:_cost_function returning 1001.91; elapsed time: 0
INFO:root:_cost_function called at: 2.4375
INFO:root:_cost_function returning 1001.9; elapsed time: 0
INFO:root:_cost_function called at: 2.4375
INFO:root:_cost_function returning 1001.9; elapsed time: 0
INFO:root:_cost_function called at: 2.4375
INFO:root:_cost_function returning 1001.9; elapsed time: 0
INFO:root:_cost_function called at: 2.4375
INFO:root:_cost_function returning 1001.9; elapsed time: 0
INFO:root:_cost_function called at: 2.4375
INFO:root:_cost_function returning 1001.9; elapsed time: 0
INFO:root:_cost_function called at: 2.4375
INFO:root:_cost_function returning 1001.9; elapsed time: 0
INFO:root:_cost_function called at: 2.4375
INFO:root:_cost_function returning 1001.9; elapsed time: 0
INFO:root:_cost_function called at: 2.4375
INFO:root:_cost_function returning 1001.9; elapsed time: 0
INFO:root:_cost_function called at: 2.4375
INFO:root:_cost_function returning 1001.9; elapsed time: 0
INFO:root:_cost_function called at: 2.4375
INFO:root:_cost_function returning 1001.9; elapsed time: 0
INFO:root:_cost_function called at: 2.4375
INFO:root:_cost_function returning 1001.9; elapsed time: 0
INFO:root:_cost_function called at: 2.4375
INFO:root:_cost_function returning 1001.9; elapsed time: 0
INFO:root:_cost_function called at: 2.4375
INFO:root:_cost_function returning 1001.9; elapsed time: 0
INFO:root:_cost_function called at: 2.4375
INFO:root:_cost_function returning 1001.9; elapsed time: 0
INFO:root:_cost_function called at: 2.4375
INFO:root:_cost_function returning 1001.9; elapsed time: 0
INFO:root:_cost_function called at: 2.4375
INFO:root:_cost_function returning 1001.9; elapsed time: 0
INFO:root:_cost_function called at: 2.4375
INFO:root:_cost_function returning 1001.9; elapsed time: 0
INFO:root:_cost_function called at: 2.4375
INFO:root:_cost_function returning 1001.9; elapsed time: 0
INFO:root:_cost_function called at: 2.4375
INFO:root:_cost_function returning 1001.9; elapsed time: 0
INFO:root:_cost_function called at: 2.4375
INFO:root:_cost_function returning 1001.9; elapsed time: 0
INFO:root:_cost_function called at: 2.4375
INFO:root:_cost_function returning 1001.9; elapsed time: 0
INFO:root:_cost_function called at: 2.4375
INFO:root:_cost_function returning 1001.9; elapsed time: 0
INFO:root:_cost_function called at: 2.4375
INFO:root:_cost_function returning 1001.9; elapsed time: 0
INFO:root:_cost_function called at: 2.4375
INFO:root:_cost_function returning 1001.9; elapsed time: 0
INFO:root:_cost_function called at: 2.4375
INFO:root:_cost_function returning 1001.9; elapsed time: 0
INFO:root:_cost_function called at: 2.4375
INFO:root:_cost_function returning 1001.9; elapsed time: 0
INFO:root:_cost_function called at: 2.4375
INFO:root:_cost_function returning 1001.9; elapsed time: 0
INFO:root:_cost_function called at: 2.4375
INFO:root:_cost_function returning 1001.9; elapsed time: 0
INFO:root:_cost_function called at: 2.4375
INFO:root:_cost_function returning 1001.9; elapsed time: 0
INFO:root:_cost_function called at: 2.4375
INFO:root:_cost_function returning 1001.9; elapsed time: 0
INFO:root:_cost_function called at: 2.4375
INFO:root:_cost_function returning 1001.9; elapsed time: 0
INFO:root:_cost_function called at: 2.4375
INFO:root:_cost_function returning 1001.9; elapsed time: 0
INFO:root:_cost_function called at: 2.4375
INFO:root:_cost_function returning 1001.9; elapsed time: 0
INFO:root:_cost_function called at: 2.4375
INFO:root:_cost_function returning 1001.9; elapsed time: 0
INFO:root:_cost_function called at: 2.4375
INFO:root:_cost_function returning 1001.9; elapsed time: 0
INFO:root:_cost_function called at: 2.4375
INFO:root:_cost_function returning 1001.9; elapsed time: 0
INFO:root:_cost_function called at: 2.4375
INFO:root:_cost_function returning 1001.9; elapsed time: 0
INFO:root:_cost_function called at: 2.4375
INFO:root:_cost_function returning 1001.9; elapsed time: 0
INFO:root:_cost_function called at: 2.4375
INFO:root:_cost_function returning 1001.9; elapsed time: 0
INFO:root:_cost_function called at: 2.4375
INFO:root:_cost_function returning 1001.9; elapsed time: 0
INFO:root:_cost_function called at: 2.4375
INFO:root:_cost_function returning 1001.9; elapsed time: 0
INFO:root:_cost_function called at: 2.4375
INFO:root:_cost_function returning 1001.9; elapsed time: 0
INFO:root:_cost_function called at: 2.4375
INFO:root:_cost_function returning 1001.9; elapsed time: 0
INFO:root:_cost_function called at: 2.4375
INFO:root:_cost_function returning 1001.9; elapsed time: 0
INFO:root:_cost_function called at: 2.4375
INFO:root:_cost_function returning 1001.9; elapsed time: 0
INFO:root:_cost_function called at: 2.4375
INFO:root:_cost_function returning 1001.9; elapsed time: 0
INFO:root:_cost_function called at: 2.4375
INFO:root:_cost_function returning 1001.9; elapsed time: 0
INFO:root:_cost_function called at: 2.4375
INFO:root:_cost_function returning 1001.9; elapsed time: 0
INFO:root:_cost_function called at: 2.4375
INFO:root:_cost_function returning 1001.9; elapsed time: 0
INFO:root:_cost_function called at: 2.4375
INFO:root:_cost_function returning 1001.9; elapsed time: 0
INFO:root:_cost_function called at: 2.4375
INFO:root:_cost_function returning 1001.9; elapsed time: 0
INFO:root:_cost_function called at: 2.4375
INFO:root:_cost_function returning 1001.9; elapsed time: 0
INFO:root:_cost_function called at: 2.4375
INFO:root:_cost_function returning 1001.9; elapsed time: 0
INFO:root:_cost_function called at: 2.4375
INFO:root:_cost_function returning 1001.9; elapsed time: 0
INFO:root:_cost_function called at: 2.4375
INFO:root:_cost_function returning 1001.9; elapsed time: 0
INFO:root:_cost_function called at: 2.4375
INFO:root:_cost_function returning 1001.9; elapsed time: 0
INFO:root:_cost_function called at: 2.4375
INFO:root:_cost_function returning 1001.9; elapsed time: 0
INFO:root:_cost_function called at: 2.4375
INFO:root:_cost_function returning 1001.9; elapsed time: 0.015625
INFO:root:_cost_function called at: 2.45312
INFO:root:_cost_function returning 1001.9; elapsed time: 0
INFO:root:_cost_function called at: 2.45312
INFO:root:_cost_function returning 1001.9; elapsed time: 0
INFO:root:_cost_function called at: 2.45312
INFO:root:_cost_function returning 1001.9; elapsed time: 0
INFO:root:_cost_function called at: 2.45312
INFO:root:_cost_function returning 1001.9; elapsed time: 0
INFO:root:_cost_function called at: 2.45312
INFO:root:_cost_function returning 1001.9; elapsed time: 0
INFO:root:_cost_function called at: 2.45312
INFO:root:_cost_function returning 1001.9; elapsed time: 0
INFO:root:_cost_function called at: 2.45312
INFO:root:_cost_function returning 1001.9; elapsed time: 0
INFO:root:_cost_function called at: 2.45312
INFO:root:_cost_function returning 1001.9; elapsed time: 0
INFO:root:_cost_function called at: 2.45312
INFO:root:_cost_function returning 1001.9; elapsed time: 0
INFO:root:_cost_function called at: 2.45312
INFO:root:_cost_function returning 1001.9; elapsed time: 0
INFO:root:_cost_function called at: 2.45312
INFO:root:_cost_function returning 1001.9; elapsed time: 0
INFO:root:_cost_function called at: 2.45312
INFO:root:_cost_function returning 1001.9; elapsed time: 0
INFO:root:_cost_function called at: 2.45312
INFO:root:_cost_function returning 1001.9; elapsed time: 0
INFO:root:_cost_function called at: 2.45312
INFO:root:_cost_function returning 1001.9; elapsed time: 0
INFO:root:_cost_function called at: 2.45312
INFO:root:_cost_function returning 1001.9; elapsed time: 0
INFO:root:_cost_function called at: 2.45312
INFO:root:_cost_function returning 1001.9; elapsed time: 0
INFO:root:_cost_function called at: 2.45312
INFO:root:_cost_function returning 1001.9; elapsed time: 0
INFO:root:_cost_function called at: 2.45312
INFO:root:_cost_function returning 1001.9; elapsed time: 0
INFO:root:_cost_function called at: 2.45312
INFO:root:_cost_function returning 1001.9; elapsed time: 0
INFO:root:_cost_function called at: 2.45312
INFO:root:_cost_function returning 1001.9; elapsed time: 0
INFO:root:_cost_function called at: 2.45312
INFO:root:_cost_function returning 1001.9; elapsed time: 0
INFO:root:_cost_function called at: 2.45312
INFO:root:_cost_function returning 1001.9; elapsed time: 0
INFO:root:_cost_function called at: 2.45312
INFO:root:_cost_function returning 1001.9; elapsed time: 0
INFO:root:_cost_function called at: 2.45312
INFO:root:_cost_function returning 1001.9; elapsed time: 0
INFO:root:_cost_function called at: 2.45312
INFO:root:_cost_function returning 1001.9; elapsed time: 0
INFO:root:_cost_function called at: 2.45312
INFO:root:_cost_function returning 1001.9; elapsed time: 0
INFO:root:_cost_function called at: 2.45312
INFO:root:_cost_function returning 1001.9; elapsed time: 0
INFO:root:_cost_function called at: 2.45312
INFO:root:_cost_function returning 1001.9; elapsed time: 0
INFO:root:_cost_function called at: 2.45312
INFO:root:_cost_function returning 1001.9; elapsed time: 0
INFO:root:_cost_function called at: 2.45312
INFO:root:_cost_function returning 1001.9; elapsed time: 0
INFO:root:_cost_function called at: 2.45312
INFO:root:_cost_function returning 1001.9; elapsed time: 0
INFO:root:_cost_function called at: 2.45312
INFO:root:_cost_function returning 1001.9; elapsed time: 0
INFO:root:_cost_function called at: 2.45312
INFO:root:_cost_function returning 1001.9; elapsed time: 0
INFO:root:_cost_function called at: 2.45312
INFO:root:_cost_function returning 1001.9; elapsed time: 0
INFO:root:_cost_function called at: 2.45312
INFO:root:_cost_function returning 1001.9; elapsed time: 0
INFO:root:_cost_function called at: 2.45312
INFO:root:_cost_function returning 1001.9; elapsed time: 0
INFO:root:_cost_function called at: 2.45312
INFO:root:_cost_function returning 1001.9; elapsed time: 0
INFO:root:_cost_function called at: 2.45312
INFO:root:_cost_function returning 1001.9; elapsed time: 0
INFO:root:_cost_function called at: 2.45312
INFO:root:_cost_function returning 1001.9; elapsed time: 0
INFO:root:_cost_function called at: 2.45312
INFO:root:_cost_function returning 1001.9; elapsed time: 0
INFO:root:_cost_function called at: 2.45312
INFO:root:_cost_function returning 1001.9; elapsed time: 0
INFO:root:_cost_function called at: 2.45312
INFO:root:_cost_function returning 1001.9; elapsed time: 0
INFO:root:_cost_function called at: 2.45312
INFO:root:_cost_function returning 1001.9; elapsed time: 0
INFO:root:_cost_function called at: 2.46875
INFO:root:_cost_function returning 1001.89; elapsed time: 0
INFO:root:_cost_function called at: 2.46875
INFO:root:_cost_function returning 1001.89; elapsed time: 0
INFO:root:_cost_function called at: 2.46875
INFO:root:_cost_function returning 1001.89; elapsed time: 0
INFO:root:_cost_function called at: 2.46875
INFO:root:_cost_function returning 1001.89; elapsed time: 0
INFO:root:_cost_function called at: 2.46875
INFO:root:_cost_function returning 1001.89; elapsed time: 0
INFO:root:_cost_function called at: 2.46875
INFO:root:_cost_function returning 1001.89; elapsed time: 0
INFO:root:_cost_function called at: 2.46875
INFO:root:_cost_function returning 1001.89; elapsed time: 0
INFO:root:_cost_function called at: 2.46875
INFO:root:_cost_function returning 1001.89; elapsed time: 0
INFO:root:_cost_function called at: 2.46875
INFO:root:_cost_function returning 1001.89; elapsed time: 0
INFO:root:_cost_function called at: 2.46875
INFO:root:_cost_function returning 1001.89; elapsed time: 0
INFO:root:_cost_function called at: 2.46875
INFO:root:_cost_function returning 1001.89; elapsed time: 0
INFO:root:_cost_function called at: 2.46875
INFO:root:_cost_function returning 1001.89; elapsed time: 0
INFO:root:_cost_function called at: 2.46875
INFO:root:_cost_function returning 1001.89; elapsed time: 0
INFO:root:_cost_function called at: 2.46875
INFO:root:_cost_function returning 1001.89; elapsed time: 0
INFO:root:_cost_function called at: 2.46875
INFO:root:_cost_function returning 1001.89; elapsed time: 0
INFO:root:_cost_function called at: 2.46875
INFO:root:_cost_function returning 1001.89; elapsed time: 0
INFO:root:_cost_function called at: 2.46875
INFO:root:_cost_function returning 1001.89; elapsed time: 0
INFO:root:_cost_function called at: 2.46875
INFO:root:_cost_function returning 1001.89; elapsed time: 0
INFO:root:_cost_function called at: 2.46875
INFO:root:_cost_function returning 1001.89; elapsed time: 0
INFO:root:_cost_function called at: 2.46875
INFO:root:_cost_function returning 1001.89; elapsed time: 0
INFO:root:_cost_function called at: 2.46875
INFO:root:_cost_function returning 1001.89; elapsed time: 0
INFO:root:_cost_function called at: 2.46875
INFO:root:_cost_function returning 1001.89; elapsed time: 0
INFO:root:_cost_function called at: 2.46875
INFO:root:_cost_function returning 1001.89; elapsed time: 0
INFO:root:_cost_function called at: 2.46875
INFO:root:_cost_function returning 1001.89; elapsed time: 0
INFO:root:_cost_function called at: 2.46875
INFO:root:_cost_function returning 1001.89; elapsed time: 0
INFO:root:_cost_function called at: 2.46875
INFO:root:_cost_function returning 1001.89; elapsed time: 0
INFO:root:_cost_function called at: 2.46875
INFO:root:_cost_function returning 1001.89; elapsed time: 0
INFO:root:_cost_function called at: 2.46875
INFO:root:_cost_function returning 1001.89; elapsed time: 0
INFO:root:_cost_function called at: 2.46875
INFO:root:_cost_function returning 1001.89; elapsed time: 0
INFO:root:_cost_function called at: 2.46875
INFO:root:_cost_function returning 1001.89; elapsed time: 0
INFO:root:_cost_function called at: 2.46875
INFO:root:_cost_function returning 1001.89; elapsed time: 0
INFO:root:_cost_function called at: 2.46875
INFO:root:_cost_function returning 1001.89; elapsed time: 0
INFO:root:_cost_function called at: 2.46875
INFO:root:_cost_function returning 1001.89; elapsed time: 0
INFO:root:_cost_function called at: 2.46875
INFO:root:_cost_function returning 1001.89; elapsed time: 0
INFO:root:_cost_function called at: 2.46875
INFO:root:_cost_function returning 1001.89; elapsed time: 0
INFO:root:_cost_function called at: 2.46875
INFO:root:_cost_function returning 1001.89; elapsed time: 0
INFO:root:_cost_function called at: 2.46875
INFO:root:_cost_function returning 1001.89; elapsed time: 0
INFO:root:_cost_function called at: 2.46875
INFO:root:_cost_function returning 1001.89; elapsed time: 0
INFO:root:_cost_function called at: 2.46875
INFO:root:_cost_function returning 1001.89; elapsed time: 0
INFO:root:_cost_function called at: 2.46875
INFO:root:_cost_function returning 1001.89; elapsed time: 0
INFO:root:_cost_function called at: 2.46875
INFO:root:_cost_function returning 1001.89; elapsed time: 0
INFO:root:_cost_function called at: 2.46875
INFO:root:_cost_function returning 1001.89; elapsed time: 0
INFO:root:_cost_function called at: 2.46875
INFO:root:_cost_function returning 1001.89; elapsed time: 0
INFO:root:_cost_function called at: 2.46875
INFO:root:_cost_function returning 1001.89; elapsed time: 0
INFO:root:_cost_function called at: 2.46875
INFO:root:_cost_function returning 1001.89; elapsed time: 0
INFO:root:_cost_function called at: 2.46875
INFO:root:_cost_function returning 1001.89; elapsed time: 0
INFO:root:_cost_function called at: 2.46875
INFO:root:_cost_function returning 1001.89; elapsed time: 0
INFO:root:_cost_function called at: 2.46875
INFO:root:_cost_function returning 1001.89; elapsed time: 0
INFO:root:_cost_function called at: 2.46875
INFO:root:_cost_function returning 1001.89; elapsed time: 0
INFO:root:_cost_function called at: 2.46875
INFO:root:_cost_function returning 1001.89; elapsed time: 0
INFO:root:_cost_function called at: 2.46875
INFO:root:_cost_function returning 1001.89; elapsed time: 0
INFO:root:_cost_function called at: 2.46875
INFO:root:_cost_function returning 1001.89; elapsed time: 0
INFO:root:_cost_function called at: 2.46875
INFO:root:_cost_function returning 1001.89; elapsed time: 0
INFO:root:_cost_function called at: 2.46875
INFO:root:_cost_function returning 1001.89; elapsed time: 0
INFO:root:_cost_function called at: 2.46875
INFO:root:_cost_function returning 1001.89; elapsed time: 0
INFO:root:_cost_function called at: 2.46875
INFO:root:_cost_function returning 1001.89; elapsed time: 0
INFO:root:_cost_function called at: 2.46875
INFO:root:_cost_function returning 1001.89; elapsed time: 0
INFO:root:_cost_function called at: 2.46875
INFO:root:_cost_function returning 1001.89; elapsed time: 0
INFO:root:_cost_function called at: 2.46875
INFO:root:_cost_function returning 1001.89; elapsed time: 0
INFO:root:_cost_function called at: 2.46875
INFO:root:_cost_function returning 1001.89; elapsed time: 0
INFO:root:_cost_function called at: 2.46875
INFO:root:_cost_function returning 1001.89; elapsed time: 0
INFO:root:_cost_function called at: 2.46875
INFO:root:_cost_function returning 1001.89; elapsed time: 0
INFO:root:_cost_function called at: 2.46875
INFO:root:_cost_function returning 1001.89; elapsed time: 0
INFO:root:_cost_function called at: 2.46875
INFO:root:_cost_function returning 1001.89; elapsed time: 0
INFO:root:_cost_function called at: 2.46875
INFO:root:_cost_function returning 1001.89; elapsed time: 0
INFO:root:_cost_function called at: 2.46875
INFO:root:_cost_function returning 1001.89; elapsed time: 0
INFO:root:_cost_function called at: 2.46875
INFO:root:_cost_function returning 1001.89; elapsed time: 0
INFO:root:_cost_function called at: 2.46875
INFO:root:_cost_function returning 1001.89; elapsed time: 0
INFO:root:_cost_function called at: 2.46875
INFO:root:_cost_function returning 1001.89; elapsed time: 0
INFO:root:_cost_function called at: 2.46875
INFO:root:_cost_function returning 1001.89; elapsed time: 0
INFO:root:_cost_function called at: 2.46875
INFO:root:_cost_function returning 1001.89; elapsed time: 0
INFO:root:_cost_function called at: 2.46875
INFO:root:_cost_function returning 1001.89; elapsed time: 0
INFO:root:_cost_function called at: 2.46875
INFO:root:_cost_function returning 1001.89; elapsed time: 0
INFO:root:_cost_function called at: 2.46875
INFO:root:_cost_function returning 1001.89; elapsed time: 0
INFO:root:_cost_function called at: 2.46875
INFO:root:_cost_function returning 1001.89; elapsed time: 0
INFO:root:_cost_function called at: 2.46875
INFO:root:_cost_function returning 1001.89; elapsed time: 0
INFO:root:_cost_function called at: 2.46875
INFO:root:_cost_function returning 1001.89; elapsed time: 0
INFO:root:_cost_function called at: 2.46875
INFO:root:_cost_function returning 1001.89; elapsed time: 0
INFO:root:_cost_function called at: 2.46875
INFO:root:_cost_function returning 1001.89; elapsed time: 0
INFO:root:_cost_function called at: 2.46875
INFO:root:_cost_function returning 1001.89; elapsed time: 0
INFO:root:_cost_function called at: 2.46875
INFO:root:_cost_function returning 1001.89; elapsed time: 0
INFO:root:_cost_function called at: 2.46875
INFO:root:_cost_function returning 1001.89; elapsed time: 0
INFO:root:_cost_function called at: 2.46875
INFO:root:_cost_function returning 1001.89; elapsed time: 0
INFO:root:_cost_function called at: 2.46875
INFO:root:_cost_function returning 1001.89; elapsed time: 0
INFO:root:_cost_function called at: 2.46875
INFO:root:_cost_function returning 1001.89; elapsed time: 0
INFO:root:_cost_function called at: 2.46875
INFO:root:_cost_function returning 1001.89; elapsed time: 0
INFO:root:_cost_function called at: 2.46875
INFO:root:_cost_function returning 1001.89; elapsed time: 0
INFO:root:_cost_function called at: 2.46875
INFO:root:_cost_function returning 1001.89; elapsed time: 0
INFO:root:_cost_function called at: 2.46875
INFO:root:_cost_function returning 1001.89; elapsed time: 0
INFO:root:_cost_function called at: 2.46875
INFO:root:_cost_function returning 1001.89; elapsed time: 0
INFO:root:_cost_function called at: 2.46875
INFO:root:_cost_function returning 1001.89; elapsed time: 0
INFO:root:_cost_function called at: 2.46875
INFO:root:_cost_function returning 1001.89; elapsed time: 0
INFO:root:_cost_function called at: 2.48438
INFO:root:_cost_function returning 1001.89; elapsed time: 0
INFO:root:_cost_function called at: 2.48438
INFO:root:_cost_function returning 1001.89; elapsed time: 0
INFO:root:_cost_function called at: 2.48438
INFO:root:_cost_function returning 1001.89; elapsed time: 0
INFO:root:_cost_function called at: 2.48438
INFO:root:_cost_function returning 1001.89; elapsed time: 0
INFO:root:_cost_function called at: 2.48438
INFO:root:_cost_function returning 1001.89; elapsed time: 0
INFO:root:_cost_function called at: 2.48438
INFO:root:_cost_function returning 1001.89; elapsed time: 0
INFO:root:_cost_function called at: 2.48438
INFO:root:_cost_function returning 1001.89; elapsed time: 0
INFO:root:_cost_function called at: 2.48438
INFO:root:_cost_function returning 1001.89; elapsed time: 0
INFO:root:_cost_function called at: 2.48438
INFO:root:_cost_function returning 1001.89; elapsed time: 0
INFO:root:_cost_function called at: 2.48438
INFO:root:_cost_function returning 1001.88; elapsed time: 0
INFO:root:_cost_function called at: 2.48438
INFO:root:_cost_function returning 1001.88; elapsed time: 0
INFO:root:_cost_function called at: 2.48438
INFO:root:_cost_function returning 1001.88; elapsed time: 0
INFO:root:_cost_function called at: 2.48438
INFO:root:_cost_function returning 1001.88; elapsed time: 0
INFO:root:_cost_function called at: 2.48438
INFO:root:_cost_function returning 1001.88; elapsed time: 0
INFO:root:_cost_function called at: 2.48438
INFO:root:_cost_function returning 1001.88; elapsed time: 0
INFO:root:_cost_function called at: 2.48438
INFO:root:_cost_function returning 1001.88; elapsed time: 0
INFO:root:_cost_function called at: 2.48438
INFO:root:_cost_function returning 1001.88; elapsed time: 0
INFO:root:_cost_function called at: 2.48438
INFO:root:_cost_function returning 1001.88; elapsed time: 0
INFO:root:_cost_function called at: 2.48438
INFO:root:_cost_function returning 1001.88; elapsed time: 0
INFO:root:_cost_function called at: 2.48438
INFO:root:_cost_function returning 1001.88; elapsed time: 0
INFO:root:_cost_function called at: 2.48438
INFO:root:_cost_function returning 1001.88; elapsed time: 0
INFO:root:_cost_function called at: 2.48438
INFO:root:_cost_function returning 1001.88; elapsed time: 0
INFO:root:_cost_function called at: 2.48438
INFO:root:_cost_function returning 1001.88; elapsed time: 0
INFO:root:_cost_function called at: 2.48438
INFO:root:_cost_function returning 1001.88; elapsed time: 0
INFO:root:_cost_function called at: 2.48438
INFO:root:_cost_function returning 1001.88; elapsed time: 0
INFO:root:_cost_function called at: 2.48438
INFO:root:_cost_function returning 1001.88; elapsed time: 0
INFO:root:_cost_function called at: 2.48438
INFO:root:_cost_function returning 1001.88; elapsed time: 0
INFO:root:_cost_function called at: 2.48438
INFO:root:_cost_function returning 1001.88; elapsed time: 0
INFO:root:_cost_function called at: 2.48438
INFO:root:_cost_function returning 1001.88; elapsed time: 0
INFO:root:_cost_function called at: 2.48438
INFO:root:_cost_function returning 1001.88; elapsed time: 0
INFO:root:_cost_function called at: 2.48438
INFO:root:_cost_function returning 1001.88; elapsed time: 0
INFO:root:_cost_function called at: 2.48438
INFO:root:_cost_function returning 1001.88; elapsed time: 0
INFO:root:_cost_function called at: 2.48438
INFO:root:_cost_function returning 1001.88; elapsed time: 0
INFO:root:_cost_function called at: 2.48438
INFO:root:_cost_function returning 1001.88; elapsed time: 0
INFO:root:_cost_function called at: 2.48438
INFO:root:_cost_function returning 1001.88; elapsed time: 0
INFO:root:_cost_function called at: 2.48438
INFO:root:_cost_function returning 1001.88; elapsed time: 0
INFO:root:_cost_function called at: 2.48438
INFO:root:_cost_function returning 1001.88; elapsed time: 0
INFO:root:_cost_function called at: 2.48438
INFO:root:_cost_function returning 1001.88; elapsed time: 0
INFO:root:_cost_function called at: 2.48438
INFO:root:_cost_function returning 1001.88; elapsed time: 0
INFO:root:_cost_function called at: 2.48438
INFO:root:_cost_function returning 1001.88; elapsed time: 0
INFO:root:_cost_function called at: 2.48438
INFO:root:_cost_function returning 1001.88; elapsed time: 0
INFO:root:_cost_function called at: 2.48438
INFO:root:_cost_function returning 1001.88; elapsed time: 0
INFO:root:_cost_function called at: 2.48438
INFO:root:_cost_function returning 1001.88; elapsed time: 0
INFO:root:_cost_function called at: 2.48438
INFO:root:_cost_function returning 1001.88; elapsed time: 0
INFO:root:_cost_function called at: 2.48438
INFO:root:_cost_function returning 1001.88; elapsed time: 0
INFO:root:_cost_function called at: 2.48438
INFO:root:_cost_function returning 1001.88; elapsed time: 0.015625
INFO:root:_cost_function called at: 2.5
INFO:root:_cost_function returning 1001.88; elapsed time: 0
INFO:root:_cost_function called at: 2.5
INFO:root:_cost_function returning 1001.88; elapsed time: 0
INFO:root:_cost_function called at: 2.5
INFO:root:_cost_function returning 1001.88; elapsed time: 0
INFO:root:_cost_function called at: 2.5
INFO:root:_cost_function returning 1001.88; elapsed time: 0
INFO:root:_cost_function called at: 2.5
INFO:root:_cost_function returning 1001.88; elapsed time: 0
INFO:root:_cost_function called at: 2.5
INFO:root:_cost_function returning 1001.88; elapsed time: 0
INFO:root:_cost_function called at: 2.5
INFO:root:_cost_function returning 1001.88; elapsed time: 0
INFO:root:_cost_function called at: 2.5
INFO:root:_cost_function returning 1001.88; elapsed time: 0
INFO:root:_cost_function called at: 2.5
INFO:root:_cost_function returning 1001.88; elapsed time: 0
INFO:root:_cost_function called at: 2.5
INFO:root:_cost_function returning 1001.88; elapsed time: 0
INFO:root:_cost_function called at: 2.5
INFO:root:_cost_function returning 1001.88; elapsed time: 0
INFO:root:_cost_function called at: 2.5
INFO:root:_cost_function returning 1001.88; elapsed time: 0
INFO:root:_cost_function called at: 2.5
INFO:root:_cost_function returning 1001.88; elapsed time: 0
INFO:root:_cost_function called at: 2.5
INFO:root:_cost_function returning 1001.88; elapsed time: 0
INFO:root:_cost_function called at: 2.5
INFO:root:_cost_function returning 1001.88; elapsed time: 0
INFO:root:_cost_function called at: 2.5
INFO:root:_cost_function returning 1001.88; elapsed time: 0
INFO:root:_cost_function called at: 2.5
INFO:root:_cost_function returning 1001.88; elapsed time: 0
INFO:root:_cost_function called at: 2.5
INFO:root:_cost_function returning 1001.88; elapsed time: 0
INFO:root:_cost_function called at: 2.5
INFO:root:_cost_function returning 1001.88; elapsed time: 0
INFO:root:_cost_function called at: 2.5
INFO:root:_cost_function returning 1001.88; elapsed time: 0
INFO:root:_cost_function called at: 2.5
INFO:root:_cost_function returning 1001.88; elapsed time: 0
INFO:root:_cost_function called at: 2.5
INFO:root:_cost_function returning 1001.88; elapsed time: 0
INFO:root:_cost_function called at: 2.5
INFO:root:_cost_function returning 1001.88; elapsed time: 0
INFO:root:_cost_function called at: 2.5
INFO:root:_cost_function returning 1001.88; elapsed time: 0
INFO:root:_cost_function called at: 2.5
INFO:root:_cost_function returning 1001.88; elapsed time: 0
INFO:root:_cost_function called at: 2.5
INFO:root:_cost_function returning 1001.88; elapsed time: 0
INFO:root:_cost_function called at: 2.5
INFO:root:_cost_function returning 1001.88; elapsed time: 0
INFO:root:_cost_function called at: 2.5
INFO:root:_cost_function returning 1001.88; elapsed time: 0
INFO:root:_cost_function called at: 2.5
INFO:root:_cost_function returning 1001.88; elapsed time: 0
INFO:root:_cost_function called at: 2.5
INFO:root:_cost_function returning 1001.88; elapsed time: 0
INFO:root:_cost_function called at: 2.5
INFO:root:_cost_function returning 1001.88; elapsed time: 0
INFO:root:_cost_function called at: 2.5
INFO:root:_cost_function returning 1001.88; elapsed time: 0
INFO:root:_cost_function called at: 2.5
INFO:root:_cost_function returning 1001.88; elapsed time: 0
INFO:root:_cost_function called at: 2.5
INFO:root:_cost_function returning 1001.88; elapsed time: 0
INFO:root:_cost_function called at: 2.5
INFO:root:_cost_function returning 1001.88; elapsed time: 0
INFO:root:_cost_function called at: 2.5
INFO:root:_cost_function returning 1001.88; elapsed time: 0
INFO:root:_cost_function called at: 2.5
INFO:root:_cost_function returning 1001.88; elapsed time: 0
INFO:root:_cost_function called at: 2.5
INFO:root:_cost_function returning 1001.88; elapsed time: 0
INFO:root:_cost_function called at: 2.5
INFO:root:_cost_function returning 1001.88; elapsed time: 0
INFO:root:_cost_function called at: 2.5
INFO:root:_cost_function returning 1001.88; elapsed time: 0
INFO:root:_cost_function called at: 2.5
INFO:root:_cost_function returning 1001.88; elapsed time: 0
INFO:root:_cost_function called at: 2.5
INFO:root:_cost_function returning 1001.88; elapsed time: 0
INFO:root:_cost_function called at: 2.5
INFO:root:_cost_function returning 1001.88; elapsed time: 0
INFO:root:_cost_function called at: 2.5
INFO:root:_cost_function returning 1001.88; elapsed time: 0
INFO:root:_cost_function called at: 2.5
INFO:root:_cost_function returning 1001.88; elapsed time: 0
INFO:root:_cost_function called at: 2.5
INFO:root:_cost_function returning 1001.88; elapsed time: 0
INFO:root:_cost_function called at: 2.5
INFO:root:_cost_function returning 1001.88; elapsed time: 0
INFO:root:_cost_function called at: 2.5
INFO:root:_cost_function returning 1001.88; elapsed time: 0
INFO:root:_cost_function called at: 2.5
INFO:root:_cost_function returning 1001.88; elapsed time: 0
INFO:root:_cost_function called at: 2.5
INFO:root:_cost_function returning 1001.88; elapsed time: 0
INFO:root:_cost_function called at: 2.5
INFO:root:_cost_function returning 1001.88; elapsed time: 0
INFO:root:_cost_function called at: 2.5
INFO:root:_cost_function returning 1001.88; elapsed time: 0
INFO:root:_cost_function called at: 2.5
INFO:root:_cost_function returning 1001.88; elapsed time: 0
INFO:root:_cost_function called at: 2.5
INFO:root:_cost_function returning 1001.88; elapsed time: 0
INFO:root:_cost_function called at: 2.5
INFO:root:_cost_function returning 1001.88; elapsed time: 0
INFO:root:_cost_function called at: 2.5
INFO:root:_cost_function returning 1001.88; elapsed time: 0
INFO:root:_cost_function called at: 2.5
INFO:root:_cost_function returning 1001.88; elapsed time: 0
INFO:root:_cost_function called at: 2.5
INFO:root:_cost_function returning 1001.88; elapsed time: 0
INFO:root:_cost_function called at: 2.5
INFO:root:_cost_function returning 1001.88; elapsed time: 0
INFO:root:_cost_function called at: 2.5
INFO:root:_cost_function returning 1001.88; elapsed time: 0
INFO:root:_cost_function called at: 2.5
INFO:root:_cost_function returning 1001.88; elapsed time: 0
INFO:root:_cost_function called at: 2.5
INFO:root:_cost_function returning 1001.88; elapsed time: 0
INFO:root:_cost_function called at: 2.5
INFO:root:_cost_function returning 1001.88; elapsed time: 0
INFO:root:_cost_function called at: 2.5
INFO:root:_cost_function returning 1001.88; elapsed time: 0
INFO:root:_cost_function called at: 2.51562
INFO:root:_cost_function returning 1001.88; elapsed time: 0
INFO:root:_cost_function called at: 2.51562
INFO:root:_cost_function returning 1001.88; elapsed time: 0
INFO:root:_cost_function called at: 2.51562
INFO:root:_cost_function returning 1001.88; elapsed time: 0
INFO:root:_cost_function called at: 2.51562
INFO:root:_cost_function returning 1001.88; elapsed time: 0
INFO:root:_cost_function called at: 2.51562
INFO:root:_cost_function returning 1001.88; elapsed time: 0
INFO:root:_cost_function called at: 2.51562
INFO:root:_cost_function returning 1001.88; elapsed time: 0
INFO:root:_cost_function called at: 2.51562
INFO:root:_cost_function returning 1001.88; elapsed time: 0
INFO:root:_cost_function called at: 2.51562
INFO:root:_cost_function returning 1001.88; elapsed time: 0
INFO:root:_cost_function called at: 2.51562
INFO:root:_cost_function returning 1001.88; elapsed time: 0
INFO:root:_cost_function called at: 2.51562
INFO:root:_cost_function returning 1001.88; elapsed time: 0
INFO:root:_cost_function called at: 2.51562
INFO:root:_cost_function returning 1001.88; elapsed time: 0
INFO:root:_cost_function called at: 2.51562
INFO:root:_cost_function returning 1001.88; elapsed time: 0
INFO:root:_cost_function called at: 2.51562
INFO:root:_cost_function returning 1001.88; elapsed time: 0
INFO:root:_cost_function called at: 2.51562
INFO:root:_cost_function returning 1001.88; elapsed time: 0
INFO:root:_cost_function called at: 2.51562
INFO:root:_cost_function returning 1001.88; elapsed time: 0
INFO:root:_cost_function called at: 2.51562
INFO:root:_cost_function returning 1001.88; elapsed time: 0
INFO:root:_cost_function called at: 2.51562
INFO:root:_cost_function returning 1001.88; elapsed time: 0
INFO:root:_cost_function called at: 2.51562
INFO:root:_cost_function returning 1001.88; elapsed time: 0
INFO:root:_cost_function called at: 2.51562
INFO:root:_cost_function returning 1001.88; elapsed time: 0
INFO:root:_cost_function called at: 2.51562
INFO:root:_cost_function returning 1001.88; elapsed time: 0
INFO:root:_cost_function called at: 2.51562
INFO:root:_cost_function returning 1001.88; elapsed time: 0
INFO:root:_cost_function called at: 2.51562
INFO:root:_cost_function returning 1001.88; elapsed time: 0
INFO:root:_cost_function called at: 2.51562
INFO:root:_cost_function returning 1001.88; elapsed time: 0
INFO:root:_cost_function called at: 2.51562
INFO:root:_cost_function returning 1001.88; elapsed time: 0
INFO:root:_cost_function called at: 2.51562
INFO:root:_cost_function returning 1001.88; elapsed time: 0
INFO:root:_cost_function called at: 2.51562
INFO:root:_cost_function returning 1001.88; elapsed time: 0
INFO:root:_cost_function called at: 2.51562
INFO:root:_cost_function returning 1001.88; elapsed time: 0
INFO:root:_cost_function called at: 2.51562
INFO:root:_cost_function returning 1001.88; elapsed time: 0
INFO:root:_cost_function called at: 2.51562
INFO:root:_cost_function returning 1001.88; elapsed time: 0
INFO:root:_cost_function called at: 2.51562
INFO:root:_cost_function returning 1001.88; elapsed time: 0
INFO:root:_cost_function called at: 2.51562
INFO:root:_cost_function returning 1001.88; elapsed time: 0
INFO:root:_cost_function called at: 2.51562
INFO:root:_cost_function returning 1001.88; elapsed time: 0
INFO:root:_cost_function called at: 2.51562
INFO:root:_cost_function returning 1001.88; elapsed time: 0
INFO:root:_cost_function called at: 2.51562
INFO:root:_cost_function returning 1001.88; elapsed time: 0
INFO:root:_cost_function called at: 2.51562
INFO:root:_cost_function returning 1001.88; elapsed time: 0
INFO:root:_cost_function called at: 2.51562
INFO:root:_cost_function returning 1001.88; elapsed time: 0
INFO:root:_cost_function called at: 2.51562
INFO:root:_cost_function returning 1001.88; elapsed time: 0
INFO:root:_cost_function called at: 2.51562
INFO:root:_cost_function returning 1001.88; elapsed time: 0
INFO:root:_cost_function called at: 2.51562
INFO:root:_cost_function returning 1001.88; elapsed time: 0
INFO:root:_cost_function called at: 2.51562
INFO:root:_cost_function returning 1001.88; elapsed time: 0
INFO:root:_cost_function called at: 2.51562
INFO:root:_cost_function returning 1001.88; elapsed time: 0
INFO:root:_cost_function called at: 2.51562
INFO:root:_cost_function returning 1001.88; elapsed time: 0
INFO:root:_cost_function called at: 2.51562
INFO:root:_cost_function returning 1001.88; elapsed time: 0
INFO:root:_cost_function called at: 2.51562
INFO:root:_cost_function returning 1001.88; elapsed time: 0
INFO:root:_cost_function called at: 2.51562
INFO:root:_cost_function returning 1001.88; elapsed time: 0
INFO:root:_cost_function called at: 2.51562
INFO:root:_cost_function returning 1001.88; elapsed time: 0
INFO:root:_cost_function called at: 2.51562
INFO:root:_cost_function returning 1001.88; elapsed time: 0
INFO:root:_cost_function called at: 2.51562
INFO:root:_cost_function returning 1001.88; elapsed time: 0
INFO:root:_cost_function called at: 2.51562
INFO:root:_cost_function returning 1001.88; elapsed time: 0
INFO:root:_cost_function called at: 2.51562
INFO:root:_cost_function returning 1001.88; elapsed time: 0
INFO:root:_cost_function called at: 2.51562
INFO:root:_cost_function returning 1001.88; elapsed time: 0
INFO:root:_cost_function called at: 2.51562
INFO:root:_cost_function returning 1001.88; elapsed time: 0
INFO:root:_cost_function called at: 2.51562
INFO:root:_cost_function returning 1001.88; elapsed time: 0
INFO:root:_cost_function called at: 2.51562
INFO:root:_cost_function returning 1001.88; elapsed time: 0
INFO:root:_cost_function called at: 2.51562
INFO:root:_cost_function returning 1001.88; elapsed time: 0
INFO:root:_cost_function called at: 2.51562
INFO:root:_cost_function returning 1001.88; elapsed time: 0
INFO:root:_cost_function called at: 2.51562
INFO:root:_cost_function returning 1001.88; elapsed time: 0
INFO:root:_cost_function called at: 2.51562
INFO:root:_cost_function returning 1001.88; elapsed time: 0
INFO:root:_cost_function called at: 2.51562
INFO:root:_cost_function returning 1001.88; elapsed time: 0
INFO:root:_cost_function called at: 2.51562
INFO:root:_cost_function returning 1001.88; elapsed time: 0
INFO:root:_cost_function called at: 2.51562
INFO:root:_cost_function returning 1001.88; elapsed time: 0
INFO:root:_cost_function called at: 2.51562
INFO:root:_cost_function returning 1001.88; elapsed time: 0
INFO:root:_cost_function called at: 2.51562
INFO:root:_cost_function returning 1001.88; elapsed time: 0
INFO:root:_cost_function called at: 2.51562
INFO:root:_cost_function returning 1001.88; elapsed time: 0
INFO:root:_cost_function called at: 2.51562
INFO:root:_cost_function returning 1001.88; elapsed time: 0
INFO:root:_cost_function called at: 2.51562
INFO:root:_cost_function returning 1001.88; elapsed time: 0
INFO:root:_cost_function called at: 2.51562
INFO:root:_cost_function returning 1001.88; elapsed time: 0
INFO:root:_cost_function called at: 2.51562
INFO:root:_cost_function returning 1001.88; elapsed time: 0
INFO:root:_cost_function called at: 2.51562
INFO:root:_cost_function returning 1001.88; elapsed time: 0
INFO:root:_cost_function called at: 2.51562
INFO:root:_cost_function returning 1001.88; elapsed time: 0
INFO:root:_cost_function called at: 2.51562
INFO:root:_cost_function returning 1001.88; elapsed time: 0
INFO:root:_cost_function called at: 2.51562
INFO:root:_cost_function returning 1001.88; elapsed time: 0
INFO:root:_cost_function called at: 2.51562
INFO:root:_cost_function returning 1001.88; elapsed time: 0
INFO:root:_cost_function called at: 2.51562
INFO:root:_cost_function returning 1001.88; elapsed time: 0
INFO:root:_cost_function called at: 2.51562
INFO:root:_cost_function returning 1001.88; elapsed time: 0
INFO:root:_cost_function called at: 2.51562
INFO:root:_cost_function returning 1001.88; elapsed time: 0
INFO:root:_cost_function called at: 2.51562
INFO:root:_cost_function returning 1001.88; elapsed time: 0
INFO:root:_cost_function called at: 2.51562
INFO:root:_cost_function returning 1001.88; elapsed time: 0
INFO:root:_cost_function called at: 2.51562
INFO:root:_cost_function returning 1001.88; elapsed time: 0
INFO:root:_cost_function called at: 2.51562
INFO:root:_cost_function returning 1001.88; elapsed time: 0
INFO:root:_cost_function called at: 2.51562
INFO:root:_cost_function returning 1001.88; elapsed time: 0
INFO:root:_cost_function called at: 2.51562
INFO:root:_cost_function returning 1001.88; elapsed time: 0
INFO:root:_cost_function called at: 2.53125
INFO:root:_cost_function returning 1001.88; elapsed time: 0
INFO:root:_cost_function called at: 2.53125
INFO:root:_cost_function returning 1001.88; elapsed time: 0
INFO:root:_cost_function called at: 2.53125
INFO:root:_cost_function returning 1001.88; elapsed time: 0
INFO:root:_cost_function called at: 2.53125
INFO:root:_cost_function returning 1001.88; elapsed time: 0
INFO:root:_cost_function called at: 2.53125
INFO:root:_cost_function returning 1001.88; elapsed time: 0
INFO:root:_cost_function called at: 2.53125
INFO:root:_cost_function returning 1001.88; elapsed time: 0
INFO:root:_cost_function called at: 2.53125
INFO:root:_cost_function returning 1001.88; elapsed time: 0
INFO:root:_cost_function called at: 2.53125
INFO:root:_cost_function returning 1001.88; elapsed time: 0
INFO:root:_cost_function called at: 2.53125
INFO:root:_cost_function returning 1001.88; elapsed time: 0
INFO:root:_cost_function called at: 2.53125
INFO:root:_cost_function returning 1001.88; elapsed time: 0
INFO:root:_cost_function called at: 2.53125
INFO:root:_cost_function returning 1001.88; elapsed time: 0
INFO:root:_cost_function called at: 2.53125
INFO:root:_cost_function returning 1001.88; elapsed time: 0
INFO:root:_cost_function called at: 2.53125
INFO:root:_cost_function returning 1001.88; elapsed time: 0
INFO:root:_cost_function called at: 2.53125
INFO:root:_cost_function returning 1001.88; elapsed time: 0
INFO:root:_cost_function called at: 2.53125
INFO:root:_cost_function returning 1001.88; elapsed time: 0
INFO:root:_cost_function called at: 2.53125
INFO:root:_cost_function returning 1001.88; elapsed time: 0
INFO:root:_cost_function called at: 2.53125
INFO:root:_cost_function returning 1001.88; elapsed time: 0
INFO:root:_cost_function called at: 2.53125
INFO:root:_cost_function returning 1001.88; elapsed time: 0
INFO:root:_cost_function called at: 2.53125
INFO:root:_cost_function returning 1001.88; elapsed time: 0
INFO:root:_cost_function called at: 2.53125
INFO:root:_cost_function returning 1001.88; elapsed time: 0
INFO:root:_cost_function called at: 2.53125
INFO:root:_cost_function returning 1001.88; elapsed time: 0
INFO:root:_cost_function called at: 2.53125
INFO:root:_cost_function returning 1001.88; elapsed time: 0
INFO:root:_cost_function called at: 2.53125
INFO:root:_cost_function returning 1001.88; elapsed time: 0
INFO:root:_cost_function called at: 2.53125
INFO:root:_cost_function returning 1001.88; elapsed time: 0
INFO:root:_cost_function called at: 2.53125
INFO:root:_cost_function returning 1001.88; elapsed time: 0
INFO:root:_cost_function called at: 2.53125
INFO:root:_cost_function returning 1001.88; elapsed time: 0
INFO:root:_cost_function called at: 2.53125
INFO:root:_cost_function returning 1001.88; elapsed time: 0
INFO:root:_cost_function called at: 2.53125
INFO:root:_cost_function returning 1001.88; elapsed time: 0
INFO:root:_cost_function called at: 2.53125
INFO:root:_cost_function returning 1001.88; elapsed time: 0
INFO:root:_cost_function called at: 2.53125
INFO:root:_cost_function returning 1001.88; elapsed time: 0
INFO:root:_cost_function called at: 2.53125
INFO:root:_cost_function returning 1001.88; elapsed time: 0
INFO:root:_cost_function called at: 2.53125
INFO:root:_cost_function returning 1001.88; elapsed time: 0
INFO:root:_cost_function called at: 2.53125
INFO:root:_cost_function returning 1001.88; elapsed time: 0
INFO:root:_cost_function called at: 2.53125
INFO:root:_cost_function returning 1001.88; elapsed time: 0
INFO:root:_cost_function called at: 2.53125
INFO:root:_cost_function returning 1001.88; elapsed time: 0
INFO:root:_cost_function called at: 2.53125
INFO:root:_cost_function returning 1001.88; elapsed time: 0
INFO:root:_cost_function called at: 2.53125
INFO:root:_cost_function returning 1001.88; elapsed time: 0
INFO:root:_cost_function called at: 2.53125
INFO:root:_cost_function returning 1001.88; elapsed time: 0
INFO:root:_cost_function called at: 2.53125
INFO:root:_cost_function returning 1001.88; elapsed time: 0
INFO:root:_cost_function called at: 2.53125
INFO:root:_cost_function returning 1001.88; elapsed time: 0
INFO:root:_cost_function called at: 2.53125
INFO:root:_cost_function returning 1001.88; elapsed time: 0
INFO:root:_cost_function called at: 2.53125
INFO:root:_cost_function returning 1001.88; elapsed time: 0
INFO:root:_cost_function called at: 2.53125
INFO:root:_cost_function returning 1001.88; elapsed time: 0
INFO:root:_cost_function called at: 2.53125
INFO:root:_cost_function returning 1001.88; elapsed time: 0
INFO:root:_cost_function called at: 2.53125
INFO:root:_cost_function returning 1001.88; elapsed time: 0
INFO:root:_cost_function called at: 2.53125
INFO:root:_cost_function returning 1001.88; elapsed time: 0
INFO:root:_cost_function called at: 2.53125
INFO:root:_cost_function returning 1001.88; elapsed time: 0
INFO:root:_cost_function called at: 2.53125
INFO:root:_cost_function returning 1001.88; elapsed time: 0
INFO:root:_cost_function called at: 2.53125
INFO:root:_cost_function returning 1001.88; elapsed time: 0.015625
INFO:root:_cost_function called at: 2.54688
INFO:root:_cost_function returning 1001.88; elapsed time: 0
INFO:root:_cost_function called at: 2.54688
INFO:root:_cost_function returning 1001.88; elapsed time: 0
INFO:root:_cost_function called at: 2.54688
INFO:root:_cost_function returning 1001.88; elapsed time: 0
INFO:root:_cost_function called at: 2.54688
INFO:root:_cost_function returning 1001.88; elapsed time: 0
INFO:root:_cost_function called at: 2.54688
INFO:root:_cost_function returning 1001.88; elapsed time: 0
INFO:root:_cost_function called at: 2.54688
INFO:root:_cost_function returning 1001.88; elapsed time: 0
INFO:root:_cost_function called at: 2.54688
INFO:root:_cost_function returning 1001.88; elapsed time: 0
INFO:root:_cost_function called at: 2.54688
INFO:root:_cost_function returning 1001.88; elapsed time: 0
INFO:root:_cost_function called at: 2.54688
INFO:root:_cost_function returning 1001.88; elapsed time: 0
INFO:root:_cost_function called at: 2.54688
INFO:root:_cost_function returning 1001.88; elapsed time: 0
INFO:root:_cost_function called at: 2.54688
INFO:root:_cost_function returning 1001.88; elapsed time: 0
INFO:root:_cost_function called at: 2.54688
INFO:root:_cost_function returning 1001.88; elapsed time: 0
INFO:root:_cost_function called at: 2.54688
INFO:root:_cost_function returning 1001.88; elapsed time: 0
INFO:root:_cost_function called at: 2.54688
INFO:root:_cost_function returning 1001.88; elapsed time: 0
INFO:root:_cost_function called at: 2.54688
INFO:root:_cost_function returning 1001.88; elapsed time: 0
INFO:root:_cost_function called at: 2.54688
INFO:root:_cost_function returning 1001.88; elapsed time: 0
INFO:root:_cost_function called at: 2.54688
INFO:root:_cost_function returning 1001.88; elapsed time: 0
INFO:root:_cost_function called at: 2.54688
INFO:root:_cost_function returning 1001.88; elapsed time: 0
INFO:root:_cost_function called at: 2.54688
INFO:root:_cost_function returning 1001.88; elapsed time: 0
INFO:root:_cost_function called at: 2.54688
INFO:root:_cost_function returning 1001.88; elapsed time: 0
INFO:root:_cost_function called at: 2.54688
INFO:root:_cost_function returning 1001.88; elapsed time: 0
INFO:root:_cost_function called at: 2.54688
INFO:root:_cost_function returning 1001.88; elapsed time: 0
INFO:root:_cost_function called at: 2.54688
INFO:root:_cost_function returning 1001.88; elapsed time: 0
INFO:root:_cost_function called at: 2.54688
INFO:root:_cost_function returning 1001.88; elapsed time: 0
INFO:root:_cost_function called at: 2.54688
INFO:root:_cost_function returning 1001.88; elapsed time: 0
INFO:root:_cost_function called at: 2.54688
INFO:root:_cost_function returning 1001.88; elapsed time: 0
INFO:root:_cost_function called at: 2.54688
INFO:root:_cost_function returning 1001.88; elapsed time: 0
INFO:root:_cost_function called at: 2.54688
INFO:root:_cost_function returning 1001.88; elapsed time: 0
INFO:root:_cost_function called at: 2.54688
INFO:root:_cost_function returning 1001.88; elapsed time: 0
INFO:root:_cost_function called at: 2.54688
INFO:root:_cost_function returning 1001.88; elapsed time: 0
INFO:root:_cost_function called at: 2.54688
INFO:root:_cost_function returning 1001.88; elapsed time: 0
INFO:root:_cost_function called at: 2.54688
INFO:root:_cost_function returning 1001.88; elapsed time: 0
INFO:root:_cost_function called at: 2.54688
INFO:root:_cost_function returning 1001.88; elapsed time: 0
INFO:root:_cost_function called at: 2.54688
INFO:root:_cost_function returning 1001.88; elapsed time: 0
INFO:root:_cost_function called at: 2.54688
INFO:root:_cost_function returning 1001.88; elapsed time: 0
INFO:root:_cost_function called at: 2.54688
INFO:root:_cost_function returning 1001.88; elapsed time: 0
INFO:root:_cost_function called at: 2.54688
INFO:root:_cost_function returning 1001.88; elapsed time: 0
INFO:root:_cost_function called at: 2.54688
INFO:root:_cost_function returning 1001.88; elapsed time: 0
INFO:root:_cost_function called at: 2.54688
INFO:root:_cost_function returning 1001.88; elapsed time: 0
INFO:root:_cost_function called at: 2.54688
INFO:root:_cost_function returning 1001.88; elapsed time: 0
INFO:root:_cost_function called at: 2.54688
INFO:root:_cost_function returning 1001.88; elapsed time: 0
INFO:root:_cost_function called at: 2.54688
INFO:root:_cost_function returning 1001.88; elapsed time: 0
INFO:root:_cost_function called at: 2.54688
INFO:root:_cost_function returning 1001.88; elapsed time: 0
INFO:root:_cost_function called at: 2.54688
INFO:root:_cost_function returning 1001.88; elapsed time: 0
INFO:root:_cost_function called at: 2.54688
INFO:root:_cost_function returning 1001.88; elapsed time: 0
INFO:root:_cost_function called at: 2.54688
INFO:root:_cost_function returning 1001.88; elapsed time: 0
INFO:root:_cost_function called at: 2.54688
INFO:root:_cost_function returning 1001.88; elapsed time: 0
INFO:root:_cost_function called at: 2.54688
INFO:root:_cost_function returning 1001.88; elapsed time: 0
INFO:root:_cost_function called at: 2.54688
INFO:root:_cost_function returning 1001.88; elapsed time: 0
INFO:root:_cost_function called at: 2.54688
INFO:root:_cost_function returning 1001.88; elapsed time: 0
INFO:root:_cost_function called at: 2.54688
INFO:root:_cost_function returning 1001.88; elapsed time: 0
INFO:root:_cost_function called at: 2.54688
INFO:root:_cost_function returning 1001.88; elapsed time: 0
INFO:root:_cost_function called at: 2.54688
INFO:root:_cost_function returning 1001.88; elapsed time: 0
INFO:root:_cost_function called at: 2.54688
INFO:root:_cost_function returning 1001.88; elapsed time: 0
INFO:root:_cost_function called at: 2.54688
INFO:root:_cost_function returning 1001.88; elapsed time: 0
INFO:root:_cost_function called at: 2.54688
INFO:root:_cost_function returning 1001.88; elapsed time: 0
INFO:root:_cost_function called at: 2.54688
INFO:root:_cost_function returning 1001.88; elapsed time: 0
INFO:root:_cost_function called at: 2.54688
INFO:root:_cost_function returning 1001.88; elapsed time: 0
INFO:root:_cost_function called at: 2.54688
INFO:root:_cost_function returning 1001.88; elapsed time: 0
INFO:root:_cost_function called at: 2.54688
INFO:root:_cost_function returning 1001.88; elapsed time: 0
INFO:root:_cost_function called at: 2.54688
INFO:root:_cost_function returning 1001.88; elapsed time: 0
INFO:root:_cost_function called at: 2.54688
INFO:root:_cost_function returning 1001.88; elapsed time: 0
INFO:root:_cost_function called at: 2.54688
INFO:root:_cost_function returning 1001.88; elapsed time: 0
INFO:root:_cost_function called at: 2.54688
INFO:root:_cost_function returning 1001.88; elapsed time: 0
INFO:root:_cost_function called at: 2.54688
INFO:root:_cost_function returning 1001.88; elapsed time: 0
INFO:root:_cost_function called at: 2.54688
INFO:root:_cost_function returning 1001.88; elapsed time: 0
INFO:root:_cost_function called at: 2.54688
INFO:root:_cost_function returning 1001.88; elapsed time: 0
INFO:root:_cost_function called at: 2.54688
INFO:root:_cost_function returning 1001.88; elapsed time: 0
INFO:root:_cost_function called at: 2.54688
INFO:root:_cost_function returning 1001.88; elapsed time: 0
INFO:root:_cost_function called at: 2.54688
INFO:root:_cost_function returning 1001.88; elapsed time: 0
INFO:root:_cost_function called at: 2.54688
INFO:root:_cost_function returning 1001.88; elapsed time: 0
INFO:root:_cost_function called at: 2.5625
INFO:root:_cost_function returning 1001.88; elapsed time: 0
INFO:root:_cost_function called at: 2.5625
INFO:root:_cost_function returning 1001.88; elapsed time: 0
INFO:root:_cost_function called at: 2.5625
INFO:root:_cost_function returning 1001.88; elapsed time: 0
INFO:root:_cost_function called at: 2.5625
INFO:root:_cost_function returning 1001.88; elapsed time: 0
INFO:root:_cost_function called at: 2.5625
INFO:root:_cost_function returning 1001.88; elapsed time: 0
INFO:root:_cost_function called at: 2.5625
INFO:root:_cost_function returning 1001.88; elapsed time: 0
INFO:root:_cost_function called at: 2.5625
INFO:root:_cost_function returning 1001.88; elapsed time: 0
INFO:root:_cost_function called at: 2.5625
INFO:root:_cost_function returning 1001.88; elapsed time: 0
INFO:root:_cost_function called at: 2.5625
INFO:root:_cost_function returning 1001.88; elapsed time: 0
INFO:root:_cost_function called at: 2.5625
INFO:root:_cost_function returning 1001.88; elapsed time: 0
INFO:root:_cost_function called at: 2.5625
INFO:root:_cost_function returning 1001.88; elapsed time: 0
INFO:root:_cost_function called at: 2.5625
INFO:root:_cost_function returning 1001.88; elapsed time: 0
INFO:root:_cost_function called at: 2.5625
INFO:root:_cost_function returning 1001.88; elapsed time: 0
INFO:root:_cost_function called at: 2.5625
INFO:root:_cost_function returning 1001.88; elapsed time: 0
INFO:root:_cost_function called at: 2.5625
INFO:root:_cost_function returning 1001.88; elapsed time: 0
INFO:root:_cost_function called at: 2.5625
INFO:root:_cost_function returning 1001.88; elapsed time: 0
INFO:root:_cost_function called at: 2.5625
INFO:root:_cost_function returning 1001.88; elapsed time: 0
INFO:root:_cost_function called at: 2.5625
INFO:root:_cost_function returning 1001.88; elapsed time: 0
INFO:root:_cost_function called at: 2.5625
INFO:root:_cost_function returning 1001.88; elapsed time: 0
INFO:root:_cost_function called at: 2.5625
INFO:root:_cost_function returning 1001.88; elapsed time: 0
INFO:root:_cost_function called at: 2.5625
INFO:root:_cost_function returning 1001.88; elapsed time: 0
INFO:root:_cost_function called at: 2.5625
INFO:root:_cost_function returning 1001.88; elapsed time: 0
INFO:root:_cost_function called at: 2.5625
INFO:root:_cost_function returning 1001.88; elapsed time: 0
INFO:root:_cost_function called at: 2.5625
INFO:root:_cost_function returning 1001.88; elapsed time: 0
INFO:root:_cost_function called at: 2.5625
INFO:root:_cost_function returning 1001.88; elapsed time: 0
INFO:root:_cost_function called at: 2.5625
INFO:root:_cost_function returning 1001.88; elapsed time: 0
INFO:root:_cost_function called at: 2.5625
INFO:root:_cost_function returning 1001.88; elapsed time: 0
INFO:root:_cost_function called at: 2.5625
INFO:root:_cost_function returning 1001.88; elapsed time: 0
INFO:root:_cost_function called at: 2.5625
INFO:root:_cost_function returning 1001.88; elapsed time: 0
INFO:root:_cost_function called at: 2.5625
INFO:root:_cost_function returning 1001.88; elapsed time: 0
INFO:root:_cost_function called at: 2.5625
INFO:root:_cost_function returning 1001.88; elapsed time: 0
INFO:root:_cost_function called at: 2.5625
INFO:root:_cost_function returning 1001.88; elapsed time: 0
INFO:root:_cost_function called at: 2.5625
INFO:root:_cost_function returning 1001.88; elapsed time: 0
INFO:root:_cost_function called at: 2.5625
INFO:root:_cost_function returning 1001.88; elapsed time: 0
INFO:root:_cost_function called at: 2.5625
INFO:root:_cost_function returning 1001.88; elapsed time: 0
INFO:root:_cost_function called at: 2.5625
INFO:root:_cost_function returning 1001.88; elapsed time: 0
INFO:root:_cost_function called at: 2.5625
INFO:root:_cost_function returning 1001.88; elapsed time: 0
INFO:root:_cost_function called at: 2.5625
INFO:root:_cost_function returning 1001.88; elapsed time: 0
INFO:root:_cost_function called at: 2.5625
INFO:root:_cost_function returning 1001.88; elapsed time: 0
INFO:root:_cost_function called at: 2.5625
INFO:root:_cost_function returning 1001.88; elapsed time: 0
INFO:root:_cost_function called at: 2.5625
INFO:root:_cost_function returning 1001.88; elapsed time: 0
INFO:root:_cost_function called at: 2.5625
INFO:root:_cost_function returning 1001.88; elapsed time: 0
INFO:root:_cost_function called at: 2.5625
INFO:root:_cost_function returning 1001.88; elapsed time: 0
INFO:root:_cost_function called at: 2.5625
INFO:root:_cost_function returning 1001.88; elapsed time: 0
INFO:root:_cost_function called at: 2.5625
INFO:root:_cost_function returning 1001.88; elapsed time: 0
INFO:root:_cost_function called at: 2.5625
INFO:root:_cost_function returning 1001.88; elapsed time: 0
INFO:root:_cost_function called at: 2.5625
INFO:root:_cost_function returning 1001.88; elapsed time: 0
INFO:root:_cost_function called at: 2.5625
INFO:root:_cost_function returning 1001.88; elapsed time: 0
INFO:root:_cost_function called at: 2.5625
INFO:root:_cost_function returning 1001.88; elapsed time: 0
INFO:root:_cost_function called at: 2.5625
INFO:root:_cost_function returning 1001.88; elapsed time: 0
INFO:root:_cost_function called at: 2.5625
INFO:root:_cost_function returning 1001.88; elapsed time: 0
INFO:root:_cost_function called at: 2.5625
INFO:root:_cost_function returning 1001.88; elapsed time: 0
INFO:root:_cost_function called at: 2.5625
INFO:root:_cost_function returning 1001.88; elapsed time: 0
INFO:root:_cost_function called at: 2.5625
INFO:root:_cost_function returning 1001.88; elapsed time: 0
INFO:root:_cost_function called at: 2.5625
INFO:root:_cost_function returning 1001.88; elapsed time: 0
INFO:root:_cost_function called at: 2.5625
INFO:root:_cost_function returning 1001.88; elapsed time: 0
INFO:root:_cost_function called at: 2.5625
INFO:root:_cost_function returning 1001.88; elapsed time: 0
INFO:root:_cost_function called at: 2.5625
INFO:root:_cost_function returning 1001.88; elapsed time: 0
INFO:root:_cost_function called at: 2.5625
INFO:root:_cost_function returning 1001.88; elapsed time: 0
INFO:root:_cost_function called at: 2.5625
INFO:root:_cost_function returning 1001.88; elapsed time: 0
INFO:root:_cost_function called at: 2.5625
INFO:root:_cost_function returning 1001.88; elapsed time: 0
INFO:root:_cost_function called at: 2.5625
INFO:root:_cost_function returning 1001.88; elapsed time: 0
INFO:root:_cost_function called at: 2.5625
INFO:root:_cost_function returning 1001.88; elapsed time: 0
INFO:root:_cost_function called at: 2.5625
INFO:root:_cost_function returning 1001.88; elapsed time: 0
INFO:root:_cost_function called at: 2.5625
INFO:root:_cost_function returning 1001.88; elapsed time: 0
INFO:root:_cost_function called at: 2.5625
INFO:root:_cost_function returning 1001.88; elapsed time: 0
INFO:root:_cost_function called at: 2.5625
INFO:root:_cost_function returning 1001.88; elapsed time: 0
INFO:root:_cost_function called at: 2.5625
INFO:root:_cost_function returning 1001.88; elapsed time: 0
INFO:root:_cost_function called at: 2.5625
INFO:root:_cost_function returning 1001.88; elapsed time: 0
INFO:root:_cost_function called at: 2.5625
INFO:root:_cost_function returning 1001.88; elapsed time: 0
INFO:root:_cost_function called at: 2.5625
INFO:root:_cost_function returning 1001.88; elapsed time: 0
INFO:root:_cost_function called at: 2.5625
INFO:root:_cost_function returning 1001.88; elapsed time: 0
INFO:root:_cost_function called at: 2.5625
INFO:root:_cost_function returning 1001.88; elapsed time: 0
INFO:root:_cost_function called at: 2.5625
INFO:root:_cost_function returning 1001.88; elapsed time: 0
INFO:root:_cost_function called at: 2.5625
INFO:root:_cost_function returning 1001.88; elapsed time: 0
INFO:root:_cost_function called at: 2.5625
INFO:root:_cost_function returning 1001.88; elapsed time: 0
INFO:root:_cost_function called at: 2.5625
INFO:root:_cost_function returning 1001.88; elapsed time: 0
INFO:root:_cost_function called at: 2.5625
INFO:root:_cost_function returning 1001.88; elapsed time: 0
INFO:root:_cost_function called at: 2.5625
INFO:root:_cost_function returning 1001.88; elapsed time: 0
INFO:root:_cost_function called at: 2.5625
INFO:root:_cost_function returning 1001.88; elapsed time: 0
INFO:root:_cost_function called at: 2.5625
INFO:root:_cost_function returning 1001.88; elapsed time: 0
INFO:root:_cost_function called at: 2.5625
INFO:root:_cost_function returning 1001.88; elapsed time: 0
INFO:root:_cost_function called at: 2.5625
INFO:root:_cost_function returning 1001.88; elapsed time: 0
INFO:root:_cost_function called at: 2.5625
INFO:root:_cost_function returning 1001.88; elapsed time: 0
INFO:root:_cost_function called at: 2.5625
INFO:root:_cost_function returning 1001.88; elapsed time: 0
INFO:root:_cost_function called at: 2.5625
INFO:root:_cost_function returning 1001.88; elapsed time: 0
INFO:root:_cost_function called at: 2.5625
INFO:root:_cost_function returning 1001.88; elapsed time: 0
INFO:root:_cost_function called at: 2.5625
INFO:root:_cost_function returning 1001.88; elapsed time: 0
INFO:root:_cost_function called at: 2.5625
INFO:root:_cost_function returning 1001.88; elapsed time: 0
INFO:root:_cost_function called at: 2.5625
INFO:root:_cost_function returning 1001.88; elapsed time: 0.015625
INFO:root:_cost_function called at: 2.57812
INFO:root:_cost_function returning 1001.88; elapsed time: 0
INFO:root:_cost_function called at: 2.57812
INFO:root:_cost_function returning 1001.88; elapsed time: 0
INFO:root:_cost_function called at: 2.57812
INFO:root:_cost_function returning 1001.88; elapsed time: 0
INFO:root:_cost_function called at: 2.57812
INFO:root:_cost_function returning 1001.88; elapsed time: 0
INFO:root:_cost_function called at: 2.57812
INFO:root:_cost_function returning 1001.88; elapsed time: 0
INFO:root:_cost_function called at: 2.57812
INFO:root:_cost_function returning 1001.88; elapsed time: 0
INFO:root:_cost_function called at: 2.57812
INFO:root:_cost_function returning 1001.88; elapsed time: 0
INFO:root:_cost_function called at: 2.57812
INFO:root:_cost_function returning 1001.88; elapsed time: 0
INFO:root:_cost_function called at: 2.57812
INFO:root:_cost_function returning 1001.88; elapsed time: 0
INFO:root:_cost_function called at: 2.57812
INFO:root:_cost_function returning 1001.88; elapsed time: 0
INFO:root:_cost_function called at: 2.57812
INFO:root:_cost_function returning 1001.88; elapsed time: 0
INFO:root:_cost_function called at: 2.57812
INFO:root:_cost_function returning 1001.88; elapsed time: 0
INFO:root:_cost_function called at: 2.57812
INFO:root:_cost_function returning 1001.88; elapsed time: 0
INFO:root:_cost_function called at: 2.57812
INFO:root:_cost_function returning 1001.88; elapsed time: 0
INFO:root:_cost_function called at: 2.57812
INFO:root:_cost_function returning 1001.88; elapsed time: 0
INFO:root:_cost_function called at: 2.57812
INFO:root:_cost_function returning 1001.88; elapsed time: 0
INFO:root:_cost_function called at: 2.57812
INFO:root:_cost_function returning 1001.88; elapsed time: 0
INFO:root:_cost_function called at: 2.57812
INFO:root:_cost_function returning 1001.88; elapsed time: 0
INFO:root:_cost_function called at: 2.57812
INFO:root:_cost_function returning 1001.88; elapsed time: 0
INFO:root:_cost_function called at: 2.57812
INFO:root:_cost_function returning 1001.88; elapsed time: 0
INFO:root:_cost_function called at: 2.57812
INFO:root:_cost_function returning 1001.88; elapsed time: 0
INFO:root:_cost_function called at: 2.57812
INFO:root:_cost_function returning 1001.88; elapsed time: 0
INFO:root:_cost_function called at: 2.57812
INFO:root:_cost_function returning 1001.88; elapsed time: 0
INFO:root:_cost_function called at: 2.57812
INFO:root:_cost_function returning 1001.88; elapsed time: 0
INFO:root:_cost_function called at: 2.57812
INFO:root:_cost_function returning 1001.88; elapsed time: 0
INFO:root:_cost_function called at: 2.57812
INFO:root:_cost_function returning 1001.88; elapsed time: 0
INFO:root:_cost_function called at: 2.57812
INFO:root:_cost_function returning 1001.88; elapsed time: 0
INFO:root:_cost_function called at: 2.57812
INFO:root:_cost_function returning 1001.88; elapsed time: 0
INFO:root:_cost_function called at: 2.57812
INFO:root:_cost_function returning 1001.88; elapsed time: 0
INFO:root:_cost_function called at: 2.57812
INFO:root:_cost_function returning 1001.88; elapsed time: 0
INFO:root:_cost_function called at: 2.57812
INFO:root:_cost_function returning 1001.88; elapsed time: 0
INFO:root:_cost_function called at: 2.57812
INFO:root:_cost_function returning 1001.88; elapsed time: 0
INFO:root:_cost_function called at: 2.57812
INFO:root:_cost_function returning 1001.88; elapsed time: 0
INFO:root:_cost_function called at: 2.57812
INFO:root:_cost_function returning 1001.88; elapsed time: 0
INFO:root:_cost_function called at: 2.57812
INFO:root:_cost_function returning 1001.88; elapsed time: 0.015625
INFO:root:_cost_function called at: 2.59375
INFO:root:_cost_function returning 1001.88; elapsed time: 0
INFO:root:_cost_function called at: 2.59375
INFO:root:_cost_function returning 1001.88; elapsed time: 0
INFO:root:_cost_function called at: 2.59375
INFO:root:_cost_function returning 1001.88; elapsed time: 0
INFO:root:_cost_function called at: 2.59375
INFO:root:_cost_function returning 1001.88; elapsed time: 0
INFO:root:_cost_function called at: 2.59375
INFO:root:_cost_function returning 1001.88; elapsed time: 0
INFO:root:_cost_function called at: 2.59375
INFO:root:_cost_function returning 1001.88; elapsed time: 0
INFO:root:_cost_function called at: 2.59375
INFO:root:_cost_function returning 1001.88; elapsed time: 0
INFO:root:_cost_function called at: 2.59375
INFO:root:_cost_function returning 1001.88; elapsed time: 0
INFO:root:_cost_function called at: 2.59375
INFO:root:_cost_function returning 1001.88; elapsed time: 0
INFO:root:_cost_function called at: 2.59375
INFO:root:_cost_function returning 1001.88; elapsed time: 0
INFO:root:_cost_function called at: 2.59375
INFO:root:_cost_function returning 1001.88; elapsed time: 0
INFO:root:_cost_function called at: 2.59375
INFO:root:_cost_function returning 1001.88; elapsed time: 0
INFO:root:_cost_function called at: 2.59375
INFO:root:_cost_function returning 1001.88; elapsed time: 0
INFO:root:_cost_function called at: 2.59375
INFO:root:_cost_function returning 1001.88; elapsed time: 0
INFO:root:_cost_function called at: 2.59375
INFO:root:_cost_function returning 1001.88; elapsed time: 0
INFO:root:_cost_function called at: 2.59375
INFO:root:_cost_function returning 1001.88; elapsed time: 0
INFO:root:_cost_function called at: 2.59375
INFO:root:_cost_function returning 1001.88; elapsed time: 0
INFO:root:_cost_function called at: 2.59375
INFO:root:_cost_function returning 1001.88; elapsed time: 0
INFO:root:_cost_function called at: 2.59375
INFO:root:_cost_function returning 1001.88; elapsed time: 0
INFO:root:_cost_function called at: 2.59375
INFO:root:_cost_function returning 1001.88; elapsed time: 0
INFO:root:_cost_function called at: 2.59375
INFO:root:_cost_function returning 1001.88; elapsed time: 0
INFO:root:_cost_function called at: 2.59375
INFO:root:_cost_function returning 1001.88; elapsed time: 0
INFO:root:_cost_function called at: 2.59375
INFO:root:_cost_function returning 1001.88; elapsed time: 0
INFO:root:_cost_function called at: 2.59375
INFO:root:_cost_function returning 1001.88; elapsed time: 0
INFO:root:_cost_function called at: 2.59375
INFO:root:_cost_function returning 1001.88; elapsed time: 0
INFO:root:_cost_function called at: 2.59375
INFO:root:_cost_function returning 1001.88; elapsed time: 0
INFO:root:_cost_function called at: 2.59375
INFO:root:_cost_function returning 1001.88; elapsed time: 0
INFO:root:_cost_function called at: 2.59375
INFO:root:_cost_function returning 1001.88; elapsed time: 0
INFO:root:_cost_function called at: 2.59375
INFO:root:_cost_function returning 1001.88; elapsed time: 0
INFO:root:_cost_function called at: 2.59375
INFO:root:_cost_function returning 1001.88; elapsed time: 0
INFO:root:_cost_function called at: 2.59375
INFO:root:_cost_function returning 1001.88; elapsed time: 0
INFO:root:_cost_function called at: 2.59375
INFO:root:_cost_function returning 1001.88; elapsed time: 0
INFO:root:_cost_function called at: 2.59375
INFO:root:_cost_function returning 1001.88; elapsed time: 0
INFO:root:_cost_function called at: 2.59375
INFO:root:_cost_function returning 1001.88; elapsed time: 0
INFO:root:_cost_function called at: 2.59375
INFO:root:_cost_function returning 1001.88; elapsed time: 0
INFO:root:_cost_function called at: 2.59375
INFO:root:_cost_function returning 1001.88; elapsed time: 0
INFO:root:_cost_function called at: 2.59375
INFO:root:_cost_function returning 1001.88; elapsed time: 0
INFO:root:_cost_function called at: 2.59375
INFO:root:_cost_function returning 1001.88; elapsed time: 0
INFO:root:_cost_function called at: 2.59375
INFO:root:_cost_function returning 1001.88; elapsed time: 0
INFO:root:_cost_function called at: 2.59375
INFO:root:_cost_function returning 1001.88; elapsed time: 0
INFO:root:_cost_function called at: 2.59375
INFO:root:_cost_function returning 1001.88; elapsed time: 0
INFO:root:_cost_function called at: 2.59375
INFO:root:_cost_function returning 1001.88; elapsed time: 0
INFO:root:_cost_function called at: 2.59375
INFO:root:_cost_function returning 1001.88; elapsed time: 0
INFO:root:_cost_function called at: 2.59375
INFO:root:_cost_function returning 1001.88; elapsed time: 0
INFO:root:_cost_function called at: 2.59375
INFO:root:_cost_function returning 1001.88; elapsed time: 0
INFO:root:_cost_function called at: 2.59375
INFO:root:_cost_function returning 1001.88; elapsed time: 0
INFO:root:_cost_function called at: 2.59375
INFO:root:_cost_function returning 1001.88; elapsed time: 0
INFO:root:_cost_function called at: 2.59375
INFO:root:_cost_function returning 1001.88; elapsed time: 0
INFO:root:_cost_function called at: 2.59375
INFO:root:_cost_function returning 1001.88; elapsed time: 0
INFO:root:_cost_function called at: 2.59375
INFO:root:_cost_function returning 1001.88; elapsed time: 0
INFO:root:_cost_function called at: 2.59375
INFO:root:_cost_function returning 1001.88; elapsed time: 0
INFO:root:_cost_function called at: 2.59375
INFO:root:_cost_function returning 1001.88; elapsed time: 0
INFO:root:_cost_function called at: 2.59375
INFO:root:_cost_function returning 1001.88; elapsed time: 0
INFO:root:_cost_function called at: 2.59375
INFO:root:_cost_function returning 1001.88; elapsed time: 0
INFO:root:_cost_function called at: 2.59375
INFO:root:_cost_function returning 1001.88; elapsed time: 0
INFO:root:_cost_function called at: 2.59375
INFO:root:_cost_function returning 1001.88; elapsed time: 0
INFO:root:_cost_function called at: 2.59375
INFO:root:_cost_function returning 1001.88; elapsed time: 0
INFO:root:_cost_function called at: 2.59375
INFO:root:_cost_function returning 1001.88; elapsed time: 0
INFO:root:_cost_function called at: 2.59375
INFO:root:_cost_function returning 1001.88; elapsed time: 0
INFO:root:_cost_function called at: 2.59375
INFO:root:_cost_function returning 1001.88; elapsed time: 0
INFO:root:_cost_function called at: 2.59375
INFO:root:_cost_function returning 1001.88; elapsed time: 0
INFO:root:_cost_function called at: 2.59375
INFO:root:_cost_function returning 1001.88; elapsed time: 0
INFO:root:_cost_function called at: 2.59375
INFO:root:_cost_function returning 1001.88; elapsed time: 0
INFO:root:_cost_function called at: 2.59375
INFO:root:_cost_function returning 1001.88; elapsed time: 0
INFO:root:_cost_function called at: 2.59375
INFO:root:_cost_function returning 1001.88; elapsed time: 0
INFO:root:_cost_function called at: 2.59375
INFO:root:_cost_function returning 1001.88; elapsed time: 0
INFO:root:_cost_function called at: 2.59375
INFO:root:_cost_function returning 1001.88; elapsed time: 0
INFO:root:_cost_function called at: 2.59375
INFO:root:_cost_function returning 1001.88; elapsed time: 0
INFO:root:_cost_function called at: 2.59375
INFO:root:_cost_function returning 1001.88; elapsed time: 0
INFO:root:_cost_function called at: 2.59375
INFO:root:_cost_function returning 1001.88; elapsed time: 0
INFO:root:_cost_function called at: 2.59375
INFO:root:_cost_function returning 1001.88; elapsed time: 0
INFO:root:_cost_function called at: 2.59375
INFO:root:_cost_function returning 1001.88; elapsed time: 0
INFO:root:_cost_function called at: 2.59375
INFO:root:_cost_function returning 1001.88; elapsed time: 0
INFO:root:_cost_function called at: 2.59375
INFO:root:_cost_function returning 1001.88; elapsed time: 0
INFO:root:_cost_function called at: 2.59375
INFO:root:_cost_function returning 1001.88; elapsed time: 0
INFO:root:_cost_function called at: 2.59375
INFO:root:_cost_function returning 1001.88; elapsed time: 0
INFO:root:_cost_function called at: 2.59375
INFO:root:_cost_function returning 1001.88; elapsed time: 0
INFO:root:_cost_function called at: 2.60938
INFO:root:_cost_function returning 1001.88; elapsed time: 0
INFO:root:_cost_function called at: 2.60938
INFO:root:_cost_function returning 1001.88; elapsed time: 0
INFO:root:_cost_function called at: 2.60938
INFO:root:_cost_function returning 1001.88; elapsed time: 0
INFO:root:_cost_function called at: 2.60938
INFO:root:_cost_function returning 1001.88; elapsed time: 0
INFO:root:_cost_function called at: 2.60938
INFO:root:_cost_function returning 1001.88; elapsed time: 0
INFO:root:_cost_function called at: 2.60938
INFO:root:_cost_function returning 1001.88; elapsed time: 0
INFO:root:_cost_function called at: 2.60938
INFO:root:_cost_function returning 1001.88; elapsed time: 0
INFO:root:_cost_function called at: 2.60938
INFO:root:_cost_function returning 1001.88; elapsed time: 0
INFO:root:_cost_function called at: 2.60938
INFO:root:_cost_function returning 1001.88; elapsed time: 0
INFO:root:_cost_function called at: 2.60938
INFO:root:_cost_function returning 1001.88; elapsed time: 0
INFO:root:_cost_function called at: 2.60938
INFO:root:_cost_function returning 1001.88; elapsed time: 0
INFO:root:_cost_function called at: 2.60938
INFO:root:_cost_function returning 1001.88; elapsed time: 0
INFO:root:_cost_function called at: 2.60938
INFO:root:_cost_function returning 1001.88; elapsed time: 0
INFO:root:_cost_function called at: 2.60938
INFO:root:_cost_function returning 1001.88; elapsed time: 0
INFO:root:_cost_function called at: 2.60938
INFO:root:_cost_function returning 1001.88; elapsed time: 0
INFO:root:_cost_function called at: 2.60938
INFO:root:_cost_function returning 1001.88; elapsed time: 0
INFO:root:_cost_function called at: 2.60938
INFO:root:_cost_function returning 1001.88; elapsed time: 0
INFO:root:_cost_function called at: 2.60938
INFO:root:_cost_function returning 1001.88; elapsed time: 0
INFO:root:_cost_function called at: 2.60938
INFO:root:_cost_function returning 1001.88; elapsed time: 0
INFO:root:_cost_function called at: 2.60938
INFO:root:_cost_function returning 1001.88; elapsed time: 0
INFO:root:_cost_function called at: 2.60938
INFO:root:_cost_function returning 1001.88; elapsed time: 0
INFO:root:_cost_function called at: 2.60938
INFO:root:_cost_function returning 1001.88; elapsed time: 0
INFO:root:_cost_function called at: 2.60938
INFO:root:_cost_function returning 1001.88; elapsed time: 0
INFO:root:_cost_function called at: 2.60938
INFO:root:_cost_function returning 1001.88; elapsed time: 0
INFO:root:_cost_function called at: 2.60938
INFO:root:_cost_function returning 1001.88; elapsed time: 0
INFO:root:_cost_function called at: 2.60938
INFO:root:_cost_function returning 1001.88; elapsed time: 0
INFO:root:_cost_function called at: 2.60938
INFO:root:_cost_function returning 1001.88; elapsed time: 0
INFO:root:_cost_function called at: 2.60938
INFO:root:_cost_function returning 1001.88; elapsed time: 0
INFO:root:_cost_function called at: 2.60938
INFO:root:_cost_function returning 1001.88; elapsed time: 0
INFO:root:_cost_function called at: 2.60938
INFO:root:_cost_function returning 1001.88; elapsed time: 0
INFO:root:_cost_function called at: 2.60938
INFO:root:_cost_function returning 1001.88; elapsed time: 0
INFO:root:_cost_function called at: 2.60938
INFO:root:_cost_function returning 1001.88; elapsed time: 0
INFO:root:_cost_function called at: 2.60938
INFO:root:_cost_function returning 1001.88; elapsed time: 0
INFO:root:_cost_function called at: 2.60938
INFO:root:_cost_function returning 1001.88; elapsed time: 0
INFO:root:_cost_function called at: 2.60938
INFO:root:_cost_function returning 1001.88; elapsed time: 0
INFO:root:_cost_function called at: 2.60938
INFO:root:_cost_function returning 1001.88; elapsed time: 0
INFO:root:_cost_function called at: 2.60938
INFO:root:_cost_function returning 1001.88; elapsed time: 0
INFO:root:_cost_function called at: 2.60938
INFO:root:_cost_function returning 1001.88; elapsed time: 0
INFO:root:_cost_function called at: 2.60938
INFO:root:_cost_function returning 1001.88; elapsed time: 0
INFO:root:_cost_function called at: 2.60938
INFO:root:_cost_function returning 1001.88; elapsed time: 0
INFO:root:_cost_function called at: 2.60938
INFO:root:_cost_function returning 1001.88; elapsed time: 0
INFO:root:_cost_function called at: 2.60938
INFO:root:_cost_function returning 1001.88; elapsed time: 0
INFO:root:_cost_function called at: 2.60938
INFO:root:_cost_function returning 1001.88; elapsed time: 0
INFO:root:_cost_function called at: 2.60938
INFO:root:_cost_function returning 1001.88; elapsed time: 0
INFO:root:_cost_function called at: 2.60938
INFO:root:_cost_function returning 1001.88; elapsed time: 0
INFO:root:_cost_function called at: 2.60938
INFO:root:_cost_function returning 1001.88; elapsed time: 0
INFO:root:_cost_function called at: 2.60938
INFO:root:_cost_function returning 1001.88; elapsed time: 0
INFO:root:_cost_function called at: 2.60938
INFO:root:_cost_function returning 1001.88; elapsed time: 0
INFO:root:_cost_function called at: 2.60938
INFO:root:_cost_function returning 1001.88; elapsed time: 0
INFO:root:_cost_function called at: 2.60938
INFO:root:_cost_function returning 1001.88; elapsed time: 0
INFO:root:_cost_function called at: 2.60938
INFO:root:_cost_function returning 1001.88; elapsed time: 0
INFO:root:_cost_function called at: 2.60938
INFO:root:_cost_function returning 1001.88; elapsed time: 0
INFO:root:_cost_function called at: 2.60938
INFO:root:_cost_function returning 1001.88; elapsed time: 0
INFO:root:_cost_function called at: 2.60938
INFO:root:_cost_function returning 1001.88; elapsed time: 0
INFO:root:_cost_function called at: 2.60938
INFO:root:_cost_function returning 1001.88; elapsed time: 0
INFO:root:_cost_function called at: 2.60938
INFO:root:_cost_function returning 1001.88; elapsed time: 0
INFO:root:_cost_function called at: 2.60938
INFO:root:_cost_function returning 1001.88; elapsed time: 0
INFO:root:_cost_function called at: 2.60938
INFO:root:_cost_function returning 1001.88; elapsed time: 0
INFO:root:_cost_function called at: 2.60938
INFO:root:_cost_function returning 1001.88; elapsed time: 0
INFO:root:_cost_function called at: 2.60938
INFO:root:_cost_function returning 1001.88; elapsed time: 0
INFO:root:_cost_function called at: 2.60938
INFO:root:_cost_function returning 1001.88; elapsed time: 0
INFO:root:_cost_function called at: 2.60938
INFO:root:_cost_function returning 1001.88; elapsed time: 0
INFO:root:_cost_function called at: 2.60938
INFO:root:_cost_function returning 1001.88; elapsed time: 0
INFO:root:_cost_function called at: 2.60938
INFO:root:_cost_function returning 1001.88; elapsed time: 0
INFO:root:_cost_function called at: 2.60938
INFO:root:_cost_function returning 1001.88; elapsed time: 0
INFO:root:_cost_function called at: 2.60938
INFO:root:_cost_function returning 1001.88; elapsed time: 0
INFO:root:_cost_function called at: 2.60938
INFO:root:_cost_function returning 1001.88; elapsed time: 0
INFO:root:_cost_function called at: 2.60938
INFO:root:_cost_function returning 1001.88; elapsed time: 0
INFO:root:_cost_function called at: 2.60938
INFO:root:_cost_function returning 1001.88; elapsed time: 0.015625
INFO:root:_cost_function called at: 2.625
INFO:root:_cost_function returning 1001.88; elapsed time: 0
INFO:root:_cost_function called at: 2.625
INFO:root:_cost_function returning 1001.88; elapsed time: 0
INFO:root:_cost_function called at: 2.625
INFO:root:_cost_function returning 1001.88; elapsed time: 0
INFO:root:_cost_function called at: 2.625
INFO:root:_cost_function returning 1001.88; elapsed time: 0
INFO:root:_cost_function called at: 2.625
INFO:root:_cost_function returning 1001.88; elapsed time: 0
INFO:root:_cost_function called at: 2.625
INFO:root:_cost_function returning 1001.88; elapsed time: 0
INFO:root:_cost_function called at: 2.625
INFO:root:_cost_function returning 1001.88; elapsed time: 0
INFO:root:_cost_function called at: 2.625
INFO:root:_cost_function returning 1001.88; elapsed time: 0
INFO:root:_cost_function called at: 2.625
INFO:root:_cost_function returning 1001.88; elapsed time: 0
INFO:root:_cost_function called at: 2.625
INFO:root:_cost_function returning 1001.88; elapsed time: 0
INFO:root:_cost_function called at: 2.625
INFO:root:_cost_function returning 1001.88; elapsed time: 0
INFO:root:_cost_function called at: 2.625
INFO:root:_cost_function returning 1001.88; elapsed time: 0
INFO:root:_cost_function called at: 2.625
INFO:root:_cost_function returning 1001.88; elapsed time: 0
INFO:root:_cost_function called at: 2.625
INFO:root:_cost_function returning 1001.88; elapsed time: 0
INFO:root:_cost_function called at: 2.625
INFO:root:_cost_function returning 1001.88; elapsed time: 0
INFO:root:_cost_function called at: 2.625
INFO:root:_cost_function returning 1001.88; elapsed time: 0
INFO:root:_cost_function called at: 2.625
INFO:root:_cost_function returning 1001.88; elapsed time: 0
INFO:root:_cost_function called at: 2.625
INFO:root:_cost_function returning 1001.88; elapsed time: 0
INFO:root:_cost_function called at: 2.625
INFO:root:_cost_function returning 1001.88; elapsed time: 0
INFO:root:_cost_function called at: 2.625
INFO:root:_cost_function returning 1001.88; elapsed time: 0
INFO:root:_cost_function called at: 2.625
INFO:root:_cost_function returning 1001.88; elapsed time: 0
INFO:root:_cost_function called at: 2.625
INFO:root:_cost_function returning 1001.88; elapsed time: 0
INFO:root:_cost_function called at: 2.625
INFO:root:_cost_function returning 1001.88; elapsed time: 0
INFO:root:_cost_function called at: 2.625
INFO:root:_cost_function returning 1001.88; elapsed time: 0
INFO:root:_cost_function called at: 2.625
INFO:root:_cost_function returning 1001.88; elapsed time: 0
INFO:root:_cost_function called at: 2.625
INFO:root:_cost_function returning 1001.88; elapsed time: 0
INFO:root:_cost_function called at: 2.625
INFO:root:_cost_function returning 1001.88; elapsed time: 0
INFO:root:_cost_function called at: 2.625
INFO:root:_cost_function returning 1001.88; elapsed time: 0
INFO:root:_cost_function called at: 2.625
INFO:root:_cost_function returning 1001.88; elapsed time: 0
INFO:root:_cost_function called at: 2.625
INFO:root:_cost_function returning 1001.88; elapsed time: 0
INFO:root:_cost_function called at: 2.625
INFO:root:_cost_function returning 1001.88; elapsed time: 0
INFO:root:_cost_function called at: 2.625
INFO:root:_cost_function returning 1001.88; elapsed time: 0
INFO:root:_cost_function called at: 2.625
INFO:root:_cost_function returning 1001.88; elapsed time: 0
INFO:root:_cost_function called at: 2.625
INFO:root:_cost_function returning 1001.88; elapsed time: 0
INFO:root:_cost_function called at: 2.625
INFO:root:_cost_function returning 1001.88; elapsed time: 0
INFO:root:_cost_function called at: 2.625
INFO:root:_cost_function returning 1001.88; elapsed time: 0
INFO:root:_cost_function called at: 2.625
INFO:root:_cost_function returning 1001.88; elapsed time: 0
INFO:root:_cost_function called at: 2.625
INFO:root:_cost_function returning 1001.88; elapsed time: 0
INFO:root:_cost_function called at: 2.625
INFO:root:_cost_function returning 1001.88; elapsed time: 0
INFO:root:_cost_function called at: 2.625
INFO:root:_cost_function returning 1001.88; elapsed time: 0
INFO:root:_cost_function called at: 2.625
INFO:root:_cost_function returning 1001.88; elapsed time: 0
INFO:root:_cost_function called at: 2.625
INFO:root:_cost_function returning 1001.88; elapsed time: 0
INFO:root:_cost_function called at: 2.625
INFO:root:_cost_function returning 1001.88; elapsed time: 0
INFO:root:_cost_function called at: 2.625
INFO:root:_cost_function returning 1001.88; elapsed time: 0
INFO:root:_cost_function called at: 2.625
INFO:root:_cost_function returning 1001.88; elapsed time: 0
INFO:root:_cost_function called at: 2.625
INFO:root:_cost_function returning 1001.88; elapsed time: 0
INFO:root:_cost_function called at: 2.625
INFO:root:_cost_function returning 1001.88; elapsed time: 0
INFO:root:_cost_function called at: 2.625
INFO:root:_cost_function returning 1001.88; elapsed time: 0
INFO:root:_cost_function called at: 2.625
INFO:root:_cost_function returning 1001.88; elapsed time: 0
INFO:root:_cost_function called at: 2.625
INFO:root:_cost_function returning 1001.88; elapsed time: 0
INFO:root:_cost_function called at: 2.625
INFO:root:_cost_function returning 1001.88; elapsed time: 0
INFO:root:_cost_function called at: 2.625
INFO:root:_cost_function returning 1001.88; elapsed time: 0
INFO:root:_cost_function called at: 2.625
INFO:root:_cost_function returning 1001.88; elapsed time: 0
INFO:root:_cost_function called at: 2.625
INFO:root:_cost_function returning 1001.88; elapsed time: 0
INFO:root:_cost_function called at: 2.625
INFO:root:_cost_function returning 1001.88; elapsed time: 0
INFO:root:_cost_function called at: 2.625
INFO:root:_cost_function returning 1001.88; elapsed time: 0.015625
INFO:root:_cost_function called at: 2.64062
INFO:root:_cost_function returning 1001.88; elapsed time: 0
INFO:root:_cost_function called at: 2.64062
INFO:root:_cost_function returning 1001.88; elapsed time: 0
INFO:root:_cost_function called at: 2.64062
INFO:root:_cost_function returning 1001.88; elapsed time: 0
INFO:root:_cost_function called at: 2.64062
INFO:root:_cost_function returning 1001.88; elapsed time: 0
INFO:root:_cost_function called at: 2.64062
INFO:root:_cost_function returning 1001.88; elapsed time: 0
INFO:root:_cost_function called at: 2.64062
INFO:root:_cost_function returning 1001.88; elapsed time: 0
INFO:root:_cost_function called at: 2.64062
INFO:root:_cost_function returning 1001.88; elapsed time: 0
INFO:root:_cost_function called at: 2.64062
INFO:root:_cost_function returning 1001.88; elapsed time: 0
INFO:root:_cost_function called at: 2.64062
INFO:root:_cost_function returning 1001.88; elapsed time: 0
INFO:root:_cost_function called at: 2.64062
INFO:root:_cost_function returning 1001.88; elapsed time: 0
INFO:root:_cost_function called at: 2.64062
INFO:root:_cost_function returning 1001.88; elapsed time: 0
INFO:root:_cost_function called at: 2.64062
INFO:root:_cost_function returning 1001.88; elapsed time: 0
INFO:root:_cost_function called at: 2.64062
INFO:root:_cost_function returning 1001.88; elapsed time: 0
INFO:root:_cost_function called at: 2.64062
INFO:root:_cost_function returning 1001.88; elapsed time: 0
INFO:root:_cost_function called at: 2.64062
INFO:root:_cost_function returning 1001.88; elapsed time: 0
INFO:root:_cost_function called at: 2.64062
INFO:root:_cost_function returning 1001.88; elapsed time: 0
INFO:root:_cost_function called at: 2.64062
INFO:root:_cost_function returning 1001.88; elapsed time: 0
INFO:root:_cost_function called at: 2.64062
INFO:root:_cost_function returning 1001.88; elapsed time: 0
INFO:root:_cost_function called at: 2.64062
INFO:root:_cost_function returning 1001.88; elapsed time: 0
INFO:root:_cost_function called at: 2.64062
INFO:root:_cost_function returning 1001.88; elapsed time: 0
INFO:root:_cost_function called at: 2.64062
INFO:root:_cost_function returning 1001.88; elapsed time: 0
INFO:root:_cost_function called at: 2.64062
INFO:root:_cost_function returning 1001.88; elapsed time: 0
INFO:root:_cost_function called at: 2.64062
INFO:root:_cost_function returning 1001.88; elapsed time: 0
INFO:root:_cost_function called at: 2.64062
INFO:root:_cost_function returning 1001.88; elapsed time: 0
INFO:root:_cost_function called at: 2.64062
INFO:root:_cost_function returning 1001.88; elapsed time: 0
INFO:root:_cost_function called at: 2.64062
INFO:root:_cost_function returning 1001.88; elapsed time: 0
INFO:root:_cost_function called at: 2.64062
INFO:root:_cost_function returning 1001.88; elapsed time: 0
INFO:root:_cost_function called at: 2.64062
INFO:root:_cost_function returning 1001.88; elapsed time: 0
INFO:root:_cost_function called at: 2.64062
INFO:root:_cost_function returning 1001.88; elapsed time: 0
INFO:root:_cost_function called at: 2.64062
INFO:root:_cost_function returning 1001.88; elapsed time: 0
INFO:root:_cost_function called at: 2.64062
INFO:root:_cost_function returning 1001.88; elapsed time: 0
INFO:root:_cost_function called at: 2.64062
INFO:root:_cost_function returning 1001.88; elapsed time: 0
INFO:root:_cost_function called at: 2.64062
INFO:root:_cost_function returning 1001.88; elapsed time: 0
INFO:root:_cost_function called at: 2.64062
INFO:root:_cost_function returning 1001.88; elapsed time: 0
INFO:root:_cost_function called at: 2.64062
INFO:root:_cost_function returning 1001.88; elapsed time: 0
INFO:root:_cost_function called at: 2.64062
INFO:root:_cost_function returning 1001.88; elapsed time: 0
INFO:root:_cost_function called at: 2.64062
INFO:root:_cost_function returning 1001.88; elapsed time: 0
INFO:root:_cost_function called at: 2.64062
INFO:root:_cost_function returning 1001.88; elapsed time: 0
INFO:root:_cost_function called at: 2.64062
INFO:root:_cost_function returning 1001.88; elapsed time: 0
INFO:root:_cost_function called at: 2.64062
INFO:root:_cost_function returning 1001.88; elapsed time: 0
INFO:root:_cost_function called at: 2.64062
INFO:root:_cost_function returning 1001.88; elapsed time: 0
INFO:root:_cost_function called at: 2.64062
INFO:root:_cost_function returning 1001.88; elapsed time: 0
INFO:root:_cost_function called at: 2.64062
INFO:root:_cost_function returning 1001.88; elapsed time: 0
INFO:root:_cost_function called at: 2.64062
INFO:root:_cost_function returning 1001.88; elapsed time: 0
INFO:root:_cost_function called at: 2.64062
INFO:root:_cost_function returning 1001.88; elapsed time: 0
INFO:root:_cost_function called at: 2.64062
INFO:root:_cost_function returning 1001.88; elapsed time: 0
INFO:root:_cost_function called at: 2.64062
INFO:root:_cost_function returning 1001.88; elapsed time: 0
INFO:root:_cost_function called at: 2.64062
INFO:root:_cost_function returning 1001.88; elapsed time: 0
INFO:root:_cost_function called at: 2.64062
INFO:root:_cost_function returning 1001.88; elapsed time: 0
INFO:root:_cost_function called at: 2.64062
INFO:root:_cost_function returning 1001.88; elapsed time: 0
INFO:root:_cost_function called at: 2.64062
INFO:root:_cost_function returning 1001.88; elapsed time: 0
INFO:root:_cost_function called at: 2.64062
INFO:root:_cost_function returning 1001.88; elapsed time: 0
INFO:root:_cost_function called at: 2.64062
INFO:root:_cost_function returning 1001.88; elapsed time: 0
INFO:root:_cost_function called at: 2.64062
INFO:root:_cost_function returning 1001.88; elapsed time: 0
INFO:root:_cost_function called at: 2.64062
INFO:root:_cost_function returning 1001.88; elapsed time: 0
INFO:root:_cost_function called at: 2.64062
INFO:root:_cost_function returning 1001.88; elapsed time: 0
INFO:root:_cost_function called at: 2.64062
INFO:root:_cost_function returning 1001.88; elapsed time: 0
INFO:root:_cost_function called at: 2.64062
INFO:root:_cost_function returning 1001.88; elapsed time: 0
INFO:root:_cost_function called at: 2.64062
INFO:root:_cost_function returning 1001.88; elapsed time: 0
INFO:root:_cost_function called at: 2.64062
INFO:root:_cost_function returning 1001.88; elapsed time: 0
INFO:root:_cost_function called at: 2.64062
INFO:root:_cost_function returning 1001.88; elapsed time: 0
INFO:root:_cost_function called at: 2.64062
INFO:root:_cost_function returning 1001.88; elapsed time: 0
INFO:root:_cost_function called at: 2.64062
INFO:root:_cost_function returning 1001.88; elapsed time: 0
INFO:root:_cost_function called at: 2.64062
INFO:root:_cost_function returning 1001.88; elapsed time: 0
INFO:root:_cost_function called at: 2.64062
INFO:root:_cost_function returning 1001.88; elapsed time: 0
INFO:root:_cost_function called at: 2.64062
INFO:root:_cost_function returning 1001.88; elapsed time: 0
INFO:root:_cost_function called at: 2.64062
INFO:root:_cost_function returning 1001.88; elapsed time: 0
INFO:root:_cost_function called at: 2.64062
INFO:root:_cost_function returning 1001.88; elapsed time: 0
INFO:root:_cost_function called at: 2.64062
INFO:root:_cost_function returning 1001.88; elapsed time: 0
INFO:root:_cost_function called at: 2.64062
INFO:root:_cost_function returning 1001.88; elapsed time: 0
INFO:root:_cost_function called at: 2.64062
INFO:root:_cost_function returning 1001.88; elapsed time: 0
INFO:root:_cost_function called at: 2.64062
INFO:root:_cost_function returning 1001.88; elapsed time: 0
INFO:root:_cost_function called at: 2.64062
INFO:root:_cost_function returning 1001.88; elapsed time: 0
INFO:root:_cost_function called at: 2.64062
INFO:root:_cost_function returning 1001.88; elapsed time: 0
INFO:root:_cost_function called at: 2.64062
INFO:root:_cost_function returning 1001.88; elapsed time: 0
INFO:root:_cost_function called at: 2.64062
INFO:root:_cost_function returning 1001.88; elapsed time: 0
INFO:root:_cost_function called at: 2.64062
INFO:root:_cost_function returning 1001.88; elapsed time: 0
INFO:root:_cost_function called at: 2.65625
INFO:root:_cost_function returning 1001.88; elapsed time: 0
INFO:root:_cost_function called at: 2.65625
INFO:root:_cost_function returning 1001.88; elapsed time: 0
INFO:root:_cost_function called at: 2.65625
INFO:root:_cost_function returning 1001.88; elapsed time: 0
INFO:root:_cost_function called at: 2.65625
INFO:root:_cost_function returning 1001.88; elapsed time: 0
INFO:root:_cost_function called at: 2.65625
INFO:root:_cost_function returning 1001.88; elapsed time: 0
INFO:root:_cost_function called at: 2.65625
INFO:root:_cost_function returning 1001.88; elapsed time: 0
INFO:root:_cost_function called at: 2.65625
INFO:root:_cost_function returning 1001.88; elapsed time: 0
INFO:root:_cost_function called at: 2.65625
INFO:root:_cost_function returning 1001.88; elapsed time: 0
INFO:root:_cost_function called at: 2.65625
INFO:root:_cost_function returning 1001.88; elapsed time: 0
INFO:root:_cost_function called at: 2.65625
INFO:root:_cost_function returning 1001.88; elapsed time: 0
INFO:root:_cost_function called at: 2.65625
INFO:root:_cost_function returning 1001.88; elapsed time: 0
INFO:root:_cost_function called at: 2.65625
INFO:root:_cost_function returning 1001.88; elapsed time: 0
INFO:root:_cost_function called at: 2.65625
INFO:root:_cost_function returning 1001.88; elapsed time: 0
INFO:root:_cost_function called at: 2.65625
INFO:root:_cost_function returning 1001.88; elapsed time: 0
INFO:root:_cost_function called at: 2.65625
INFO:root:_cost_function returning 1001.88; elapsed time: 0
INFO:root:_cost_function called at: 2.65625
INFO:root:_cost_function returning 1001.88; elapsed time: 0
INFO:root:_cost_function called at: 2.65625
INFO:root:_cost_function returning 1001.88; elapsed time: 0
INFO:root:_cost_function called at: 2.65625
INFO:root:_cost_function returning 1001.88; elapsed time: 0
INFO:root:_cost_function called at: 2.65625
INFO:root:_cost_function returning 1001.88; elapsed time: 0
INFO:root:_cost_function called at: 2.65625
INFO:root:_cost_function returning 1001.88; elapsed time: 0
INFO:root:_cost_function called at: 2.65625
INFO:root:_cost_function returning 1001.88; elapsed time: 0
INFO:root:_cost_function called at: 2.65625
INFO:root:_cost_function returning 1001.88; elapsed time: 0
INFO:root:_cost_function called at: 2.65625
INFO:root:_cost_function returning 1001.88; elapsed time: 0
INFO:root:_cost_function called at: 2.65625
INFO:root:_cost_function returning 1001.88; elapsed time: 0
INFO:root:_cost_function called at: 2.65625
INFO:root:_cost_function returning 1001.88; elapsed time: 0
INFO:root:_cost_function called at: 2.65625
INFO:root:_cost_function returning 1001.88; elapsed time: 0
INFO:root:_cost_function called at: 2.65625
INFO:root:_cost_function returning 1001.88; elapsed time: 0
INFO:root:_cost_function called at: 2.65625
INFO:root:_cost_function returning 1001.88; elapsed time: 0
INFO:root:_cost_function called at: 2.65625
INFO:root:_cost_function returning 1001.88; elapsed time: 0
INFO:root:_cost_function called at: 2.65625
INFO:root:_cost_function returning 1001.88; elapsed time: 0
INFO:root:_cost_function called at: 2.65625
INFO:root:_cost_function returning 1001.88; elapsed time: 0
INFO:root:_cost_function called at: 2.65625
INFO:root:_cost_function returning 1001.88; elapsed time: 0
INFO:root:_cost_function called at: 2.65625
INFO:root:_cost_function returning 1001.88; elapsed time: 0
INFO:root:_cost_function called at: 2.65625
INFO:root:_cost_function returning 1001.88; elapsed time: 0
INFO:root:_cost_function called at: 2.65625
INFO:root:_cost_function returning 1001.88; elapsed time: 0
INFO:root:_cost_function called at: 2.65625
INFO:root:_cost_function returning 1001.88; elapsed time: 0
INFO:root:_cost_function called at: 2.65625
INFO:root:_cost_function returning 1001.88; elapsed time: 0
INFO:root:_cost_function called at: 2.65625
INFO:root:_cost_function returning 1001.88; elapsed time: 0
INFO:root:_cost_function called at: 2.65625
INFO:root:_cost_function returning 1001.88; elapsed time: 0
INFO:root:_cost_function called at: 2.65625
INFO:root:_cost_function returning 1001.88; elapsed time: 0
INFO:root:_cost_function called at: 2.65625
INFO:root:_cost_function returning 1001.88; elapsed time: 0
INFO:root:_cost_function called at: 2.65625
INFO:root:_cost_function returning 1001.88; elapsed time: 0
INFO:root:_cost_function called at: 2.65625
INFO:root:_cost_function returning 1001.88; elapsed time: 0
INFO:root:_cost_function called at: 2.65625
INFO:root:_cost_function returning 1001.88; elapsed time: 0
INFO:root:_cost_function called at: 2.65625
INFO:root:_cost_function returning 1001.88; elapsed time: 0
INFO:root:_cost_function called at: 2.65625
INFO:root:_cost_function returning 1001.88; elapsed time: 0
INFO:root:_cost_function called at: 2.65625
INFO:root:_cost_function returning 1001.88; elapsed time: 0
INFO:root:_cost_function called at: 2.65625
INFO:root:_cost_function returning 1001.88; elapsed time: 0
INFO:root:_cost_function called at: 2.65625
INFO:root:_cost_function returning 1001.88; elapsed time: 0
INFO:root:_cost_function called at: 2.65625
INFO:root:_cost_function returning 1001.88; elapsed time: 0
INFO:root:_cost_function called at: 2.65625
INFO:root:_cost_function returning 1001.88; elapsed time: 0
INFO:root:_cost_function called at: 2.65625
INFO:root:_cost_function returning 1001.88; elapsed time: 0
INFO:root:_cost_function called at: 2.65625
INFO:root:_cost_function returning 1001.88; elapsed time: 0
INFO:root:_cost_function called at: 2.65625
INFO:root:_cost_function returning 1001.88; elapsed time: 0
INFO:root:_cost_function called at: 2.65625
INFO:root:_cost_function returning 1001.88; elapsed time: 0
INFO:root:_cost_function called at: 2.65625
INFO:root:_cost_function returning 1001.88; elapsed time: 0
INFO:root:_cost_function called at: 2.65625
INFO:root:_cost_function returning 1001.88; elapsed time: 0
INFO:root:_cost_function called at: 2.65625
INFO:root:_cost_function returning 1001.88; elapsed time: 0
INFO:root:_cost_function called at: 2.65625
INFO:root:_cost_function returning 1001.88; elapsed time: 0
INFO:root:_cost_function called at: 2.65625
INFO:root:_cost_function returning 1001.88; elapsed time: 0
INFO:root:_cost_function called at: 2.65625
INFO:root:_cost_function returning 1001.88; elapsed time: 0
INFO:root:_cost_function called at: 2.65625
INFO:root:_cost_function returning 1001.88; elapsed time: 0
INFO:root:_cost_function called at: 2.65625
INFO:root:_cost_function returning 1001.88; elapsed time: 0
INFO:root:_cost_function called at: 2.65625
INFO:root:_cost_function returning 1001.88; elapsed time: 0
INFO:root:_cost_function called at: 2.65625
INFO:root:_cost_function returning 1001.88; elapsed time: 0
INFO:root:_cost_function called at: 2.65625
INFO:root:_cost_function returning 1001.88; elapsed time: 0
INFO:root:_cost_function called at: 2.65625
INFO:root:_cost_function returning 1001.88; elapsed time: 0
INFO:root:_cost_function called at: 2.65625
INFO:root:_cost_function returning 1001.88; elapsed time: 0
INFO:root:_cost_function called at: 2.65625
INFO:root:_cost_function returning 1001.88; elapsed time: 0
INFO:root:_cost_function called at: 2.65625
INFO:root:_cost_function returning 1001.88; elapsed time: 0.015625
INFO:root:_cost_function called at: 2.67188
INFO:root:_cost_function returning 1001.88; elapsed time: 0
INFO:root:_cost_function called at: 2.67188
INFO:root:_cost_function returning 1001.88; elapsed time: 0
INFO:root:_cost_function called at: 2.67188
INFO:root:_cost_function returning 1001.88; elapsed time: 0
INFO:root:_cost_function called at: 2.67188
INFO:root:_cost_function returning 1001.88; elapsed time: 0
INFO:root:_cost_function called at: 2.67188
INFO:root:_cost_function returning 1001.88; elapsed time: 0
INFO:root:_cost_function called at: 2.67188
INFO:root:_cost_function returning 1001.88; elapsed time: 0
INFO:root:_cost_function called at: 2.67188
INFO:root:_cost_function returning 1001.88; elapsed time: 0
INFO:root:_cost_function called at: 2.67188
INFO:root:_cost_function returning 1001.88; elapsed time: 0
INFO:root:_cost_function called at: 2.67188
INFO:root:_cost_function returning 1001.88; elapsed time: 0
INFO:root:_cost_function called at: 2.67188
INFO:root:_cost_function returning 1001.88; elapsed time: 0
INFO:root:_cost_function called at: 2.67188
INFO:root:_cost_function returning 1001.88; elapsed time: 0
INFO:root:_cost_function called at: 2.67188
INFO:root:_cost_function returning 1001.88; elapsed time: 0
INFO:root:_cost_function called at: 2.67188
INFO:root:_cost_function returning 1001.88; elapsed time: 0
INFO:root:_cost_function called at: 2.67188
INFO:root:_cost_function returning 1001.88; elapsed time: 0
INFO:root:_cost_function called at: 2.67188
INFO:root:_cost_function returning 1001.88; elapsed time: 0
INFO:root:_cost_function called at: 2.67188
INFO:root:_cost_function returning 1001.88; elapsed time: 0
INFO:root:_cost_function called at: 2.67188
INFO:root:_cost_function returning 1001.88; elapsed time: 0
INFO:root:_cost_function called at: 2.67188
INFO:root:_cost_function returning 1001.88; elapsed time: 0
INFO:root:_cost_function called at: 2.67188
INFO:root:_cost_function returning 1001.88; elapsed time: 0
INFO:root:_cost_function called at: 2.67188
INFO:root:_cost_function returning 1001.88; elapsed time: 0
INFO:root:_cost_function called at: 2.67188
INFO:root:_cost_function returning 1001.88; elapsed time: 0
INFO:root:_cost_function called at: 2.67188
INFO:root:_cost_function returning 1001.88; elapsed time: 0
INFO:root:_cost_function called at: 2.67188
INFO:root:_cost_function returning 1001.88; elapsed time: 0
INFO:root:_cost_function called at: 2.67188
INFO:root:_cost_function returning 1001.88; elapsed time: 0
INFO:root:_cost_function called at: 2.67188
INFO:root:_cost_function returning 1001.88; elapsed time: 0
INFO:root:_cost_function called at: 2.67188
INFO:root:_cost_function returning 1001.88; elapsed time: 0
INFO:root:_cost_function called at: 2.67188
INFO:root:_cost_function returning 1001.88; elapsed time: 0
INFO:root:_cost_function called at: 2.67188
INFO:root:_cost_function returning 1001.88; elapsed time: 0
INFO:root:_cost_function called at: 2.67188
INFO:root:_cost_function returning 1001.88; elapsed time: 0
INFO:root:_cost_function called at: 2.67188
INFO:root:_cost_function returning 1001.88; elapsed time: 0
INFO:root:_cost_function called at: 2.67188
INFO:root:_cost_function returning 1001.88; elapsed time: 0
INFO:root:_cost_function called at: 2.67188
INFO:root:_cost_function returning 1001.88; elapsed time: 0
INFO:root:_cost_function called at: 2.67188
INFO:root:_cost_function returning 1001.88; elapsed time: 0
INFO:root:_cost_function called at: 2.67188
INFO:root:_cost_function returning 1001.88; elapsed time: 0
INFO:root:_cost_function called at: 2.67188
INFO:root:_cost_function returning 1001.88; elapsed time: 0
INFO:root:_cost_function called at: 2.67188
INFO:root:_cost_function returning 1001.88; elapsed time: 0
INFO:root:_cost_function called at: 2.67188
INFO:root:_cost_function returning 1001.88; elapsed time: 0
INFO:root:_cost_function called at: 2.67188
INFO:root:_cost_function returning 1001.88; elapsed time: 0
INFO:root:_cost_function called at: 2.67188
INFO:root:_cost_function returning 1001.88; elapsed time: 0
INFO:root:_cost_function called at: 2.67188
INFO:root:_cost_function returning 1001.88; elapsed time: 0
INFO:root:_cost_function called at: 2.67188
INFO:root:_cost_function returning 1001.88; elapsed time: 0
INFO:root:_cost_function called at: 2.67188
INFO:root:_cost_function returning 1001.88; elapsed time: 0
INFO:root:_cost_function called at: 2.67188
INFO:root:_cost_function returning 1001.88; elapsed time: 0
INFO:root:_cost_function called at: 2.67188
INFO:root:_cost_function returning 1001.88; elapsed time: 0
INFO:root:_cost_function called at: 2.67188
INFO:root:_cost_function returning 1001.88; elapsed time: 0
INFO:root:_cost_function called at: 2.67188
INFO:root:_cost_function returning 1001.88; elapsed time: 0
INFO:root:_cost_function called at: 2.67188
INFO:root:_cost_function returning 1001.88; elapsed time: 0
INFO:root:_cost_function called at: 2.67188
INFO:root:_cost_function returning 1001.88; elapsed time: 0.015625
INFO:root:_cost_function called at: 2.6875
INFO:root:_cost_function returning 1001.88; elapsed time: 0
INFO:root:_cost_function called at: 2.6875
INFO:root:_cost_function returning 1001.88; elapsed time: 0
INFO:root:_cost_function called at: 2.6875
INFO:root:_cost_function returning 1001.88; elapsed time: 0
INFO:root:_cost_function called at: 2.6875
INFO:root:_cost_function returning 1001.88; elapsed time: 0
INFO:root:_cost_function called at: 2.6875
INFO:root:_cost_function returning 1001.88; elapsed time: 0
INFO:root:_cost_function called at: 2.6875
INFO:root:_cost_function returning 1001.88; elapsed time: 0
INFO:root:_cost_function called at: 2.6875
INFO:root:_cost_function returning 1001.88; elapsed time: 0
INFO:root:_cost_function called at: 2.6875
INFO:root:_cost_function returning 1001.88; elapsed time: 0
INFO:root:_cost_function called at: 2.6875
INFO:root:_cost_function returning 1001.88; elapsed time: 0
INFO:root:_cost_function called at: 2.6875
INFO:root:_cost_function returning 1001.88; elapsed time: 0
INFO:root:_cost_function called at: 2.6875
INFO:root:_cost_function returning 1001.88; elapsed time: 0
INFO:root:_cost_function called at: 2.6875
INFO:root:_cost_function returning 1001.88; elapsed time: 0
INFO:root:_cost_function called at: 2.6875
INFO:root:_cost_function returning 1001.88; elapsed time: 0
INFO:root:_cost_function called at: 2.6875
INFO:root:_cost_function returning 1001.88; elapsed time: 0
INFO:root:_cost_function called at: 2.6875
INFO:root:_cost_function returning 1001.88; elapsed time: 0
INFO:root:_cost_function called at: 2.6875
INFO:root:_cost_function returning 1001.88; elapsed time: 0
INFO:root:_cost_function called at: 2.6875
INFO:root:_cost_function returning 1001.88; elapsed time: 0
INFO:root:_cost_function called at: 2.6875
INFO:root:_cost_function returning 1001.88; elapsed time: 0
INFO:root:_cost_function called at: 2.6875
INFO:root:_cost_function returning 1001.88; elapsed time: 0
INFO:root:_cost_function called at: 2.6875
INFO:root:_cost_function returning 1001.88; elapsed time: 0
INFO:root:_cost_function called at: 2.6875
INFO:root:_cost_function returning 1001.88; elapsed time: 0
INFO:root:_cost_function called at: 2.6875
INFO:root:_cost_function returning 1001.88; elapsed time: 0
INFO:root:_cost_function called at: 2.6875
INFO:root:_cost_function returning 1001.88; elapsed time: 0
INFO:root:_cost_function called at: 2.6875
INFO:root:_cost_function returning 1001.88; elapsed time: 0
INFO:root:_cost_function called at: 2.6875
INFO:root:_cost_function returning 1001.88; elapsed time: 0
INFO:root:_cost_function called at: 2.6875
INFO:root:_cost_function returning 1001.88; elapsed time: 0
INFO:root:_cost_function called at: 2.6875
INFO:root:_cost_function returning 1001.88; elapsed time: 0
INFO:root:_cost_function called at: 2.6875
INFO:root:_cost_function returning 1001.88; elapsed time: 0
INFO:root:_cost_function called at: 2.6875
INFO:root:_cost_function returning 1001.88; elapsed time: 0
INFO:root:_cost_function called at: 2.6875
INFO:root:_cost_function returning 1001.88; elapsed time: 0
INFO:root:_cost_function called at: 2.6875
INFO:root:_cost_function returning 1001.88; elapsed time: 0
INFO:root:_cost_function called at: 2.6875
INFO:root:_cost_function returning 1001.88; elapsed time: 0
INFO:root:_cost_function called at: 2.6875
INFO:root:_cost_function returning 1001.88; elapsed time: 0
INFO:root:_cost_function called at: 2.6875
INFO:root:_cost_function returning 1001.88; elapsed time: 0
INFO:root:_cost_function called at: 2.6875
INFO:root:_cost_function returning 1001.88; elapsed time: 0
INFO:root:_cost_function called at: 2.6875
INFO:root:_cost_function returning 1001.88; elapsed time: 0
INFO:root:_cost_function called at: 2.6875
INFO:root:_cost_function returning 1001.88; elapsed time: 0
INFO:root:_cost_function called at: 2.6875
INFO:root:_cost_function returning 1001.88; elapsed time: 0
INFO:root:_cost_function called at: 2.6875
INFO:root:_cost_function returning 1001.88; elapsed time: 0
INFO:root:_cost_function called at: 2.6875
INFO:root:_cost_function returning 1001.88; elapsed time: 0
INFO:root:_cost_function called at: 2.6875
INFO:root:_cost_function returning 1001.88; elapsed time: 0
INFO:root:_cost_function called at: 2.6875
INFO:root:_cost_function returning 1001.88; elapsed time: 0
INFO:root:_cost_function called at: 2.6875
INFO:root:_cost_function returning 1001.88; elapsed time: 0
INFO:root:_cost_function called at: 2.6875
INFO:root:_cost_function returning 1001.88; elapsed time: 0
INFO:root:_cost_function called at: 2.6875
INFO:root:_cost_function returning 1001.88; elapsed time: 0
INFO:root:_cost_function called at: 2.6875
INFO:root:_cost_function returning 1001.88; elapsed time: 0
INFO:root:_cost_function called at: 2.6875
INFO:root:_cost_function returning 1001.88; elapsed time: 0
INFO:root:_cost_function called at: 2.6875
INFO:root:_cost_function returning 1001.88; elapsed time: 0
INFO:root:_cost_function called at: 2.6875
INFO:root:_cost_function returning 1001.88; elapsed time: 0
INFO:root:_cost_function called at: 2.6875
INFO:root:_cost_function returning 1001.88; elapsed time: 0
INFO:root:_cost_function called at: 2.6875
INFO:root:_cost_function returning 1001.88; elapsed time: 0
INFO:root:_cost_function called at: 2.6875
INFO:root:_cost_function returning 1001.88; elapsed time: 0
INFO:root:_cost_function called at: 2.6875
INFO:root:_cost_function returning 1001.88; elapsed time: 0
INFO:root:_cost_function called at: 2.6875
INFO:root:_cost_function returning 1001.88; elapsed time: 0
INFO:root:_cost_function called at: 2.6875
INFO:root:_cost_function returning 1001.88; elapsed time: 0
INFO:root:_cost_function called at: 2.6875
INFO:root:_cost_function returning 1001.88; elapsed time: 0
INFO:root:_cost_function called at: 2.6875
INFO:root:_cost_function returning 1001.88; elapsed time: 0
INFO:root:_cost_function called at: 2.6875
INFO:root:_cost_function returning 1001.88; elapsed time: 0
INFO:root:_cost_function called at: 2.6875
INFO:root:_cost_function returning 1001.88; elapsed time: 0
INFO:root:_cost_function called at: 2.6875
INFO:root:_cost_function returning 1001.88; elapsed time: 0
INFO:root:_cost_function called at: 2.6875
INFO:root:_cost_function returning 1001.88; elapsed time: 0
INFO:root:_cost_function called at: 2.6875
INFO:root:_cost_function returning 1001.88; elapsed time: 0
INFO:root:_cost_function called at: 2.6875
INFO:root:_cost_function returning 1001.88; elapsed time: 0
INFO:root:_cost_function called at: 2.6875
INFO:root:_cost_function returning 1001.88; elapsed time: 0
INFO:root:_cost_function called at: 2.6875
INFO:root:_cost_function returning 1001.88; elapsed time: 0
INFO:root:_cost_function called at: 2.6875
INFO:root:_cost_function returning 1001.88; elapsed time: 0
INFO:root:_cost_function called at: 2.6875
INFO:root:_cost_function returning 1001.88; elapsed time: 0
INFO:root:_cost_function called at: 2.6875
INFO:root:_cost_function returning 1001.88; elapsed time: 0
INFO:root:_cost_function called at: 2.6875
INFO:root:_cost_function returning 1001.88; elapsed time: 0
INFO:root:_cost_function called at: 2.6875
INFO:root:_cost_function returning 1001.88; elapsed time: 0
INFO:root:_cost_function called at: 2.6875
INFO:root:_cost_function returning 1001.88; elapsed time: 0
INFO:root:_cost_function called at: 2.6875
INFO:root:_cost_function returning 1001.88; elapsed time: 0
INFO:root:_cost_function called at: 2.6875
INFO:root:_cost_function returning 1001.88; elapsed time: 0
INFO:root:_cost_function called at: 2.6875
INFO:root:_cost_function returning 1001.88; elapsed time: 0
INFO:root:_cost_function called at: 2.6875
INFO:root:_cost_function returning 1001.88; elapsed time: 0
INFO:root:_cost_function called at: 2.6875
INFO:root:_cost_function returning 1001.88; elapsed time: 0
INFO:root:_cost_function called at: 2.6875
INFO:root:_cost_function returning 1001.88; elapsed time: 0
INFO:root:_cost_function called at: 2.6875
INFO:root:_cost_function returning 1001.88; elapsed time: 0
INFO:root:_cost_function called at: 2.6875
INFO:root:_cost_function returning 1001.88; elapsed time: 0
INFO:root:_cost_function called at: 2.6875
INFO:root:_cost_function returning 1001.88; elapsed time: 0
INFO:root:_cost_function called at: 2.6875
INFO:root:_cost_function returning 1001.88; elapsed time: 0
INFO:root:_cost_function called at: 2.6875
INFO:root:_cost_function returning 1001.88; elapsed time: 0
INFO:root:_cost_function called at: 2.6875
INFO:root:_cost_function returning 1001.88; elapsed time: 0
INFO:root:_cost_function called at: 2.6875
INFO:root:_cost_function returning 1001.88; elapsed time: 0
INFO:root:_cost_function called at: 2.70312
INFO:root:_cost_function returning 1001.88; elapsed time: 0
DEBUG:matplotlib.pyplot:Loaded backend tkagg version 8.6.
DEBUG:PIL.PngImagePlugin:STREAM b'IHDR' 16 13
DEBUG:PIL.PngImagePlugin:STREAM b'sBIT' 41 4
DEBUG:PIL.PngImagePlugin:b'sBIT' 41 4 (unknown)
DEBUG:PIL.PngImagePlugin:STREAM b'pHYs' 57 9
DEBUG:PIL.PngImagePlugin:STREAM b'IDAT' 78 1189
DEBUG:PIL.PngImagePlugin:STREAM b'IHDR' 16 13
DEBUG:PIL.PngImagePlugin:STREAM b'sBIT' 41 4
DEBUG:PIL.PngImagePlugin:b'sBIT' 41 4 (unknown)
DEBUG:PIL.PngImagePlugin:STREAM b'pHYs' 57 9
DEBUG:PIL.PngImagePlugin:STREAM b'IDAT' 78 2994
DEBUG:PIL.PngImagePlugin:STREAM b'IHDR' 16 13
DEBUG:PIL.PngImagePlugin:STREAM b'sBIT' 41 4
DEBUG:PIL.PngImagePlugin:b'sBIT' 41 4 (unknown)
DEBUG:PIL.PngImagePlugin:STREAM b'pHYs' 57 9
DEBUG:PIL.PngImagePlugin:STREAM b'IDAT' 78 374
DEBUG:PIL.PngImagePlugin:STREAM b'IHDR' 16 13
DEBUG:PIL.PngImagePlugin:STREAM b'sBIT' 41 4
DEBUG:PIL.PngImagePlugin:b'sBIT' 41 4 (unknown)
DEBUG:PIL.PngImagePlugin:STREAM b'pHYs' 57 9
DEBUG:PIL.PngImagePlugin:STREAM b'IDAT' 78 286
DEBUG:PIL.PngImagePlugin:STREAM b'IHDR' 16 13
DEBUG:PIL.PngImagePlugin:STREAM b'sBIT' 41 4
DEBUG:PIL.PngImagePlugin:b'sBIT' 41 4 (unknown)
DEBUG:PIL.PngImagePlugin:STREAM b'pHYs' 57 9
DEBUG:PIL.PngImagePlugin:STREAM b'IDAT' 78 263
DEBUG:PIL.PngImagePlugin:STREAM b'IHDR' 16 13
DEBUG:PIL.PngImagePlugin:STREAM b'sBIT' 41 4
DEBUG:PIL.PngImagePlugin:b'sBIT' 41 4 (unknown)
DEBUG:PIL.PngImagePlugin:STREAM b'pHYs' 57 9
DEBUG:PIL.PngImagePlugin:STREAM b'IDAT' 78 387
DEBUG:PIL.PngImagePlugin:STREAM b'IHDR' 16 13
DEBUG:PIL.PngImagePlugin:STREAM b'sBIT' 41 4
DEBUG:PIL.PngImagePlugin:b'sBIT' 41 4 (unknown)
DEBUG:PIL.PngImagePlugin:STREAM b'pHYs' 57 9
DEBUG:PIL.PngImagePlugin:STREAM b'IDAT' 78 436
DEBUG:PIL.PngImagePlugin:STREAM b'IHDR' 16 13
DEBUG:PIL.PngImagePlugin:STREAM b'sBIT' 41 4
DEBUG:PIL.PngImagePlugin:b'sBIT' 41 4 (unknown)
DEBUG:PIL.PngImagePlugin:STREAM b'pHYs' 57 9
DEBUG:PIL.PngImagePlugin:STREAM b'IDAT' 78 351
DEBUG:PIL.PngImagePlugin:STREAM b'IHDR' 16 13
DEBUG:PIL.PngImagePlugin:STREAM b'sBIT' 41 4
DEBUG:PIL.PngImagePlugin:b'sBIT' 41 4 (unknown)
DEBUG:PIL.PngImagePlugin:STREAM b'pHYs' 57 9
DEBUG:PIL.PngImagePlugin:STREAM b'IDAT' 78 364
DEBUG:matplotlib.font_manager:findfont: Matching sans\-serif:style=normal:variant=normal:weight=normal:stretch=normal:size=10.0.
DEBUG:matplotlib.font_manager:findfont: score(FontEntry(fname='C:\\Users\\danli\\.conda\\envs\\pid_control\\Lib\\site-packages\\matplotlib\\mpl-data\\fonts\\ttf\\DejaVuSansMono.ttf', name='DejaVu Sans Mono', style='normal', variant='normal', weight=400, stretch='normal', size='scalable')) = 10.05
DEBUG:matplotlib.font_manager:findfont: score(FontEntry(fname='C:\\Users\\danli\\.conda\\envs\\pid_control\\Lib\\site-packages\\matplotlib\\mpl-data\\fonts\\ttf\\cmsy10.ttf', name='cmsy10', style='normal', variant='normal', weight=400, stretch='normal', size='scalable')) = 10.05
DEBUG:matplotlib.font_manager:findfont: score(FontEntry(fname='C:\\Users\\danli\\.conda\\envs\\pid_control\\Lib\\site-packages\\matplotlib\\mpl-data\\fonts\\ttf\\DejaVuSerif.ttf', name='DejaVu Serif', style='normal', variant='normal', weight=400, stretch='normal', size='scalable')) = 10.05
DEBUG:matplotlib.font_manager:findfont: score(FontEntry(fname='C:\\Users\\danli\\.conda\\envs\\pid_control\\Lib\\site-packages\\matplotlib\\mpl-data\\fonts\\ttf\\DejaVuSans-BoldOblique.ttf', name='DejaVu Sans', style='oblique', variant='normal', weight=700, stretch='normal', size='scalable')) = 1.335
DEBUG:matplotlib.font_manager:findfont: score(FontEntry(fname='C:\\Users\\danli\\.conda\\envs\\pid_control\\Lib\\site-packages\\matplotlib\\mpl-data\\fonts\\ttf\\cmex10.ttf', name='cmex10', style='normal', variant='normal', weight=400, stretch='normal', size='scalable')) = 10.05
DEBUG:matplotlib.font_manager:findfont: score(FontEntry(fname='C:\\Users\\danli\\.conda\\envs\\pid_control\\Lib\\site-packages\\matplotlib\\mpl-data\\fonts\\ttf\\STIXSizOneSymReg.ttf', name='STIXSizeOneSym', style='normal', variant='normal', weight=400, stretch='normal', size='scalable')) = 10.05
DEBUG:matplotlib.font_manager:findfont: score(FontEntry(fname='C:\\Users\\danli\\.conda\\envs\\pid_control\\Lib\\site-packages\\matplotlib\\mpl-data\\fonts\\ttf\\STIXNonUniIta.ttf', name='STIXNonUnicode', style='italic', variant='normal', weight=400, stretch='normal', size='scalable')) = 11.05
DEBUG:matplotlib.font_manager:findfont: score(FontEntry(fname='C:\\Users\\danli\\.conda\\envs\\pid_control\\Lib\\site-packages\\matplotlib\\mpl-data\\fonts\\ttf\\DejaVuSans.ttf', name='DejaVu Sans', style='normal', variant='normal', weight=400, stretch='normal', size='scalable')) = 0.05
DEBUG:matplotlib.font_manager:findfont: score(FontEntry(fname='C:\\Users\\danli\\.conda\\envs\\pid_control\\Lib\\site-packages\\matplotlib\\mpl-data\\fonts\\ttf\\DejaVuSansMono-Oblique.ttf', name='DejaVu Sans Mono', style='oblique', variant='normal', weight=400, stretch='normal', size='scalable')) = 11.05
DEBUG:matplotlib.font_manager:findfont: score(FontEntry(fname='C:\\Users\\danli\\.conda\\envs\\pid_control\\Lib\\site-packages\\matplotlib\\mpl-data\\fonts\\ttf\\cmtt10.ttf', name='cmtt10', style='normal', variant='normal', weight=400, stretch='normal', size='scalable')) = 10.05
DEBUG:matplotlib.font_manager:findfont: score(FontEntry(fname='C:\\Users\\danli\\.conda\\envs\\pid_control\\Lib\\site-packages\\matplotlib\\mpl-data\\fonts\\ttf\\STIXSizThreeSymReg.ttf', name='STIXSizeThreeSym', style='normal', variant='normal', weight=400, stretch='normal', size='scalable')) = 10.05
DEBUG:matplotlib.font_manager:findfont: score(FontEntry(fname='C:\\Users\\danli\\.conda\\envs\\pid_control\\Lib\\site-packages\\matplotlib\\mpl-data\\fonts\\ttf\\cmmi10.ttf', name='cmmi10', style='normal', variant='normal', weight=400, stretch='normal', size='scalable')) = 10.05
DEBUG:matplotlib.font_manager:findfont: score(FontEntry(fname='C:\\Users\\danli\\.conda\\envs\\pid_control\\Lib\\site-packages\\matplotlib\\mpl-data\\fonts\\ttf\\STIXSizFourSymBol.ttf', name='STIXSizeFourSym', style='normal', variant='normal', weight=700, stretch='normal', size='scalable')) = 10.335
DEBUG:matplotlib.font_manager:findfont: score(FontEntry(fname='C:\\Users\\danli\\.conda\\envs\\pid_control\\Lib\\site-packages\\matplotlib\\mpl-data\\fonts\\ttf\\cmb10.ttf', name='cmb10', style='normal', variant='normal', weight=400, stretch='normal', size='scalable')) = 10.05
DEBUG:matplotlib.font_manager:findfont: score(FontEntry(fname='C:\\Users\\danli\\.conda\\envs\\pid_control\\Lib\\site-packages\\matplotlib\\mpl-data\\fonts\\ttf\\cmr10.ttf', name='cmr10', style='normal', variant='normal', weight=400, stretch='normal', size='scalable')) = 10.05
DEBUG:matplotlib.font_manager:findfont: score(FontEntry(fname='C:\\Users\\danli\\.conda\\envs\\pid_control\\Lib\\site-packages\\matplotlib\\mpl-data\\fonts\\ttf\\DejaVuSans-Oblique.ttf', name='DejaVu Sans', style='oblique', variant='normal', weight=400, stretch='normal', size='scalable')) = 1.05
DEBUG:matplotlib.font_manager:findfont: score(FontEntry(fname='C:\\Users\\danli\\.conda\\envs\\pid_control\\Lib\\site-packages\\matplotlib\\mpl-data\\fonts\\ttf\\STIXNonUniBolIta.ttf', name='STIXNonUnicode', style='italic', variant='normal', weight=700, stretch='normal', size='scalable')) = 11.335
DEBUG:matplotlib.font_manager:findfont: score(FontEntry(fname='C:\\Users\\danli\\.conda\\envs\\pid_control\\Lib\\site-packages\\matplotlib\\mpl-data\\fonts\\ttf\\STIXNonUni.ttf', name='STIXNonUnicode', style='normal', variant='normal', weight=400, stretch='normal', size='scalable')) = 10.05
DEBUG:matplotlib.font_manager:findfont: score(FontEntry(fname='C:\\Users\\danli\\.conda\\envs\\pid_control\\Lib\\site-packages\\matplotlib\\mpl-data\\fonts\\ttf\\STIXGeneralItalic.ttf', name='STIXGeneral', style='italic', variant='normal', weight=400, stretch='normal', size='scalable')) = 11.05
DEBUG:matplotlib.font_manager:findfont: score(FontEntry(fname='C:\\Users\\danli\\.conda\\envs\\pid_control\\Lib\\site-packages\\matplotlib\\mpl-data\\fonts\\ttf\\DejaVuSerif-Bold.ttf', name='DejaVu Serif', style='normal', variant='normal', weight=700, stretch='normal', size='scalable')) = 10.335
DEBUG:matplotlib.font_manager:findfont: score(FontEntry(fname='C:\\Users\\danli\\.conda\\envs\\pid_control\\Lib\\site-packages\\matplotlib\\mpl-data\\fonts\\ttf\\STIXGeneralBol.ttf', name='STIXGeneral', style='normal', variant='normal', weight=700, stretch='normal', size='scalable')) = 10.335
DEBUG:matplotlib.font_manager:findfont: score(FontEntry(fname='C:\\Users\\danli\\.conda\\envs\\pid_control\\Lib\\site-packages\\matplotlib\\mpl-data\\fonts\\ttf\\STIXGeneralBolIta.ttf', name='STIXGeneral', style='italic', variant='normal', weight=700, stretch='normal', size='scalable')) = 11.335
DEBUG:matplotlib.font_manager:findfont: score(FontEntry(fname='C:\\Users\\danli\\.conda\\envs\\pid_control\\Lib\\site-packages\\matplotlib\\mpl-data\\fonts\\ttf\\STIXSizThreeSymBol.ttf', name='STIXSizeThreeSym', style='normal', variant='normal', weight=700, stretch='normal', size='scalable')) = 10.335
DEBUG:matplotlib.font_manager:findfont: score(FontEntry(fname='C:\\Users\\danli\\.conda\\envs\\pid_control\\Lib\\site-packages\\matplotlib\\mpl-data\\fonts\\ttf\\DejaVuSans-Bold.ttf', name='DejaVu Sans', style='normal', variant='normal', weight=700, stretch='normal', size='scalable')) = 0.33499999999999996
DEBUG:matplotlib.font_manager:findfont: score(FontEntry(fname='C:\\Users\\danli\\.conda\\envs\\pid_control\\Lib\\site-packages\\matplotlib\\mpl-data\\fonts\\ttf\\DejaVuSerif-BoldItalic.ttf', name='DejaVu Serif', style='italic', variant='normal', weight=700, stretch='normal', size='scalable')) = 11.335
DEBUG:matplotlib.font_manager:findfont: score(FontEntry(fname='C:\\Users\\danli\\.conda\\envs\\pid_control\\Lib\\site-packages\\matplotlib\\mpl-data\\fonts\\ttf\\STIXGeneral.ttf', name='STIXGeneral', style='normal', variant='normal', weight=400, stretch='normal', size='scalable')) = 10.05
DEBUG:matplotlib.font_manager:findfont: score(FontEntry(fname='C:\\Users\\danli\\.conda\\envs\\pid_control\\Lib\\site-packages\\matplotlib\\mpl-data\\fonts\\ttf\\STIXNonUniBol.ttf', name='STIXNonUnicode', style='normal', variant='normal', weight=700, stretch='normal', size='scalable')) = 10.335
DEBUG:matplotlib.font_manager:findfont: score(FontEntry(fname='C:\\Users\\danli\\.conda\\envs\\pid_control\\Lib\\site-packages\\matplotlib\\mpl-data\\fonts\\ttf\\DejaVuSansMono-BoldOblique.ttf', name='DejaVu Sans Mono', style='oblique', variant='normal', weight=700, stretch='normal', size='scalable')) = 11.335
DEBUG:matplotlib.font_manager:findfont: score(FontEntry(fname='C:\\Users\\danli\\.conda\\envs\\pid_control\\Lib\\site-packages\\matplotlib\\mpl-data\\fonts\\ttf\\DejaVuSerifDisplay.ttf', name='DejaVu Serif Display', style='normal', variant='normal', weight=400, stretch='normal', size='scalable')) = 10.05
DEBUG:matplotlib.font_manager:findfont: score(FontEntry(fname='C:\\Users\\danli\\.conda\\envs\\pid_control\\Lib\\site-packages\\matplotlib\\mpl-data\\fonts\\ttf\\DejaVuSansMono-Bold.ttf', name='DejaVu Sans Mono', style='normal', variant='normal', weight=700, stretch='normal', size='scalable')) = 10.335
DEBUG:matplotlib.font_manager:findfont: score(FontEntry(fname='C:\\Users\\danli\\.conda\\envs\\pid_control\\Lib\\site-packages\\matplotlib\\mpl-data\\fonts\\ttf\\STIXSizFiveSymReg.ttf', name='STIXSizeFiveSym', style='normal', variant='normal', weight=400, stretch='normal', size='scalable')) = 10.05
DEBUG:matplotlib.font_manager:findfont: score(FontEntry(fname='C:\\Users\\danli\\.conda\\envs\\pid_control\\Lib\\site-packages\\matplotlib\\mpl-data\\fonts\\ttf\\DejaVuSansDisplay.ttf', name='DejaVu Sans Display', style='normal', variant='normal', weight=400, stretch='normal', size='scalable')) = 10.05
DEBUG:matplotlib.font_manager:findfont: score(FontEntry(fname='C:\\Users\\danli\\.conda\\envs\\pid_control\\Lib\\site-packages\\matplotlib\\mpl-data\\fonts\\ttf\\STIXSizFourSymReg.ttf', name='STIXSizeFourSym', style='normal', variant='normal', weight=400, stretch='normal', size='scalable')) = 10.05
DEBUG:matplotlib.font_manager:findfont: score(FontEntry(fname='C:\\Users\\danli\\.conda\\envs\\pid_control\\Lib\\site-packages\\matplotlib\\mpl-data\\fonts\\ttf\\cmss10.ttf', name='cmss10', style='normal', variant='normal', weight=400, stretch='normal', size='scalable')) = 10.05
DEBUG:matplotlib.font_manager:findfont: score(FontEntry(fname='C:\\Users\\danli\\.conda\\envs\\pid_control\\Lib\\site-packages\\matplotlib\\mpl-data\\fonts\\ttf\\STIXSizOneSymBol.ttf', name='STIXSizeOneSym', style='normal', variant='normal', weight=700, stretch='normal', size='scalable')) = 10.335
DEBUG:matplotlib.font_manager:findfont: score(FontEntry(fname='C:\\Users\\danli\\.conda\\envs\\pid_control\\Lib\\site-packages\\matplotlib\\mpl-data\\fonts\\ttf\\DejaVuSerif-Italic.ttf', name='DejaVu Serif', style='italic', variant='normal', weight=400, stretch='normal', size='scalable')) = 11.05
DEBUG:matplotlib.font_manager:findfont: score(FontEntry(fname='C:\\Users\\danli\\.conda\\envs\\pid_control\\Lib\\site-packages\\matplotlib\\mpl-data\\fonts\\ttf\\STIXSizTwoSymReg.ttf', name='STIXSizeTwoSym', style='normal', variant='normal', weight=400, stretch='normal', size='scalable')) = 10.05
DEBUG:matplotlib.font_manager:findfont: score(FontEntry(fname='C:\\Users\\danli\\.conda\\envs\\pid_control\\Lib\\site-packages\\matplotlib\\mpl-data\\fonts\\ttf\\STIXSizTwoSymBol.ttf', name='STIXSizeTwoSym', style='normal', variant='normal', weight=700, stretch='normal', size='scalable')) = 10.335
DEBUG:matplotlib.font_manager:findfont: score(FontEntry(fname='C:\\Windows\\Fonts\\seguisb.ttf', name='Segoe UI', style='normal', variant='normal', weight=600, stretch='normal', size='scalable')) = 10.24
DEBUG:matplotlib.font_manager:findfont: score(FontEntry(fname='C:\\Windows\\Fonts\\cambriab.ttf', name='Cambria', style='normal', variant='normal', weight=700, stretch='normal', size='scalable')) = 10.335
DEBUG:matplotlib.font_manager:findfont: score(FontEntry(fname='C:\\Windows\\Fonts\\corbeli.ttf', name='Corbel', style='italic', variant='normal', weight=400, stretch='normal', size='scalable')) = 11.05
DEBUG:matplotlib.font_manager:findfont: score(FontEntry(fname='C:\\Windows\\Fonts\\segoeprb.ttf', name='Segoe Print', style='normal', variant='normal', weight=700, stretch='normal', size='scalable')) = 10.335
DEBUG:matplotlib.font_manager:findfont: score(FontEntry(fname='C:\\Windows\\Fonts\\calibril.ttf', name='Calibri', style='normal', variant='normal', weight=300, stretch='normal', size='scalable')) = 10.145
DEBUG:matplotlib.font_manager:findfont: score(FontEntry(fname='C:\\Windows\\Fonts\\LeelaUIb.ttf', name='Leelawadee UI', style='normal', variant='normal', weight=700, stretch='normal', size='scalable')) = 10.335
DEBUG:matplotlib.font_manager:findfont: score(FontEntry(fname='C:\\Windows\\Fonts\\courbd.ttf', name='Courier New', style='normal', variant='normal', weight=700, stretch='normal', size='scalable')) = 10.335
DEBUG:matplotlib.font_manager:findfont: score(FontEntry(fname='C:\\Windows\\Fonts\\SitkaVF.ttf', name='Sitka', style='normal', variant='normal', weight=400, stretch='normal', size='scalable')) = 10.05
DEBUG:matplotlib.font_manager:findfont: score(FontEntry(fname='C:\\Windows\\Fonts\\Candarab.ttf', name='Candara', style='normal', variant='normal', weight=700, stretch='normal', size='scalable')) = 10.335
DEBUG:matplotlib.font_manager:findfont: score(FontEntry(fname='C:\\Windows\\Fonts\\tahoma.ttf', name='Tahoma', style='normal', variant='normal', weight=400, stretch='normal', size='scalable')) = 10.05
DEBUG:matplotlib.font_manager:findfont: score(FontEntry(fname='C:\\Windows\\Fonts\\ariblk.ttf', name='Arial', style='normal', variant='normal', weight=900, stretch='normal', size='scalable')) = 6.888636363636364
DEBUG:matplotlib.font_manager:findfont: score(FontEntry(fname='C:\\Windows\\Fonts\\segoeuib.ttf', name='Segoe UI', style='normal', variant='normal', weight=700, stretch='normal', size='scalable')) = 10.335
DEBUG:matplotlib.font_manager:findfont: score(FontEntry(fname='C:\\Windows\\Fonts\\rod.ttf', name='Rod', style='normal', variant='normal', weight=400, stretch='normal', size='scalable')) = 10.05
DEBUG:matplotlib.font_manager:findfont: score(FontEntry(fname='C:\\Windows\\Fonts\\corbelli.ttf', name='Corbel', style='italic', variant='normal', weight=300, stretch='normal', size='scalable')) = 11.145
DEBUG:matplotlib.font_manager:findfont: score(FontEntry(fname='C:\\Windows\\Fonts\\cambriai.ttf', name='Cambria', style='italic', variant='normal', weight=400, stretch='normal', size='scalable')) = 11.05
DEBUG:matplotlib.font_manager:findfont: score(FontEntry(fname='C:\\Windows\\Fonts\\malgunbd.ttf', name='Malgun Gothic', style='normal', variant='normal', weight=700, stretch='normal', size='scalable')) = 10.335
DEBUG:matplotlib.font_manager:findfont: score(FontEntry(fname='C:\\Windows\\Fonts\\SegUIVar.ttf', name='Segoe UI Variable', style='normal', variant='normal', weight=400, stretch='normal', size='scalable')) = 10.05
DEBUG:matplotlib.font_manager:findfont: score(FontEntry(fname='C:\\Windows\\Fonts\\consolaz.ttf', name='Consolas', style='italic', variant='normal', weight=700, stretch='normal', size='scalable')) = 11.335
DEBUG:matplotlib.font_manager:findfont: score(FontEntry(fname='C:\\Windows\\Fonts\\msyh.ttc', name='Microsoft YaHei', style='normal', variant='normal', weight=400, stretch='normal', size='scalable')) = 10.05
DEBUG:matplotlib.font_manager:findfont: score(FontEntry(fname='C:\\Windows\\Fonts\\phagspab.ttf', name='Microsoft PhagsPa', style='normal', variant='normal', weight=700, stretch='normal', size='scalable')) = 10.335
DEBUG:matplotlib.font_manager:findfont: score(FontEntry(fname='C:\\Windows\\Fonts\\comic.ttf', name='Comic Sans MS', style='normal', variant='normal', weight=400, stretch='normal', size='scalable')) = 10.05
DEBUG:matplotlib.font_manager:findfont: score(FontEntry(fname='C:\\Windows\\Fonts\\seguisym.ttf', name='Segoe UI Symbol', style='normal', variant='normal', weight=400, stretch='normal', size='scalable')) = 10.05
DEBUG:matplotlib.font_manager:findfont: score(FontEntry(fname='C:\\Windows\\Fonts\\corbell.ttf', name='Corbel', style='normal', variant='normal', weight=300, stretch='normal', size='scalable')) = 10.145
DEBUG:matplotlib.font_manager:findfont: score(FontEntry(fname='C:\\Windows\\Fonts\\simsunb.ttf', name='SimSun-ExtB', style='normal', variant='normal', weight=400, stretch='normal', size='scalable')) = 10.05
DEBUG:matplotlib.font_manager:findfont: score(FontEntry(fname='C:\\Windows\\Fonts\\ebrimabd.ttf', name='Ebrima', style='normal', variant='normal', weight=700, stretch='normal', size='scalable')) = 10.335
DEBUG:matplotlib.font_manager:findfont: score(FontEntry(fname='C:\\Windows\\Fonts\\gadugi.ttf', name='Gadugi', style='normal', variant='normal', weight=400, stretch='normal', size='scalable')) = 10.05
DEBUG:matplotlib.font_manager:findfont: score(FontEntry(fname='C:\\Windows\\Fonts\\corbel.ttf', name='Corbel', style='normal', variant='normal', weight=400, stretch='normal', size='scalable')) = 10.05
DEBUG:matplotlib.font_manager:findfont: score(FontEntry(fname='C:\\Windows\\Fonts\\constani.ttf', name='Constantia', style='italic', variant='normal', weight=400, stretch='normal', size='scalable')) = 11.05
DEBUG:matplotlib.font_manager:findfont: score(FontEntry(fname='C:\\Windows\\Fonts\\verdanab.ttf', name='Verdana', style='normal', variant='normal', weight=700, stretch='normal', size='scalable')) = 3.9713636363636367
DEBUG:matplotlib.font_manager:findfont: score(FontEntry(fname='C:\\Windows\\Fonts\\palai.ttf', name='Palatino Linotype', style='italic', variant='normal', weight=400, stretch='normal', size='scalable')) = 11.05
DEBUG:matplotlib.font_manager:findfont: score(FontEntry(fname='C:\\Windows\\Fonts\\seguili.ttf', name='Segoe UI', style='italic', variant='normal', weight=300, stretch='normal', size='scalable')) = 11.145
DEBUG:matplotlib.font_manager:findfont: score(FontEntry(fname='C:\\Windows\\Fonts\\timesbd.ttf', name='Times New Roman', style='normal', variant='normal', weight=700, stretch='normal', size='scalable')) = 10.335
DEBUG:matplotlib.font_manager:findfont: score(FontEntry(fname='C:\\Windows\\Fonts\\corbelz.ttf', name='Corbel', style='italic', variant='normal', weight=700, stretch='normal', size='scalable')) = 11.335
DEBUG:matplotlib.font_manager:findfont: score(FontEntry(fname='C:\\Windows\\Fonts\\framd.ttf', name='Franklin Gothic Medium', style='normal', variant='normal', weight=400, stretch='normal', size='scalable')) = 10.05
DEBUG:matplotlib.font_manager:findfont: score(FontEntry(fname='C:\\Windows\\Fonts\\symbol.ttf', name='Symbol', style='normal', variant='normal', weight=400, stretch='normal', size='scalable')) = 10.05
DEBUG:matplotlib.font_manager:findfont: score(FontEntry(fname='C:\\Windows\\Fonts\\Candara.ttf', name='Candara', style='normal', variant='normal', weight=400, stretch='normal', size='scalable')) = 10.05
DEBUG:matplotlib.font_manager:findfont: score(FontEntry(fname='C:\\Windows\\Fonts\\msyhl.ttc', name='Microsoft YaHei', style='normal', variant='normal', weight=290, stretch='normal', size='scalable')) = 10.1545
DEBUG:matplotlib.font_manager:findfont: score(FontEntry(fname='C:\\Windows\\Fonts\\gisha.ttf', name='Gisha', style='normal', variant='normal', weight=400, stretch='normal', size='scalable')) = 10.05
DEBUG:matplotlib.font_manager:findfont: score(FontEntry(fname='C:\\Windows\\Fonts\\msgothic.ttc', name='MS Gothic', style='normal', variant='normal', weight=400, stretch='normal', size='scalable')) = 10.05
DEBUG:matplotlib.font_manager:findfont: score(FontEntry(fname='C:\\Windows\\Fonts\\wingding.ttf', name='Wingdings', style='normal', variant='normal', weight=400, stretch='normal', size='scalable')) = 10.05
DEBUG:matplotlib.font_manager:findfont: score(FontEntry(fname='C:\\Windows\\Fonts\\frank.ttf', name='FrankRuehl', style='normal', variant='normal', weight=400, stretch='normal', size='scalable')) = 10.05
DEBUG:matplotlib.font_manager:findfont: score(FontEntry(fname='C:\\Windows\\Fonts\\consola.ttf', name='Consolas', style='normal', variant='normal', weight=400, stretch='normal', size='scalable')) = 10.05
DEBUG:matplotlib.font_manager:findfont: score(FontEntry(fname='C:\\Windows\\Fonts\\segoescb.ttf', name='Segoe Script', style='normal', variant='normal', weight=700, stretch='normal', size='scalable')) = 10.335
DEBUG:matplotlib.font_manager:findfont: score(FontEntry(fname='C:\\Windows\\Fonts\\segoeuiz.ttf', name='Segoe UI', style='italic', variant='normal', weight=700, stretch='normal', size='scalable')) = 11.335
DEBUG:matplotlib.font_manager:findfont: score(FontEntry(fname='C:\\Windows\\Fonts\\CascadiaMono.ttf', name='Cascadia Mono', style='normal', variant='normal', weight=400, stretch='normal', size='scalable')) = 10.05
DEBUG:matplotlib.font_manager:findfont: score(FontEntry(fname='C:\\Windows\\Fonts\\palabi.ttf', name='Palatino Linotype', style='italic', variant='normal', weight=700, stretch='normal', size='scalable')) = 11.335
DEBUG:matplotlib.font_manager:findfont: score(FontEntry(fname='C:\\Windows\\Fonts\\mmrtextb.ttf', name='Myanmar Text', style='normal', variant='normal', weight=700, stretch='normal', size='scalable')) = 10.335
DEBUG:matplotlib.font_manager:findfont: score(FontEntry(fname='C:\\Windows\\Fonts\\unispace bd.ttf', name='Unispace', style='normal', variant='normal', weight=700, stretch='normal', size='scalable')) = 10.335
DEBUG:matplotlib.font_manager:findfont: score(FontEntry(fname='C:\\Windows\\Fonts\\calibriz.ttf', name='Calibri', style='italic', variant='normal', weight=700, stretch='normal', size='scalable')) = 11.335
DEBUG:matplotlib.font_manager:findfont: score(FontEntry(fname='C:\\Windows\\Fonts\\Gabriola.ttf', name='Gabriola', style='normal', variant='normal', weight=400, stretch='normal', size='scalable')) = 10.05
DEBUG:matplotlib.font_manager:findfont: score(FontEntry(fname='C:\\Windows\\Fonts\\segoeuisl.ttf', name='Segoe UI', style='normal', variant='normal', weight=350, stretch='normal', size='scalable')) = 10.0975
DEBUG:matplotlib.font_manager:findfont: score(FontEntry(fname='C:\\Windows\\Fonts\\SitkaVF-Italic.ttf', name='Sitka', style='italic', variant='normal', weight=400, stretch='normal', size='scalable')) = 11.05
DEBUG:matplotlib.font_manager:findfont: score(FontEntry(fname='C:\\Windows\\Fonts\\YuGothR.ttc', name='Yu Gothic', style='normal', variant='normal', weight=400, stretch='normal', size='scalable')) = 10.05
DEBUG:matplotlib.font_manager:findfont: score(FontEntry(fname='C:\\Windows\\Fonts\\framdit.ttf', name='Franklin Gothic Medium', style='italic', variant='normal', weight=400, stretch='normal', size='scalable')) = 11.05
DEBUG:matplotlib.font_manager:findfont: score(FontEntry(fname='C:\\Windows\\Fonts\\seguisbi.ttf', name='Segoe UI', style='italic', variant='normal', weight=600, stretch='normal', size='scalable')) = 11.24
DEBUG:matplotlib.font_manager:findfont: score(FontEntry(fname='C:\\Windows\\Fonts\\Candarali.ttf', name='Candara', style='italic', variant='normal', weight=400, stretch='normal', size='scalable')) = 11.05
DEBUG:matplotlib.font_manager:findfont: score(FontEntry(fname='C:\\Windows\\Fonts\\tahomabd.ttf', name='Tahoma', style='normal', variant='normal', weight=700, stretch='normal', size='scalable')) = 10.335
DEBUG:matplotlib.font_manager:findfont: score(FontEntry(fname='C:\\Windows\\Fonts\\seguibl.ttf', name='Segoe UI', style='normal', variant='normal', weight=900, stretch='normal', size='scalable')) = 10.525
DEBUG:matplotlib.font_manager:findfont: score(FontEntry(fname='C:\\Windows\\Fonts\\mriamc.ttf', name='Miriam Fixed', style='normal', variant='normal', weight=400, stretch='normal', size='scalable')) = 10.05
DEBUG:matplotlib.font_manager:findfont: score(FontEntry(fname='C:\\Windows\\Fonts\\timesbi.ttf', name='Times New Roman', style='italic', variant='normal', weight=700, stretch='normal', size='scalable')) = 11.335
DEBUG:matplotlib.font_manager:findfont: score(FontEntry(fname='C:\\Windows\\Fonts\\YuGothM.ttc', name='Yu Gothic', style='normal', variant='normal', weight=500, stretch='normal', size='scalable')) = 10.145
DEBUG:matplotlib.font_manager:findfont: score(FontEntry(fname='C:\\Windows\\Fonts\\arial.ttf', name='Arial', style='normal', variant='normal', weight=400, stretch='normal', size='scalable')) = 6.413636363636363
DEBUG:matplotlib.font_manager:findfont: score(FontEntry(fname='C:\\Windows\\Fonts\\lvnmbd.ttf', name='Levenim MT', style='normal', variant='normal', weight=700, stretch='normal', size='scalable')) = 10.335
DEBUG:matplotlib.font_manager:findfont: score(FontEntry(fname='C:\\Windows\\Fonts\\arialbd.ttf', name='Arial', style='normal', variant='normal', weight=700, stretch='normal', size='scalable')) = 6.698636363636363
DEBUG:matplotlib.font_manager:findfont: score(FontEntry(fname='C:\\Windows\\Fonts\\nrkis.ttf', name='Narkisim', style='normal', variant='normal', weight=400, stretch='normal', size='scalable')) = 10.05
DEBUG:matplotlib.font_manager:findfont: score(FontEntry(fname='C:\\Windows\\Fonts\\trebucbd.ttf', name='Trebuchet MS', style='normal', variant='normal', weight=700, stretch='normal', size='scalable')) = 10.335
DEBUG:matplotlib.font_manager:findfont: score(FontEntry(fname='C:\\Windows\\Fonts\\msjhbd.ttc', name='Microsoft JhengHei', style='normal', variant='normal', weight=700, stretch='normal', size='scalable')) = 10.335
DEBUG:matplotlib.font_manager:findfont: score(FontEntry(fname='C:\\Windows\\Fonts\\verdana.ttf', name='Verdana', style='normal', variant='normal', weight=400, stretch='normal', size='scalable')) = 3.6863636363636365
DEBUG:matplotlib.font_manager:findfont: score(FontEntry(fname='C:\\Windows\\Fonts\\segoeuii.ttf', name='Segoe UI', style='italic', variant='normal', weight=400, stretch='normal', size='scalable')) = 11.05
DEBUG:matplotlib.font_manager:findfont: score(FontEntry(fname='C:\\Windows\\Fonts\\phagspa.ttf', name='Microsoft PhagsPa', style='normal', variant='normal', weight=400, stretch='normal', size='scalable')) = 10.05
DEBUG:matplotlib.font_manager:findfont: score(FontEntry(fname='C:\\Windows\\Fonts\\SimsunExtG.ttf', name='SimSun-ExtG', style='normal', variant='normal', weight=400, stretch='normal', size='scalable')) = 10.05
DEBUG:matplotlib.font_manager:findfont: score(FontEntry(fname='C:\\Windows\\Fonts\\segoepr.ttf', name='Segoe Print', style='normal', variant='normal', weight=400, stretch='normal', size='scalable')) = 10.05
DEBUG:matplotlib.font_manager:findfont: score(FontEntry(fname='C:\\Windows\\Fonts\\segoeui.ttf', name='Segoe UI', style='normal', variant='normal', weight=400, stretch='normal', size='scalable')) = 10.05
DEBUG:matplotlib.font_manager:findfont: score(FontEntry(fname='C:\\Windows\\Fonts\\mriam.ttf', name='Miriam', style='normal', variant='normal', weight=400, stretch='normal', size='scalable')) = 10.05
DEBUG:matplotlib.font_manager:findfont: score(FontEntry(fname='C:\\Windows\\Fonts\\verdanai.ttf', name='Verdana', style='italic', variant='normal', weight=400, stretch='normal', size='scalable')) = 4.6863636363636365
DEBUG:matplotlib.font_manager:findfont: score(FontEntry(fname='C:\\Windows\\Fonts\\times.ttf', name='Times New Roman', style='normal', variant='normal', weight=400, stretch='normal', size='scalable')) = 10.05
DEBUG:matplotlib.font_manager:findfont: score(FontEntry(fname='C:\\Windows\\Fonts\\lvnm.ttf', name='Levenim MT', style='normal', variant='normal', weight=400, stretch='normal', size='scalable')) = 10.05
DEBUG:matplotlib.font_manager:findfont: score(FontEntry(fname='C:\\Windows\\Fonts\\consolai.ttf', name='Consolas', style='italic', variant='normal', weight=400, stretch='normal', size='scalable')) = 11.05
DEBUG:matplotlib.font_manager:findfont: score(FontEntry(fname='C:\\Windows\\Fonts\\YuGothL.ttc', name='Yu Gothic', style='normal', variant='normal', weight=300, stretch='normal', size='scalable')) = 10.145
DEBUG:matplotlib.font_manager:findfont: score(FontEntry(fname='C:\\Windows\\Fonts\\comicbd.ttf', name='Comic Sans MS', style='normal', variant='normal', weight=700, stretch='normal', size='scalable')) = 10.335
DEBUG:matplotlib.font_manager:findfont: score(FontEntry(fname='C:\\Windows\\Fonts\\mmrtext.ttf', name='Myanmar Text', style='normal', variant='normal', weight=400, stretch='normal', size='scalable')) = 10.05
DEBUG:matplotlib.font_manager:findfont: score(FontEntry(fname='C:\\Windows\\Fonts\\sylfaen.ttf', name='Sylfaen', style='normal', variant='normal', weight=400, stretch='normal', size='scalable')) = 10.05
DEBUG:matplotlib.font_manager:findfont: score(FontEntry(fname='C:\\Windows\\Fonts\\gishabd.ttf', name='Gisha', style='normal', variant='normal', weight=700, stretch='normal', size='scalable')) = 10.335
DEBUG:matplotlib.font_manager:findfont: score(FontEntry(fname='C:\\Windows\\Fonts\\Xolonium-Regular.otf', name='Xolonium', style='normal', variant='normal', weight=400, stretch='normal', size='scalable')) = 10.05
DEBUG:matplotlib.font_manager:findfont: score(FontEntry(fname='C:\\Windows\\Fonts\\segoesc.ttf', name='Segoe Script', style='normal', variant='normal', weight=400, stretch='normal', size='scalable')) = 10.05
DEBUG:matplotlib.font_manager:findfont: score(FontEntry(fname='C:\\Windows\\Fonts\\Candaral.ttf', name='Candara', style='normal', variant='normal', weight=400, stretch='normal', size='scalable')) = 10.05
DEBUG:matplotlib.font_manager:findfont: score(FontEntry(fname='C:\\Windows\\Fonts\\impact.ttf', name='Impact', style='normal', variant='normal', weight=400, stretch='normal', size='scalable')) = 10.05
DEBUG:matplotlib.font_manager:findfont: score(FontEntry(fname='C:\\Windows\\Fonts\\seguihis.ttf', name='Segoe UI Historic', style='normal', variant='normal', weight=400, stretch='normal', size='scalable')) = 10.05
DEBUG:matplotlib.font_manager:findfont: score(FontEntry(fname='C:\\Windows\\Fonts\\arialbi.ttf', name='Arial', style='italic', variant='normal', weight=700, stretch='normal', size='scalable')) = 7.698636363636363
DEBUG:matplotlib.font_manager:findfont: score(FontEntry(fname='C:\\Windows\\Fonts\\bahnschrift.ttf', name='Bahnschrift', style='normal', variant='normal', weight=400, stretch='normal', size='scalable')) = 10.05
DEBUG:matplotlib.font_manager:findfont: score(FontEntry(fname='C:\\Windows\\Fonts\\constanz.ttf', name='Constantia', style='italic', variant='normal', weight=700, stretch='normal', size='scalable')) = 11.335
DEBUG:matplotlib.font_manager:findfont: score(FontEntry(fname='C:\\Windows\\Fonts\\corbelb.ttf', name='Corbel', style='normal', variant='normal', weight=700, stretch='normal', size='scalable')) = 10.335
DEBUG:matplotlib.font_manager:findfont: score(FontEntry(fname='C:\\Windows\\Fonts\\calibrib.ttf', name='Calibri', style='normal', variant='normal', weight=700, stretch='normal', size='scalable')) = 10.335
DEBUG:matplotlib.font_manager:findfont: score(FontEntry(fname='C:\\Windows\\Fonts\\CascadiaCode.ttf', name='Cascadia Code', style='normal', variant='normal', weight=400, stretch='normal', size='scalable')) = 10.05
DEBUG:matplotlib.font_manager:findfont: score(FontEntry(fname='C:\\Windows\\Fonts\\cambria.ttc', name='Cambria', style='normal', variant='normal', weight=400, stretch='normal', size='scalable')) = 10.05
DEBUG:matplotlib.font_manager:findfont: score(FontEntry(fname='C:\\Windows\\Fonts\\georgia.ttf', name='Georgia', style='normal', variant='normal', weight=400, stretch='normal', size='scalable')) = 10.05
DEBUG:matplotlib.font_manager:findfont: score(FontEntry(fname='C:\\Windows\\Fonts\\seguiemj.ttf', name='Segoe UI Emoji', style='normal', variant='normal', weight=400, stretch='normal', size='scalable')) = 10.05
DEBUG:matplotlib.font_manager:findfont: score(FontEntry(fname='C:\\Windows\\Fonts\\verdanaz.ttf', name='Verdana', style='italic', variant='normal', weight=700, stretch='normal', size='scalable')) = 4.971363636363637
DEBUG:matplotlib.font_manager:findfont: score(FontEntry(fname='C:\\Windows\\Fonts\\Inkfree.ttf', name='Ink Free', style='normal', variant='normal', weight=400, stretch='normal', size='scalable')) = 10.05
DEBUG:matplotlib.font_manager:findfont: score(FontEntry(fname='C:\\Windows\\Fonts\\msjhl.ttc', name='Microsoft JhengHei', style='normal', variant='normal', weight=290, stretch='normal', size='scalable')) = 10.1545
DEBUG:matplotlib.font_manager:findfont: score(FontEntry(fname='C:\\Windows\\Fonts\\msyhbd.ttc', name='Microsoft YaHei', style='normal', variant='normal', weight=700, stretch='normal', size='scalable')) = 10.335
DEBUG:matplotlib.font_manager:findfont: score(FontEntry(fname='C:\\Windows\\Fonts\\trebucbi.ttf', name='Trebuchet MS', style='italic', variant='normal', weight=700, stretch='normal', size='scalable')) = 11.335
DEBUG:matplotlib.font_manager:findfont: score(FontEntry(fname='C:\\Windows\\Fonts\\seguisli.ttf', name='Segoe UI', style='italic', variant='normal', weight=350, stretch='normal', size='scalable')) = 11.0975
DEBUG:matplotlib.font_manager:findfont: score(FontEntry(fname='C:\\Windows\\Fonts\\davidbd.ttf', name='David', style='normal', variant='normal', weight=700, stretch='normal', size='scalable')) = 10.335
DEBUG:matplotlib.font_manager:findfont: score(FontEntry(fname='C:\\Windows\\Fonts\\ahronbd.ttf', name='Aharoni', style='normal', variant='normal', weight=700, stretch='normal', size='scalable')) = 10.335
DEBUG:matplotlib.font_manager:findfont: score(FontEntry(fname='C:\\Windows\\Fonts\\courbi.ttf', name='Courier New', style='italic', variant='normal', weight=700, stretch='normal', size='scalable')) = 11.335
DEBUG:matplotlib.font_manager:findfont: score(FontEntry(fname='C:\\Windows\\Fonts\\himalaya.ttf', name='Microsoft Himalaya', style='normal', variant='normal', weight=400, stretch='normal', size='scalable')) = 10.05
DEBUG:matplotlib.font_manager:findfont: score(FontEntry(fname='C:\\Windows\\Fonts\\georgiai.ttf', name='Georgia', style='italic', variant='normal', weight=400, stretch='normal', size='scalable')) = 11.05
DEBUG:matplotlib.font_manager:findfont: score(FontEntry(fname='C:\\Windows\\Fonts\\segoeuil.ttf', name='Segoe UI', style='normal', variant='normal', weight=300, stretch='normal', size='scalable')) = 10.145
DEBUG:matplotlib.font_manager:findfont: score(FontEntry(fname='C:\\Windows\\Fonts\\ariali.ttf', name='Arial', style='italic', variant='normal', weight=400, stretch='normal', size='scalable')) = 7.413636363636363
DEBUG:matplotlib.font_manager:findfont: score(FontEntry(fname='C:\\Windows\\Fonts\\calibri.ttf', name='Calibri', style='normal', variant='normal', weight=400, stretch='normal', size='scalable')) = 10.05
DEBUG:matplotlib.font_manager:findfont: score(FontEntry(fname='C:\\Windows\\Fonts\\lucon.ttf', name='Lucida Console', style='normal', variant='normal', weight=400, stretch='normal', size='scalable')) = 10.05
DEBUG:matplotlib.font_manager:findfont: score(FontEntry(fname='C:\\Windows\\Fonts\\comici.ttf', name='Comic Sans MS', style='italic', variant='normal', weight=400, stretch='normal', size='scalable')) = 11.05
DEBUG:matplotlib.font_manager:findfont: score(FontEntry(fname='C:\\Windows\\Fonts\\segmdl2.ttf', name='Segoe MDL2 Assets', style='normal', variant='normal', weight=400, stretch='normal', size='scalable')) = 10.05
DEBUG:matplotlib.font_manager:findfont: score(FontEntry(fname='C:\\Windows\\Fonts\\consolab.ttf', name='Consolas', style='normal', variant='normal', weight=700, stretch='normal', size='scalable')) = 10.335
DEBUG:matplotlib.font_manager:findfont: score(FontEntry(fname='C:\\Windows\\Fonts\\taile.ttf', name='Microsoft Tai Le', style='normal', variant='normal', weight=400, stretch='normal', size='scalable')) = 10.05
DEBUG:matplotlib.font_manager:findfont: score(FontEntry(fname='C:\\Windows\\Fonts\\palab.ttf', name='Palatino Linotype', style='normal', variant='normal', weight=700, stretch='normal', size='scalable')) = 10.335
DEBUG:matplotlib.font_manager:findfont: score(FontEntry(fname='C:\\Windows\\Fonts\\trebuc.ttf', name='Trebuchet MS', style='normal', variant='normal', weight=400, stretch='normal', size='scalable')) = 10.05
DEBUG:matplotlib.font_manager:findfont: score(FontEntry(fname='C:\\Windows\\Fonts\\msjh.ttc', name='Microsoft JhengHei', style='normal', variant='normal', weight=400, stretch='normal', size='scalable')) = 10.05
DEBUG:matplotlib.font_manager:findfont: score(FontEntry(fname='C:\\Windows\\Fonts\\georgiab.ttf', name='Georgia', style='normal', variant='normal', weight=700, stretch='normal', size='scalable')) = 10.335
DEBUG:matplotlib.font_manager:findfont: score(FontEntry(fname='C:\\Windows\\Fonts\\YuGothB.ttc', name='Yu Gothic', style='normal', variant='normal', weight=700, stretch='normal', size='scalable')) = 10.335
DEBUG:matplotlib.font_manager:findfont: score(FontEntry(fname='C:\\Windows\\Fonts\\webdings.ttf', name='Webdings', style='normal', variant='normal', weight=400, stretch='normal', size='scalable')) = 10.05
DEBUG:matplotlib.font_manager:findfont: score(FontEntry(fname='C:\\Windows\\Fonts\\gadugib.ttf', name='Gadugi', style='normal', variant='normal', weight=700, stretch='normal', size='scalable')) = 10.335
DEBUG:matplotlib.font_manager:findfont: score(FontEntry(fname='C:\\Windows\\Fonts\\david.ttf', name='David', style='normal', variant='normal', weight=400, stretch='normal', size='scalable')) = 10.05
DEBUG:matplotlib.font_manager:findfont: score(FontEntry(fname='C:\\Windows\\Fonts\\ntailub.ttf', name='Microsoft New Tai Lue', style='normal', variant='normal', weight=700, stretch='normal', size='scalable')) = 10.335
DEBUG:matplotlib.font_manager:findfont: score(FontEntry(fname='C:\\Windows\\Fonts\\simsun.ttc', name='SimSun', style='normal', variant='normal', weight=400, stretch='normal', size='scalable')) = 10.05
DEBUG:matplotlib.font_manager:findfont: score(FontEntry(fname='C:\\Windows\\Fonts\\cambriaz.ttf', name='Cambria', style='italic', variant='normal', weight=700, stretch='normal', size='scalable')) = 11.335
DEBUG:matplotlib.font_manager:findfont: score(FontEntry(fname='C:\\Windows\\Fonts\\javatext.ttf', name='Javanese Text', style='normal', variant='normal', weight=400, stretch='normal', size='scalable')) = 10.05
DEBUG:matplotlib.font_manager:findfont: score(FontEntry(fname='C:\\Windows\\Fonts\\micross.ttf', name='Microsoft Sans Serif', style='normal', variant='normal', weight=400, stretch='normal', size='scalable')) = 10.05
DEBUG:matplotlib.font_manager:findfont: score(FontEntry(fname='C:\\Windows\\Fonts\\ebrima.ttf', name='Ebrima', style='normal', variant='normal', weight=400, stretch='normal', size='scalable')) = 10.05
DEBUG:matplotlib.font_manager:findfont: score(FontEntry(fname='C:\\Windows\\Fonts\\ROGFontsv1.6-Regular.ttf', name='ROG Fonts v1.6', style='normal', variant='normal', weight=400, stretch='normal', size='scalable')) = 10.05
DEBUG:matplotlib.font_manager:findfont: score(FontEntry(fname='C:\\Windows\\Fonts\\ntailu.ttf', name='Microsoft New Tai Lue', style='normal', variant='normal', weight=400, stretch='normal', size='scalable')) = 10.05
DEBUG:matplotlib.font_manager:findfont: score(FontEntry(fname='C:\\Windows\\Fonts\\Nirmala.ttc', name='Nirmala UI', style='normal', variant='normal', weight=400, stretch='normal', size='scalable')) = 10.05
DEBUG:matplotlib.font_manager:findfont: score(FontEntry(fname='C:\\Windows\\Fonts\\constan.ttf', name='Constantia', style='normal', variant='normal', weight=400, stretch='normal', size='scalable')) = 10.05
DEBUG:matplotlib.font_manager:findfont: score(FontEntry(fname='C:\\Windows\\Fonts\\monbaiti.ttf', name='Mongolian Baiti', style='normal', variant='normal', weight=400, stretch='normal', size='scalable')) = 10.05
DEBUG:matplotlib.font_manager:findfont: score(FontEntry(fname='C:\\Windows\\Fonts\\malgunsl.ttf', name='Malgun Gothic', style='normal', variant='normal', weight=300, stretch='normal', size='scalable')) = 10.145
DEBUG:matplotlib.font_manager:findfont: score(FontEntry(fname='C:\\Windows\\Fonts\\LeelUIsl.ttf', name='Leelawadee UI', style='normal', variant='normal', weight=350, stretch='normal', size='scalable')) = 10.0975
DEBUG:matplotlib.font_manager:findfont: score(FontEntry(fname='C:\\Windows\\Fonts\\trebucit.ttf', name='Trebuchet MS', style='italic', variant='normal', weight=400, stretch='normal', size='scalable')) = 11.05
DEBUG:matplotlib.font_manager:findfont: score(FontEntry(fname='C:\\Windows\\Fonts\\SansSerifCollection.ttf', name='Sans Serif Collection', style='normal', variant='normal', weight=400, stretch='normal', size='scalable')) = 10.05
DEBUG:matplotlib.font_manager:findfont: score(FontEntry(fname='C:\\Windows\\Fonts\\taileb.ttf', name='Microsoft Tai Le', style='normal', variant='normal', weight=700, stretch='normal', size='scalable')) = 10.335
DEBUG:matplotlib.font_manager:findfont: score(FontEntry(fname='C:\\Windows\\Fonts\\pala.ttf', name='Palatino Linotype', style='normal', variant='normal', weight=400, stretch='normal', size='scalable')) = 10.05
DEBUG:matplotlib.font_manager:findfont: score(FontEntry(fname='C:\\Windows\\Fonts\\georgiaz.ttf', name='Georgia', style='italic', variant='normal', weight=700, stretch='normal', size='scalable')) = 11.335
DEBUG:matplotlib.font_manager:findfont: score(FontEntry(fname='C:\\Windows\\Fonts\\Candaraz.ttf', name='Candara', style='italic', variant='normal', weight=700, stretch='normal', size='scalable')) = 11.335
DEBUG:matplotlib.font_manager:findfont: score(FontEntry(fname='C:\\Windows\\Fonts\\calibrii.ttf', name='Calibri', style='italic', variant='normal', weight=400, stretch='normal', size='scalable')) = 11.05
DEBUG:matplotlib.font_manager:findfont: score(FontEntry(fname='C:\\Windows\\Fonts\\calibrili.ttf', name='Calibri', style='italic', variant='normal', weight=300, stretch='normal', size='scalable')) = 11.145
DEBUG:matplotlib.font_manager:findfont: score(FontEntry(fname='C:\\Windows\\Fonts\\malgun.ttf', name='Malgun Gothic', style='normal', variant='normal', weight=400, stretch='normal', size='scalable')) = 10.05
DEBUG:matplotlib.font_manager:findfont: score(FontEntry(fname='C:\\Windows\\Fonts\\seguibli.ttf', name='Segoe UI', style='italic', variant='normal', weight=900, stretch='normal', size='scalable')) = 11.525
DEBUG:matplotlib.font_manager:findfont: score(FontEntry(fname='C:\\Windows\\Fonts\\comicz.ttf', name='Comic Sans MS', style='italic', variant='normal', weight=700, stretch='normal', size='scalable')) = 11.335
DEBUG:matplotlib.font_manager:findfont: score(FontEntry(fname='C:\\Windows\\Fonts\\timesi.ttf', name='Times New Roman', style='italic', variant='normal', weight=400, stretch='normal', size='scalable')) = 11.05
DEBUG:matplotlib.font_manager:findfont: score(FontEntry(fname='C:\\Windows\\Fonts\\msyi.ttf', name='Microsoft Yi Baiti', style='normal', variant='normal', weight=400, stretch='normal', size='scalable')) = 10.05
DEBUG:matplotlib.font_manager:findfont: score(FontEntry(fname='C:\\Windows\\Fonts\\LeelawUI.ttf', name='Leelawadee UI', style='normal', variant='normal', weight=400, stretch='normal', size='scalable')) = 10.05
DEBUG:matplotlib.font_manager:findfont: score(FontEntry(fname='C:\\Windows\\Fonts\\Candarai.ttf', name='Candara', style='italic', variant='normal', weight=400, stretch='normal', size='scalable')) = 11.05
DEBUG:matplotlib.font_manager:findfont: score(FontEntry(fname='C:\\Windows\\Fonts\\mingliub.ttc', name='MingLiU-ExtB', style='normal', variant='normal', weight=400, stretch='normal', size='scalable')) = 10.05
DEBUG:matplotlib.font_manager:findfont: score(FontEntry(fname='C:\\Windows\\Fonts\\cour.ttf', name='Courier New', style='normal', variant='normal', weight=400, stretch='normal', size='scalable')) = 10.05
DEBUG:matplotlib.font_manager:findfont: score(FontEntry(fname='C:\\Windows\\Fonts\\SegoeIcons.ttf', name='Segoe Fluent Icons', style='normal', variant='normal', weight=400, stretch='normal', size='scalable')) = 10.05
DEBUG:matplotlib.font_manager:findfont: score(FontEntry(fname='C:\\Windows\\Fonts\\l_10646.ttf', name='Lucida Sans Unicode', style='normal', variant='normal', weight=400, stretch='normal', size='scalable')) = 10.05
DEBUG:matplotlib.font_manager:findfont: score(FontEntry(fname='C:\\Windows\\Fonts\\mvboli.ttf', name='MV Boli', style='normal', variant='normal', weight=400, stretch='normal', size='scalable')) = 10.05
DEBUG:matplotlib.font_manager:findfont: score(FontEntry(fname='C:\\Windows\\Fonts\\couri.ttf', name='Courier New', style='italic', variant='normal', weight=400, stretch='normal', size='scalable')) = 11.05
DEBUG:matplotlib.font_manager:findfont: score(FontEntry(fname='C:\\Windows\\Fonts\\constanb.ttf', name='Constantia', style='normal', variant='normal', weight=700, stretch='normal', size='scalable')) = 10.335
DEBUG:matplotlib.font_manager:findfont: Matching sans\-serif:style=normal:variant=normal:weight=normal:stretch=normal:size=10.0 to DejaVu Sans ('C:\\Users\\danli\\.conda\\envs\\pid_control\\Lib\\site-packages\\matplotlib\\mpl-data\\fonts\\ttf\\DejaVuSans.ttf') with score of 0.050000.
DEBUG:matplotlib.font_manager:findfont: Matching sans\-serif:style=normal:variant=normal:weight=normal:stretch=normal:size=12.0.
DEBUG:matplotlib.font_manager:findfont: score(FontEntry(fname='C:\\Users\\danli\\.conda\\envs\\pid_control\\Lib\\site-packages\\matplotlib\\mpl-data\\fonts\\ttf\\DejaVuSansMono.ttf', name='DejaVu Sans Mono', style='normal', variant='normal', weight=400, stretch='normal', size='scalable')) = 10.05
DEBUG:matplotlib.font_manager:findfont: score(FontEntry(fname='C:\\Users\\danli\\.conda\\envs\\pid_control\\Lib\\site-packages\\matplotlib\\mpl-data\\fonts\\ttf\\cmsy10.ttf', name='cmsy10', style='normal', variant='normal', weight=400, stretch='normal', size='scalable')) = 10.05
DEBUG:matplotlib.font_manager:findfont: score(FontEntry(fname='C:\\Users\\danli\\.conda\\envs\\pid_control\\Lib\\site-packages\\matplotlib\\mpl-data\\fonts\\ttf\\DejaVuSerif.ttf', name='DejaVu Serif', style='normal', variant='normal', weight=400, stretch='normal', size='scalable')) = 10.05
DEBUG:matplotlib.font_manager:findfont: score(FontEntry(fname='C:\\Users\\danli\\.conda\\envs\\pid_control\\Lib\\site-packages\\matplotlib\\mpl-data\\fonts\\ttf\\DejaVuSans-BoldOblique.ttf', name='DejaVu Sans', style='oblique', variant='normal', weight=700, stretch='normal', size='scalable')) = 1.335
DEBUG:matplotlib.font_manager:findfont: score(FontEntry(fname='C:\\Users\\danli\\.conda\\envs\\pid_control\\Lib\\site-packages\\matplotlib\\mpl-data\\fonts\\ttf\\cmex10.ttf', name='cmex10', style='normal', variant='normal', weight=400, stretch='normal', size='scalable')) = 10.05
DEBUG:matplotlib.font_manager:findfont: score(FontEntry(fname='C:\\Users\\danli\\.conda\\envs\\pid_control\\Lib\\site-packages\\matplotlib\\mpl-data\\fonts\\ttf\\STIXSizOneSymReg.ttf', name='STIXSizeOneSym', style='normal', variant='normal', weight=400, stretch='normal', size='scalable')) = 10.05
DEBUG:matplotlib.font_manager:findfont: score(FontEntry(fname='C:\\Users\\danli\\.conda\\envs\\pid_control\\Lib\\site-packages\\matplotlib\\mpl-data\\fonts\\ttf\\STIXNonUniIta.ttf', name='STIXNonUnicode', style='italic', variant='normal', weight=400, stretch='normal', size='scalable')) = 11.05
DEBUG:matplotlib.font_manager:findfont: score(FontEntry(fname='C:\\Users\\danli\\.conda\\envs\\pid_control\\Lib\\site-packages\\matplotlib\\mpl-data\\fonts\\ttf\\DejaVuSans.ttf', name='DejaVu Sans', style='normal', variant='normal', weight=400, stretch='normal', size='scalable')) = 0.05
DEBUG:matplotlib.font_manager:findfont: score(FontEntry(fname='C:\\Users\\danli\\.conda\\envs\\pid_control\\Lib\\site-packages\\matplotlib\\mpl-data\\fonts\\ttf\\DejaVuSansMono-Oblique.ttf', name='DejaVu Sans Mono', style='oblique', variant='normal', weight=400, stretch='normal', size='scalable')) = 11.05
DEBUG:matplotlib.font_manager:findfont: score(FontEntry(fname='C:\\Users\\danli\\.conda\\envs\\pid_control\\Lib\\site-packages\\matplotlib\\mpl-data\\fonts\\ttf\\cmtt10.ttf', name='cmtt10', style='normal', variant='normal', weight=400, stretch='normal', size='scalable')) = 10.05
DEBUG:matplotlib.font_manager:findfont: score(FontEntry(fname='C:\\Users\\danli\\.conda\\envs\\pid_control\\Lib\\site-packages\\matplotlib\\mpl-data\\fonts\\ttf\\STIXSizThreeSymReg.ttf', name='STIXSizeThreeSym', style='normal', variant='normal', weight=400, stretch='normal', size='scalable')) = 10.05
DEBUG:matplotlib.font_manager:findfont: score(FontEntry(fname='C:\\Users\\danli\\.conda\\envs\\pid_control\\Lib\\site-packages\\matplotlib\\mpl-data\\fonts\\ttf\\cmmi10.ttf', name='cmmi10', style='normal', variant='normal', weight=400, stretch='normal', size='scalable')) = 10.05
DEBUG:matplotlib.font_manager:findfont: score(FontEntry(fname='C:\\Users\\danli\\.conda\\envs\\pid_control\\Lib\\site-packages\\matplotlib\\mpl-data\\fonts\\ttf\\STIXSizFourSymBol.ttf', name='STIXSizeFourSym', style='normal', variant='normal', weight=700, stretch='normal', size='scalable')) = 10.335
DEBUG:matplotlib.font_manager:findfont: score(FontEntry(fname='C:\\Users\\danli\\.conda\\envs\\pid_control\\Lib\\site-packages\\matplotlib\\mpl-data\\fonts\\ttf\\cmb10.ttf', name='cmb10', style='normal', variant='normal', weight=400, stretch='normal', size='scalable')) = 10.05
DEBUG:matplotlib.font_manager:findfont: score(FontEntry(fname='C:\\Users\\danli\\.conda\\envs\\pid_control\\Lib\\site-packages\\matplotlib\\mpl-data\\fonts\\ttf\\cmr10.ttf', name='cmr10', style='normal', variant='normal', weight=400, stretch='normal', size='scalable')) = 10.05
DEBUG:matplotlib.font_manager:findfont: score(FontEntry(fname='C:\\Users\\danli\\.conda\\envs\\pid_control\\Lib\\site-packages\\matplotlib\\mpl-data\\fonts\\ttf\\DejaVuSans-Oblique.ttf', name='DejaVu Sans', style='oblique', variant='normal', weight=400, stretch='normal', size='scalable')) = 1.05
DEBUG:matplotlib.font_manager:findfont: score(FontEntry(fname='C:\\Users\\danli\\.conda\\envs\\pid_control\\Lib\\site-packages\\matplotlib\\mpl-data\\fonts\\ttf\\STIXNonUniBolIta.ttf', name='STIXNonUnicode', style='italic', variant='normal', weight=700, stretch='normal', size='scalable')) = 11.335
DEBUG:matplotlib.font_manager:findfont: score(FontEntry(fname='C:\\Users\\danli\\.conda\\envs\\pid_control\\Lib\\site-packages\\matplotlib\\mpl-data\\fonts\\ttf\\STIXNonUni.ttf', name='STIXNonUnicode', style='normal', variant='normal', weight=400, stretch='normal', size='scalable')) = 10.05
DEBUG:matplotlib.font_manager:findfont: score(FontEntry(fname='C:\\Users\\danli\\.conda\\envs\\pid_control\\Lib\\site-packages\\matplotlib\\mpl-data\\fonts\\ttf\\STIXGeneralItalic.ttf', name='STIXGeneral', style='italic', variant='normal', weight=400, stretch='normal', size='scalable')) = 11.05
DEBUG:matplotlib.font_manager:findfont: score(FontEntry(fname='C:\\Users\\danli\\.conda\\envs\\pid_control\\Lib\\site-packages\\matplotlib\\mpl-data\\fonts\\ttf\\DejaVuSerif-Bold.ttf', name='DejaVu Serif', style='normal', variant='normal', weight=700, stretch='normal', size='scalable')) = 10.335
DEBUG:matplotlib.font_manager:findfont: score(FontEntry(fname='C:\\Users\\danli\\.conda\\envs\\pid_control\\Lib\\site-packages\\matplotlib\\mpl-data\\fonts\\ttf\\STIXGeneralBol.ttf', name='STIXGeneral', style='normal', variant='normal', weight=700, stretch='normal', size='scalable')) = 10.335
DEBUG:matplotlib.font_manager:findfont: score(FontEntry(fname='C:\\Users\\danli\\.conda\\envs\\pid_control\\Lib\\site-packages\\matplotlib\\mpl-data\\fonts\\ttf\\STIXGeneralBolIta.ttf', name='STIXGeneral', style='italic', variant='normal', weight=700, stretch='normal', size='scalable')) = 11.335
DEBUG:matplotlib.font_manager:findfont: score(FontEntry(fname='C:\\Users\\danli\\.conda\\envs\\pid_control\\Lib\\site-packages\\matplotlib\\mpl-data\\fonts\\ttf\\STIXSizThreeSymBol.ttf', name='STIXSizeThreeSym', style='normal', variant='normal', weight=700, stretch='normal', size='scalable')) = 10.335
DEBUG:matplotlib.font_manager:findfont: score(FontEntry(fname='C:\\Users\\danli\\.conda\\envs\\pid_control\\Lib\\site-packages\\matplotlib\\mpl-data\\fonts\\ttf\\DejaVuSans-Bold.ttf', name='DejaVu Sans', style='normal', variant='normal', weight=700, stretch='normal', size='scalable')) = 0.33499999999999996
DEBUG:matplotlib.font_manager:findfont: score(FontEntry(fname='C:\\Users\\danli\\.conda\\envs\\pid_control\\Lib\\site-packages\\matplotlib\\mpl-data\\fonts\\ttf\\DejaVuSerif-BoldItalic.ttf', name='DejaVu Serif', style='italic', variant='normal', weight=700, stretch='normal', size='scalable')) = 11.335
DEBUG:matplotlib.font_manager:findfont: score(FontEntry(fname='C:\\Users\\danli\\.conda\\envs\\pid_control\\Lib\\site-packages\\matplotlib\\mpl-data\\fonts\\ttf\\STIXGeneral.ttf', name='STIXGeneral', style='normal', variant='normal', weight=400, stretch='normal', size='scalable')) = 10.05
DEBUG:matplotlib.font_manager:findfont: score(FontEntry(fname='C:\\Users\\danli\\.conda\\envs\\pid_control\\Lib\\site-packages\\matplotlib\\mpl-data\\fonts\\ttf\\STIXNonUniBol.ttf', name='STIXNonUnicode', style='normal', variant='normal', weight=700, stretch='normal', size='scalable')) = 10.335
DEBUG:matplotlib.font_manager:findfont: score(FontEntry(fname='C:\\Users\\danli\\.conda\\envs\\pid_control\\Lib\\site-packages\\matplotlib\\mpl-data\\fonts\\ttf\\DejaVuSansMono-BoldOblique.ttf', name='DejaVu Sans Mono', style='oblique', variant='normal', weight=700, stretch='normal', size='scalable')) = 11.335
DEBUG:matplotlib.font_manager:findfont: score(FontEntry(fname='C:\\Users\\danli\\.conda\\envs\\pid_control\\Lib\\site-packages\\matplotlib\\mpl-data\\fonts\\ttf\\DejaVuSerifDisplay.ttf', name='DejaVu Serif Display', style='normal', variant='normal', weight=400, stretch='normal', size='scalable')) = 10.05
DEBUG:matplotlib.font_manager:findfont: score(FontEntry(fname='C:\\Users\\danli\\.conda\\envs\\pid_control\\Lib\\site-packages\\matplotlib\\mpl-data\\fonts\\ttf\\DejaVuSansMono-Bold.ttf', name='DejaVu Sans Mono', style='normal', variant='normal', weight=700, stretch='normal', size='scalable')) = 10.335
DEBUG:matplotlib.font_manager:findfont: score(FontEntry(fname='C:\\Users\\danli\\.conda\\envs\\pid_control\\Lib\\site-packages\\matplotlib\\mpl-data\\fonts\\ttf\\STIXSizFiveSymReg.ttf', name='STIXSizeFiveSym', style='normal', variant='normal', weight=400, stretch='normal', size='scalable')) = 10.05
DEBUG:matplotlib.font_manager:findfont: score(FontEntry(fname='C:\\Users\\danli\\.conda\\envs\\pid_control\\Lib\\site-packages\\matplotlib\\mpl-data\\fonts\\ttf\\DejaVuSansDisplay.ttf', name='DejaVu Sans Display', style='normal', variant='normal', weight=400, stretch='normal', size='scalable')) = 10.05
DEBUG:matplotlib.font_manager:findfont: score(FontEntry(fname='C:\\Users\\danli\\.conda\\envs\\pid_control\\Lib\\site-packages\\matplotlib\\mpl-data\\fonts\\ttf\\STIXSizFourSymReg.ttf', name='STIXSizeFourSym', style='normal', variant='normal', weight=400, stretch='normal', size='scalable')) = 10.05
DEBUG:matplotlib.font_manager:findfont: score(FontEntry(fname='C:\\Users\\danli\\.conda\\envs\\pid_control\\Lib\\site-packages\\matplotlib\\mpl-data\\fonts\\ttf\\cmss10.ttf', name='cmss10', style='normal', variant='normal', weight=400, stretch='normal', size='scalable')) = 10.05
DEBUG:matplotlib.font_manager:findfont: score(FontEntry(fname='C:\\Users\\danli\\.conda\\envs\\pid_control\\Lib\\site-packages\\matplotlib\\mpl-data\\fonts\\ttf\\STIXSizOneSymBol.ttf', name='STIXSizeOneSym', style='normal', variant='normal', weight=700, stretch='normal', size='scalable')) = 10.335
DEBUG:matplotlib.font_manager:findfont: score(FontEntry(fname='C:\\Users\\danli\\.conda\\envs\\pid_control\\Lib\\site-packages\\matplotlib\\mpl-data\\fonts\\ttf\\DejaVuSerif-Italic.ttf', name='DejaVu Serif', style='italic', variant='normal', weight=400, stretch='normal', size='scalable')) = 11.05
DEBUG:matplotlib.font_manager:findfont: score(FontEntry(fname='C:\\Users\\danli\\.conda\\envs\\pid_control\\Lib\\site-packages\\matplotlib\\mpl-data\\fonts\\ttf\\STIXSizTwoSymReg.ttf', name='STIXSizeTwoSym', style='normal', variant='normal', weight=400, stretch='normal', size='scalable')) = 10.05
DEBUG:matplotlib.font_manager:findfont: score(FontEntry(fname='C:\\Users\\danli\\.conda\\envs\\pid_control\\Lib\\site-packages\\matplotlib\\mpl-data\\fonts\\ttf\\STIXSizTwoSymBol.ttf', name='STIXSizeTwoSym', style='normal', variant='normal', weight=700, stretch='normal', size='scalable')) = 10.335
DEBUG:matplotlib.font_manager:findfont: score(FontEntry(fname='C:\\Windows\\Fonts\\seguisb.ttf', name='Segoe UI', style='normal', variant='normal', weight=600, stretch='normal', size='scalable')) = 10.24
DEBUG:matplotlib.font_manager:findfont: score(FontEntry(fname='C:\\Windows\\Fonts\\cambriab.ttf', name='Cambria', style='normal', variant='normal', weight=700, stretch='normal', size='scalable')) = 10.335
DEBUG:matplotlib.font_manager:findfont: score(FontEntry(fname='C:\\Windows\\Fonts\\corbeli.ttf', name='Corbel', style='italic', variant='normal', weight=400, stretch='normal', size='scalable')) = 11.05
DEBUG:matplotlib.font_manager:findfont: score(FontEntry(fname='C:\\Windows\\Fonts\\segoeprb.ttf', name='Segoe Print', style='normal', variant='normal', weight=700, stretch='normal', size='scalable')) = 10.335
DEBUG:matplotlib.font_manager:findfont: score(FontEntry(fname='C:\\Windows\\Fonts\\calibril.ttf', name='Calibri', style='normal', variant='normal', weight=300, stretch='normal', size='scalable')) = 10.145
DEBUG:matplotlib.font_manager:findfont: score(FontEntry(fname='C:\\Windows\\Fonts\\LeelaUIb.ttf', name='Leelawadee UI', style='normal', variant='normal', weight=700, stretch='normal', size='scalable')) = 10.335
DEBUG:matplotlib.font_manager:findfont: score(FontEntry(fname='C:\\Windows\\Fonts\\courbd.ttf', name='Courier New', style='normal', variant='normal', weight=700, stretch='normal', size='scalable')) = 10.335
DEBUG:matplotlib.font_manager:findfont: score(FontEntry(fname='C:\\Windows\\Fonts\\SitkaVF.ttf', name='Sitka', style='normal', variant='normal', weight=400, stretch='normal', size='scalable')) = 10.05
DEBUG:matplotlib.font_manager:findfont: score(FontEntry(fname='C:\\Windows\\Fonts\\Candarab.ttf', name='Candara', style='normal', variant='normal', weight=700, stretch='normal', size='scalable')) = 10.335
DEBUG:matplotlib.font_manager:findfont: score(FontEntry(fname='C:\\Windows\\Fonts\\tahoma.ttf', name='Tahoma', style='normal', variant='normal', weight=400, stretch='normal', size='scalable')) = 10.05
DEBUG:matplotlib.font_manager:findfont: score(FontEntry(fname='C:\\Windows\\Fonts\\ariblk.ttf', name='Arial', style='normal', variant='normal', weight=900, stretch='normal', size='scalable')) = 6.888636363636364
DEBUG:matplotlib.font_manager:findfont: score(FontEntry(fname='C:\\Windows\\Fonts\\segoeuib.ttf', name='Segoe UI', style='normal', variant='normal', weight=700, stretch='normal', size='scalable')) = 10.335
DEBUG:matplotlib.font_manager:findfont: score(FontEntry(fname='C:\\Windows\\Fonts\\rod.ttf', name='Rod', style='normal', variant='normal', weight=400, stretch='normal', size='scalable')) = 10.05
DEBUG:matplotlib.font_manager:findfont: score(FontEntry(fname='C:\\Windows\\Fonts\\corbelli.ttf', name='Corbel', style='italic', variant='normal', weight=300, stretch='normal', size='scalable')) = 11.145
DEBUG:matplotlib.font_manager:findfont: score(FontEntry(fname='C:\\Windows\\Fonts\\cambriai.ttf', name='Cambria', style='italic', variant='normal', weight=400, stretch='normal', size='scalable')) = 11.05
DEBUG:matplotlib.font_manager:findfont: score(FontEntry(fname='C:\\Windows\\Fonts\\malgunbd.ttf', name='Malgun Gothic', style='normal', variant='normal', weight=700, stretch='normal', size='scalable')) = 10.335
DEBUG:matplotlib.font_manager:findfont: score(FontEntry(fname='C:\\Windows\\Fonts\\SegUIVar.ttf', name='Segoe UI Variable', style='normal', variant='normal', weight=400, stretch='normal', size='scalable')) = 10.05
DEBUG:matplotlib.font_manager:findfont: score(FontEntry(fname='C:\\Windows\\Fonts\\consolaz.ttf', name='Consolas', style='italic', variant='normal', weight=700, stretch='normal', size='scalable')) = 11.335
DEBUG:matplotlib.font_manager:findfont: score(FontEntry(fname='C:\\Windows\\Fonts\\msyh.ttc', name='Microsoft YaHei', style='normal', variant='normal', weight=400, stretch='normal', size='scalable')) = 10.05
DEBUG:matplotlib.font_manager:findfont: score(FontEntry(fname='C:\\Windows\\Fonts\\phagspab.ttf', name='Microsoft PhagsPa', style='normal', variant='normal', weight=700, stretch='normal', size='scalable')) = 10.335
DEBUG:matplotlib.font_manager:findfont: score(FontEntry(fname='C:\\Windows\\Fonts\\comic.ttf', name='Comic Sans MS', style='normal', variant='normal', weight=400, stretch='normal', size='scalable')) = 10.05
DEBUG:matplotlib.font_manager:findfont: score(FontEntry(fname='C:\\Windows\\Fonts\\seguisym.ttf', name='Segoe UI Symbol', style='normal', variant='normal', weight=400, stretch='normal', size='scalable')) = 10.05
DEBUG:matplotlib.font_manager:findfont: score(FontEntry(fname='C:\\Windows\\Fonts\\corbell.ttf', name='Corbel', style='normal', variant='normal', weight=300, stretch='normal', size='scalable')) = 10.145
DEBUG:matplotlib.font_manager:findfont: score(FontEntry(fname='C:\\Windows\\Fonts\\simsunb.ttf', name='SimSun-ExtB', style='normal', variant='normal', weight=400, stretch='normal', size='scalable')) = 10.05
DEBUG:matplotlib.font_manager:findfont: score(FontEntry(fname='C:\\Windows\\Fonts\\ebrimabd.ttf', name='Ebrima', style='normal', variant='normal', weight=700, stretch='normal', size='scalable')) = 10.335
DEBUG:matplotlib.font_manager:findfont: score(FontEntry(fname='C:\\Windows\\Fonts\\gadugi.ttf', name='Gadugi', style='normal', variant='normal', weight=400, stretch='normal', size='scalable')) = 10.05
DEBUG:matplotlib.font_manager:findfont: score(FontEntry(fname='C:\\Windows\\Fonts\\corbel.ttf', name='Corbel', style='normal', variant='normal', weight=400, stretch='normal', size='scalable')) = 10.05
DEBUG:matplotlib.font_manager:findfont: score(FontEntry(fname='C:\\Windows\\Fonts\\constani.ttf', name='Constantia', style='italic', variant='normal', weight=400, stretch='normal', size='scalable')) = 11.05
DEBUG:matplotlib.font_manager:findfont: score(FontEntry(fname='C:\\Windows\\Fonts\\verdanab.ttf', name='Verdana', style='normal', variant='normal', weight=700, stretch='normal', size='scalable')) = 3.9713636363636367
DEBUG:matplotlib.font_manager:findfont: score(FontEntry(fname='C:\\Windows\\Fonts\\palai.ttf', name='Palatino Linotype', style='italic', variant='normal', weight=400, stretch='normal', size='scalable')) = 11.05
DEBUG:matplotlib.font_manager:findfont: score(FontEntry(fname='C:\\Windows\\Fonts\\seguili.ttf', name='Segoe UI', style='italic', variant='normal', weight=300, stretch='normal', size='scalable')) = 11.145
DEBUG:matplotlib.font_manager:findfont: score(FontEntry(fname='C:\\Windows\\Fonts\\timesbd.ttf', name='Times New Roman', style='normal', variant='normal', weight=700, stretch='normal', size='scalable')) = 10.335
DEBUG:matplotlib.font_manager:findfont: score(FontEntry(fname='C:\\Windows\\Fonts\\corbelz.ttf', name='Corbel', style='italic', variant='normal', weight=700, stretch='normal', size='scalable')) = 11.335
DEBUG:matplotlib.font_manager:findfont: score(FontEntry(fname='C:\\Windows\\Fonts\\framd.ttf', name='Franklin Gothic Medium', style='normal', variant='normal', weight=400, stretch='normal', size='scalable')) = 10.05
DEBUG:matplotlib.font_manager:findfont: score(FontEntry(fname='C:\\Windows\\Fonts\\symbol.ttf', name='Symbol', style='normal', variant='normal', weight=400, stretch='normal', size='scalable')) = 10.05
DEBUG:matplotlib.font_manager:findfont: score(FontEntry(fname='C:\\Windows\\Fonts\\Candara.ttf', name='Candara', style='normal', variant='normal', weight=400, stretch='normal', size='scalable')) = 10.05
DEBUG:matplotlib.font_manager:findfont: score(FontEntry(fname='C:\\Windows\\Fonts\\msyhl.ttc', name='Microsoft YaHei', style='normal', variant='normal', weight=290, stretch='normal', size='scalable')) = 10.1545
DEBUG:matplotlib.font_manager:findfont: score(FontEntry(fname='C:\\Windows\\Fonts\\gisha.ttf', name='Gisha', style='normal', variant='normal', weight=400, stretch='normal', size='scalable')) = 10.05
DEBUG:matplotlib.font_manager:findfont: score(FontEntry(fname='C:\\Windows\\Fonts\\msgothic.ttc', name='MS Gothic', style='normal', variant='normal', weight=400, stretch='normal', size='scalable')) = 10.05
DEBUG:matplotlib.font_manager:findfont: score(FontEntry(fname='C:\\Windows\\Fonts\\wingding.ttf', name='Wingdings', style='normal', variant='normal', weight=400, stretch='normal', size='scalable')) = 10.05
DEBUG:matplotlib.font_manager:findfont: score(FontEntry(fname='C:\\Windows\\Fonts\\frank.ttf', name='FrankRuehl', style='normal', variant='normal', weight=400, stretch='normal', size='scalable')) = 10.05
DEBUG:matplotlib.font_manager:findfont: score(FontEntry(fname='C:\\Windows\\Fonts\\consola.ttf', name='Consolas', style='normal', variant='normal', weight=400, stretch='normal', size='scalable')) = 10.05
DEBUG:matplotlib.font_manager:findfont: score(FontEntry(fname='C:\\Windows\\Fonts\\segoescb.ttf', name='Segoe Script', style='normal', variant='normal', weight=700, stretch='normal', size='scalable')) = 10.335
DEBUG:matplotlib.font_manager:findfont: score(FontEntry(fname='C:\\Windows\\Fonts\\segoeuiz.ttf', name='Segoe UI', style='italic', variant='normal', weight=700, stretch='normal', size='scalable')) = 11.335
DEBUG:matplotlib.font_manager:findfont: score(FontEntry(fname='C:\\Windows\\Fonts\\CascadiaMono.ttf', name='Cascadia Mono', style='normal', variant='normal', weight=400, stretch='normal', size='scalable')) = 10.05
DEBUG:matplotlib.font_manager:findfont: score(FontEntry(fname='C:\\Windows\\Fonts\\palabi.ttf', name='Palatino Linotype', style='italic', variant='normal', weight=700, stretch='normal', size='scalable')) = 11.335
DEBUG:matplotlib.font_manager:findfont: score(FontEntry(fname='C:\\Windows\\Fonts\\mmrtextb.ttf', name='Myanmar Text', style='normal', variant='normal', weight=700, stretch='normal', size='scalable')) = 10.335
DEBUG:matplotlib.font_manager:findfont: score(FontEntry(fname='C:\\Windows\\Fonts\\unispace bd.ttf', name='Unispace', style='normal', variant='normal', weight=700, stretch='normal', size='scalable')) = 10.335
DEBUG:matplotlib.font_manager:findfont: score(FontEntry(fname='C:\\Windows\\Fonts\\calibriz.ttf', name='Calibri', style='italic', variant='normal', weight=700, stretch='normal', size='scalable')) = 11.335
DEBUG:matplotlib.font_manager:findfont: score(FontEntry(fname='C:\\Windows\\Fonts\\Gabriola.ttf', name='Gabriola', style='normal', variant='normal', weight=400, stretch='normal', size='scalable')) = 10.05
DEBUG:matplotlib.font_manager:findfont: score(FontEntry(fname='C:\\Windows\\Fonts\\segoeuisl.ttf', name='Segoe UI', style='normal', variant='normal', weight=350, stretch='normal', size='scalable')) = 10.0975
DEBUG:matplotlib.font_manager:findfont: score(FontEntry(fname='C:\\Windows\\Fonts\\SitkaVF-Italic.ttf', name='Sitka', style='italic', variant='normal', weight=400, stretch='normal', size='scalable')) = 11.05
DEBUG:matplotlib.font_manager:findfont: score(FontEntry(fname='C:\\Windows\\Fonts\\YuGothR.ttc', name='Yu Gothic', style='normal', variant='normal', weight=400, stretch='normal', size='scalable')) = 10.05
DEBUG:matplotlib.font_manager:findfont: score(FontEntry(fname='C:\\Windows\\Fonts\\framdit.ttf', name='Franklin Gothic Medium', style='italic', variant='normal', weight=400, stretch='normal', size='scalable')) = 11.05
DEBUG:matplotlib.font_manager:findfont: score(FontEntry(fname='C:\\Windows\\Fonts\\seguisbi.ttf', name='Segoe UI', style='italic', variant='normal', weight=600, stretch='normal', size='scalable')) = 11.24
DEBUG:matplotlib.font_manager:findfont: score(FontEntry(fname='C:\\Windows\\Fonts\\Candarali.ttf', name='Candara', style='italic', variant='normal', weight=400, stretch='normal', size='scalable')) = 11.05
DEBUG:matplotlib.font_manager:findfont: score(FontEntry(fname='C:\\Windows\\Fonts\\tahomabd.ttf', name='Tahoma', style='normal', variant='normal', weight=700, stretch='normal', size='scalable')) = 10.335
DEBUG:matplotlib.font_manager:findfont: score(FontEntry(fname='C:\\Windows\\Fonts\\seguibl.ttf', name='Segoe UI', style='normal', variant='normal', weight=900, stretch='normal', size='scalable')) = 10.525
DEBUG:matplotlib.font_manager:findfont: score(FontEntry(fname='C:\\Windows\\Fonts\\mriamc.ttf', name='Miriam Fixed', style='normal', variant='normal', weight=400, stretch='normal', size='scalable')) = 10.05
DEBUG:matplotlib.font_manager:findfont: score(FontEntry(fname='C:\\Windows\\Fonts\\timesbi.ttf', name='Times New Roman', style='italic', variant='normal', weight=700, stretch='normal', size='scalable')) = 11.335
DEBUG:matplotlib.font_manager:findfont: score(FontEntry(fname='C:\\Windows\\Fonts\\YuGothM.ttc', name='Yu Gothic', style='normal', variant='normal', weight=500, stretch='normal', size='scalable')) = 10.145
DEBUG:matplotlib.font_manager:findfont: score(FontEntry(fname='C:\\Windows\\Fonts\\arial.ttf', name='Arial', style='normal', variant='normal', weight=400, stretch='normal', size='scalable')) = 6.413636363636363
DEBUG:matplotlib.font_manager:findfont: score(FontEntry(fname='C:\\Windows\\Fonts\\lvnmbd.ttf', name='Levenim MT', style='normal', variant='normal', weight=700, stretch='normal', size='scalable')) = 10.335
DEBUG:matplotlib.font_manager:findfont: score(FontEntry(fname='C:\\Windows\\Fonts\\arialbd.ttf', name='Arial', style='normal', variant='normal', weight=700, stretch='normal', size='scalable')) = 6.698636363636363
DEBUG:matplotlib.font_manager:findfont: score(FontEntry(fname='C:\\Windows\\Fonts\\nrkis.ttf', name='Narkisim', style='normal', variant='normal', weight=400, stretch='normal', size='scalable')) = 10.05
DEBUG:matplotlib.font_manager:findfont: score(FontEntry(fname='C:\\Windows\\Fonts\\trebucbd.ttf', name='Trebuchet MS', style='normal', variant='normal', weight=700, stretch='normal', size='scalable')) = 10.335
DEBUG:matplotlib.font_manager:findfont: score(FontEntry(fname='C:\\Windows\\Fonts\\msjhbd.ttc', name='Microsoft JhengHei', style='normal', variant='normal', weight=700, stretch='normal', size='scalable')) = 10.335
DEBUG:matplotlib.font_manager:findfont: score(FontEntry(fname='C:\\Windows\\Fonts\\verdana.ttf', name='Verdana', style='normal', variant='normal', weight=400, stretch='normal', size='scalable')) = 3.6863636363636365
DEBUG:matplotlib.font_manager:findfont: score(FontEntry(fname='C:\\Windows\\Fonts\\segoeuii.ttf', name='Segoe UI', style='italic', variant='normal', weight=400, stretch='normal', size='scalable')) = 11.05
DEBUG:matplotlib.font_manager:findfont: score(FontEntry(fname='C:\\Windows\\Fonts\\phagspa.ttf', name='Microsoft PhagsPa', style='normal', variant='normal', weight=400, stretch='normal', size='scalable')) = 10.05
DEBUG:matplotlib.font_manager:findfont: score(FontEntry(fname='C:\\Windows\\Fonts\\SimsunExtG.ttf', name='SimSun-ExtG', style='normal', variant='normal', weight=400, stretch='normal', size='scalable')) = 10.05
DEBUG:matplotlib.font_manager:findfont: score(FontEntry(fname='C:\\Windows\\Fonts\\segoepr.ttf', name='Segoe Print', style='normal', variant='normal', weight=400, stretch='normal', size='scalable')) = 10.05
DEBUG:matplotlib.font_manager:findfont: score(FontEntry(fname='C:\\Windows\\Fonts\\segoeui.ttf', name='Segoe UI', style='normal', variant='normal', weight=400, stretch='normal', size='scalable')) = 10.05
DEBUG:matplotlib.font_manager:findfont: score(FontEntry(fname='C:\\Windows\\Fonts\\mriam.ttf', name='Miriam', style='normal', variant='normal', weight=400, stretch='normal', size='scalable')) = 10.05
DEBUG:matplotlib.font_manager:findfont: score(FontEntry(fname='C:\\Windows\\Fonts\\verdanai.ttf', name='Verdana', style='italic', variant='normal', weight=400, stretch='normal', size='scalable')) = 4.6863636363636365
DEBUG:matplotlib.font_manager:findfont: score(FontEntry(fname='C:\\Windows\\Fonts\\times.ttf', name='Times New Roman', style='normal', variant='normal', weight=400, stretch='normal', size='scalable')) = 10.05
DEBUG:matplotlib.font_manager:findfont: score(FontEntry(fname='C:\\Windows\\Fonts\\lvnm.ttf', name='Levenim MT', style='normal', variant='normal', weight=400, stretch='normal', size='scalable')) = 10.05
DEBUG:matplotlib.font_manager:findfont: score(FontEntry(fname='C:\\Windows\\Fonts\\consolai.ttf', name='Consolas', style='italic', variant='normal', weight=400, stretch='normal', size='scalable')) = 11.05
DEBUG:matplotlib.font_manager:findfont: score(FontEntry(fname='C:\\Windows\\Fonts\\YuGothL.ttc', name='Yu Gothic', style='normal', variant='normal', weight=300, stretch='normal', size='scalable')) = 10.145
DEBUG:matplotlib.font_manager:findfont: score(FontEntry(fname='C:\\Windows\\Fonts\\comicbd.ttf', name='Comic Sans MS', style='normal', variant='normal', weight=700, stretch='normal', size='scalable')) = 10.335
DEBUG:matplotlib.font_manager:findfont: score(FontEntry(fname='C:\\Windows\\Fonts\\mmrtext.ttf', name='Myanmar Text', style='normal', variant='normal', weight=400, stretch='normal', size='scalable')) = 10.05
DEBUG:matplotlib.font_manager:findfont: score(FontEntry(fname='C:\\Windows\\Fonts\\sylfaen.ttf', name='Sylfaen', style='normal', variant='normal', weight=400, stretch='normal', size='scalable')) = 10.05
DEBUG:matplotlib.font_manager:findfont: score(FontEntry(fname='C:\\Windows\\Fonts\\gishabd.ttf', name='Gisha', style='normal', variant='normal', weight=700, stretch='normal', size='scalable')) = 10.335
DEBUG:matplotlib.font_manager:findfont: score(FontEntry(fname='C:\\Windows\\Fonts\\Xolonium-Regular.otf', name='Xolonium', style='normal', variant='normal', weight=400, stretch='normal', size='scalable')) = 10.05
DEBUG:matplotlib.font_manager:findfont: score(FontEntry(fname='C:\\Windows\\Fonts\\segoesc.ttf', name='Segoe Script', style='normal', variant='normal', weight=400, stretch='normal', size='scalable')) = 10.05
DEBUG:matplotlib.font_manager:findfont: score(FontEntry(fname='C:\\Windows\\Fonts\\Candaral.ttf', name='Candara', style='normal', variant='normal', weight=400, stretch='normal', size='scalable')) = 10.05
DEBUG:matplotlib.font_manager:findfont: score(FontEntry(fname='C:\\Windows\\Fonts\\impact.ttf', name='Impact', style='normal', variant='normal', weight=400, stretch='normal', size='scalable')) = 10.05
DEBUG:matplotlib.font_manager:findfont: score(FontEntry(fname='C:\\Windows\\Fonts\\seguihis.ttf', name='Segoe UI Historic', style='normal', variant='normal', weight=400, stretch='normal', size='scalable')) = 10.05
DEBUG:matplotlib.font_manager:findfont: score(FontEntry(fname='C:\\Windows\\Fonts\\arialbi.ttf', name='Arial', style='italic', variant='normal', weight=700, stretch='normal', size='scalable')) = 7.698636363636363
DEBUG:matplotlib.font_manager:findfont: score(FontEntry(fname='C:\\Windows\\Fonts\\bahnschrift.ttf', name='Bahnschrift', style='normal', variant='normal', weight=400, stretch='normal', size='scalable')) = 10.05
DEBUG:matplotlib.font_manager:findfont: score(FontEntry(fname='C:\\Windows\\Fonts\\constanz.ttf', name='Constantia', style='italic', variant='normal', weight=700, stretch='normal', size='scalable')) = 11.335
DEBUG:matplotlib.font_manager:findfont: score(FontEntry(fname='C:\\Windows\\Fonts\\corbelb.ttf', name='Corbel', style='normal', variant='normal', weight=700, stretch='normal', size='scalable')) = 10.335
DEBUG:matplotlib.font_manager:findfont: score(FontEntry(fname='C:\\Windows\\Fonts\\calibrib.ttf', name='Calibri', style='normal', variant='normal', weight=700, stretch='normal', size='scalable')) = 10.335
DEBUG:matplotlib.font_manager:findfont: score(FontEntry(fname='C:\\Windows\\Fonts\\CascadiaCode.ttf', name='Cascadia Code', style='normal', variant='normal', weight=400, stretch='normal', size='scalable')) = 10.05
DEBUG:matplotlib.font_manager:findfont: score(FontEntry(fname='C:\\Windows\\Fonts\\cambria.ttc', name='Cambria', style='normal', variant='normal', weight=400, stretch='normal', size='scalable')) = 10.05
DEBUG:matplotlib.font_manager:findfont: score(FontEntry(fname='C:\\Windows\\Fonts\\georgia.ttf', name='Georgia', style='normal', variant='normal', weight=400, stretch='normal', size='scalable')) = 10.05
DEBUG:matplotlib.font_manager:findfont: score(FontEntry(fname='C:\\Windows\\Fonts\\seguiemj.ttf', name='Segoe UI Emoji', style='normal', variant='normal', weight=400, stretch='normal', size='scalable')) = 10.05
DEBUG:matplotlib.font_manager:findfont: score(FontEntry(fname='C:\\Windows\\Fonts\\verdanaz.ttf', name='Verdana', style='italic', variant='normal', weight=700, stretch='normal', size='scalable')) = 4.971363636363637
DEBUG:matplotlib.font_manager:findfont: score(FontEntry(fname='C:\\Windows\\Fonts\\Inkfree.ttf', name='Ink Free', style='normal', variant='normal', weight=400, stretch='normal', size='scalable')) = 10.05
DEBUG:matplotlib.font_manager:findfont: score(FontEntry(fname='C:\\Windows\\Fonts\\msjhl.ttc', name='Microsoft JhengHei', style='normal', variant='normal', weight=290, stretch='normal', size='scalable')) = 10.1545
DEBUG:matplotlib.font_manager:findfont: score(FontEntry(fname='C:\\Windows\\Fonts\\msyhbd.ttc', name='Microsoft YaHei', style='normal', variant='normal', weight=700, stretch='normal', size='scalable')) = 10.335
DEBUG:matplotlib.font_manager:findfont: score(FontEntry(fname='C:\\Windows\\Fonts\\trebucbi.ttf', name='Trebuchet MS', style='italic', variant='normal', weight=700, stretch='normal', size='scalable')) = 11.335
DEBUG:matplotlib.font_manager:findfont: score(FontEntry(fname='C:\\Windows\\Fonts\\seguisli.ttf', name='Segoe UI', style='italic', variant='normal', weight=350, stretch='normal', size='scalable')) = 11.0975
DEBUG:matplotlib.font_manager:findfont: score(FontEntry(fname='C:\\Windows\\Fonts\\davidbd.ttf', name='David', style='normal', variant='normal', weight=700, stretch='normal', size='scalable')) = 10.335
DEBUG:matplotlib.font_manager:findfont: score(FontEntry(fname='C:\\Windows\\Fonts\\ahronbd.ttf', name='Aharoni', style='normal', variant='normal', weight=700, stretch='normal', size='scalable')) = 10.335
DEBUG:matplotlib.font_manager:findfont: score(FontEntry(fname='C:\\Windows\\Fonts\\courbi.ttf', name='Courier New', style='italic', variant='normal', weight=700, stretch='normal', size='scalable')) = 11.335
DEBUG:matplotlib.font_manager:findfont: score(FontEntry(fname='C:\\Windows\\Fonts\\himalaya.ttf', name='Microsoft Himalaya', style='normal', variant='normal', weight=400, stretch='normal', size='scalable')) = 10.05
DEBUG:matplotlib.font_manager:findfont: score(FontEntry(fname='C:\\Windows\\Fonts\\georgiai.ttf', name='Georgia', style='italic', variant='normal', weight=400, stretch='normal', size='scalable')) = 11.05
DEBUG:matplotlib.font_manager:findfont: score(FontEntry(fname='C:\\Windows\\Fonts\\segoeuil.ttf', name='Segoe UI', style='normal', variant='normal', weight=300, stretch='normal', size='scalable')) = 10.145
DEBUG:matplotlib.font_manager:findfont: score(FontEntry(fname='C:\\Windows\\Fonts\\ariali.ttf', name='Arial', style='italic', variant='normal', weight=400, stretch='normal', size='scalable')) = 7.413636363636363
DEBUG:matplotlib.font_manager:findfont: score(FontEntry(fname='C:\\Windows\\Fonts\\calibri.ttf', name='Calibri', style='normal', variant='normal', weight=400, stretch='normal', size='scalable')) = 10.05
DEBUG:matplotlib.font_manager:findfont: score(FontEntry(fname='C:\\Windows\\Fonts\\lucon.ttf', name='Lucida Console', style='normal', variant='normal', weight=400, stretch='normal', size='scalable')) = 10.05
DEBUG:matplotlib.font_manager:findfont: score(FontEntry(fname='C:\\Windows\\Fonts\\comici.ttf', name='Comic Sans MS', style='italic', variant='normal', weight=400, stretch='normal', size='scalable')) = 11.05
DEBUG:matplotlib.font_manager:findfont: score(FontEntry(fname='C:\\Windows\\Fonts\\segmdl2.ttf', name='Segoe MDL2 Assets', style='normal', variant='normal', weight=400, stretch='normal', size='scalable')) = 10.05
DEBUG:matplotlib.font_manager:findfont: score(FontEntry(fname='C:\\Windows\\Fonts\\consolab.ttf', name='Consolas', style='normal', variant='normal', weight=700, stretch='normal', size='scalable')) = 10.335
DEBUG:matplotlib.font_manager:findfont: score(FontEntry(fname='C:\\Windows\\Fonts\\taile.ttf', name='Microsoft Tai Le', style='normal', variant='normal', weight=400, stretch='normal', size='scalable')) = 10.05
DEBUG:matplotlib.font_manager:findfont: score(FontEntry(fname='C:\\Windows\\Fonts\\palab.ttf', name='Palatino Linotype', style='normal', variant='normal', weight=700, stretch='normal', size='scalable')) = 10.335
DEBUG:matplotlib.font_manager:findfont: score(FontEntry(fname='C:\\Windows\\Fonts\\trebuc.ttf', name='Trebuchet MS', style='normal', variant='normal', weight=400, stretch='normal', size='scalable')) = 10.05
DEBUG:matplotlib.font_manager:findfont: score(FontEntry(fname='C:\\Windows\\Fonts\\msjh.ttc', name='Microsoft JhengHei', style='normal', variant='normal', weight=400, stretch='normal', size='scalable')) = 10.05
DEBUG:matplotlib.font_manager:findfont: score(FontEntry(fname='C:\\Windows\\Fonts\\georgiab.ttf', name='Georgia', style='normal', variant='normal', weight=700, stretch='normal', size='scalable')) = 10.335
DEBUG:matplotlib.font_manager:findfont: score(FontEntry(fname='C:\\Windows\\Fonts\\YuGothB.ttc', name='Yu Gothic', style='normal', variant='normal', weight=700, stretch='normal', size='scalable')) = 10.335
DEBUG:matplotlib.font_manager:findfont: score(FontEntry(fname='C:\\Windows\\Fonts\\webdings.ttf', name='Webdings', style='normal', variant='normal', weight=400, stretch='normal', size='scalable')) = 10.05
DEBUG:matplotlib.font_manager:findfont: score(FontEntry(fname='C:\\Windows\\Fonts\\gadugib.ttf', name='Gadugi', style='normal', variant='normal', weight=700, stretch='normal', size='scalable')) = 10.335
DEBUG:matplotlib.font_manager:findfont: score(FontEntry(fname='C:\\Windows\\Fonts\\david.ttf', name='David', style='normal', variant='normal', weight=400, stretch='normal', size='scalable')) = 10.05
DEBUG:matplotlib.font_manager:findfont: score(FontEntry(fname='C:\\Windows\\Fonts\\ntailub.ttf', name='Microsoft New Tai Lue', style='normal', variant='normal', weight=700, stretch='normal', size='scalable')) = 10.335
DEBUG:matplotlib.font_manager:findfont: score(FontEntry(fname='C:\\Windows\\Fonts\\simsun.ttc', name='SimSun', style='normal', variant='normal', weight=400, stretch='normal', size='scalable')) = 10.05
DEBUG:matplotlib.font_manager:findfont: score(FontEntry(fname='C:\\Windows\\Fonts\\cambriaz.ttf', name='Cambria', style='italic', variant='normal', weight=700, stretch='normal', size='scalable')) = 11.335
DEBUG:matplotlib.font_manager:findfont: score(FontEntry(fname='C:\\Windows\\Fonts\\javatext.ttf', name='Javanese Text', style='normal', variant='normal', weight=400, stretch='normal', size='scalable')) = 10.05
DEBUG:matplotlib.font_manager:findfont: score(FontEntry(fname='C:\\Windows\\Fonts\\micross.ttf', name='Microsoft Sans Serif', style='normal', variant='normal', weight=400, stretch='normal', size='scalable')) = 10.05
DEBUG:matplotlib.font_manager:findfont: score(FontEntry(fname='C:\\Windows\\Fonts\\ebrima.ttf', name='Ebrima', style='normal', variant='normal', weight=400, stretch='normal', size='scalable')) = 10.05
DEBUG:matplotlib.font_manager:findfont: score(FontEntry(fname='C:\\Windows\\Fonts\\ROGFontsv1.6-Regular.ttf', name='ROG Fonts v1.6', style='normal', variant='normal', weight=400, stretch='normal', size='scalable')) = 10.05
DEBUG:matplotlib.font_manager:findfont: score(FontEntry(fname='C:\\Windows\\Fonts\\ntailu.ttf', name='Microsoft New Tai Lue', style='normal', variant='normal', weight=400, stretch='normal', size='scalable')) = 10.05
DEBUG:matplotlib.font_manager:findfont: score(FontEntry(fname='C:\\Windows\\Fonts\\Nirmala.ttc', name='Nirmala UI', style='normal', variant='normal', weight=400, stretch='normal', size='scalable')) = 10.05
DEBUG:matplotlib.font_manager:findfont: score(FontEntry(fname='C:\\Windows\\Fonts\\constan.ttf', name='Constantia', style='normal', variant='normal', weight=400, stretch='normal', size='scalable')) = 10.05
DEBUG:matplotlib.font_manager:findfont: score(FontEntry(fname='C:\\Windows\\Fonts\\monbaiti.ttf', name='Mongolian Baiti', style='normal', variant='normal', weight=400, stretch='normal', size='scalable')) = 10.05
DEBUG:matplotlib.font_manager:findfont: score(FontEntry(fname='C:\\Windows\\Fonts\\malgunsl.ttf', name='Malgun Gothic', style='normal', variant='normal', weight=300, stretch='normal', size='scalable')) = 10.145
DEBUG:matplotlib.font_manager:findfont: score(FontEntry(fname='C:\\Windows\\Fonts\\LeelUIsl.ttf', name='Leelawadee UI', style='normal', variant='normal', weight=350, stretch='normal', size='scalable')) = 10.0975
DEBUG:matplotlib.font_manager:findfont: score(FontEntry(fname='C:\\Windows\\Fonts\\trebucit.ttf', name='Trebuchet MS', style='italic', variant='normal', weight=400, stretch='normal', size='scalable')) = 11.05
DEBUG:matplotlib.font_manager:findfont: score(FontEntry(fname='C:\\Windows\\Fonts\\SansSerifCollection.ttf', name='Sans Serif Collection', style='normal', variant='normal', weight=400, stretch='normal', size='scalable')) = 10.05
DEBUG:matplotlib.font_manager:findfont: score(FontEntry(fname='C:\\Windows\\Fonts\\taileb.ttf', name='Microsoft Tai Le', style='normal', variant='normal', weight=700, stretch='normal', size='scalable')) = 10.335
DEBUG:matplotlib.font_manager:findfont: score(FontEntry(fname='C:\\Windows\\Fonts\\pala.ttf', name='Palatino Linotype', style='normal', variant='normal', weight=400, stretch='normal', size='scalable')) = 10.05
DEBUG:matplotlib.font_manager:findfont: score(FontEntry(fname='C:\\Windows\\Fonts\\georgiaz.ttf', name='Georgia', style='italic', variant='normal', weight=700, stretch='normal', size='scalable')) = 11.335
DEBUG:matplotlib.font_manager:findfont: score(FontEntry(fname='C:\\Windows\\Fonts\\Candaraz.ttf', name='Candara', style='italic', variant='normal', weight=700, stretch='normal', size='scalable')) = 11.335
DEBUG:matplotlib.font_manager:findfont: score(FontEntry(fname='C:\\Windows\\Fonts\\calibrii.ttf', name='Calibri', style='italic', variant='normal', weight=400, stretch='normal', size='scalable')) = 11.05
DEBUG:matplotlib.font_manager:findfont: score(FontEntry(fname='C:\\Windows\\Fonts\\calibrili.ttf', name='Calibri', style='italic', variant='normal', weight=300, stretch='normal', size='scalable')) = 11.145
DEBUG:matplotlib.font_manager:findfont: score(FontEntry(fname='C:\\Windows\\Fonts\\malgun.ttf', name='Malgun Gothic', style='normal', variant='normal', weight=400, stretch='normal', size='scalable')) = 10.05
DEBUG:matplotlib.font_manager:findfont: score(FontEntry(fname='C:\\Windows\\Fonts\\seguibli.ttf', name='Segoe UI', style='italic', variant='normal', weight=900, stretch='normal', size='scalable')) = 11.525
DEBUG:matplotlib.font_manager:findfont: score(FontEntry(fname='C:\\Windows\\Fonts\\comicz.ttf', name='Comic Sans MS', style='italic', variant='normal', weight=700, stretch='normal', size='scalable')) = 11.335
DEBUG:matplotlib.font_manager:findfont: score(FontEntry(fname='C:\\Windows\\Fonts\\timesi.ttf', name='Times New Roman', style='italic', variant='normal', weight=400, stretch='normal', size='scalable')) = 11.05
DEBUG:matplotlib.font_manager:findfont: score(FontEntry(fname='C:\\Windows\\Fonts\\msyi.ttf', name='Microsoft Yi Baiti', style='normal', variant='normal', weight=400, stretch='normal', size='scalable')) = 10.05
DEBUG:matplotlib.font_manager:findfont: score(FontEntry(fname='C:\\Windows\\Fonts\\LeelawUI.ttf', name='Leelawadee UI', style='normal', variant='normal', weight=400, stretch='normal', size='scalable')) = 10.05
DEBUG:matplotlib.font_manager:findfont: score(FontEntry(fname='C:\\Windows\\Fonts\\Candarai.ttf', name='Candara', style='italic', variant='normal', weight=400, stretch='normal', size='scalable')) = 11.05
DEBUG:matplotlib.font_manager:findfont: score(FontEntry(fname='C:\\Windows\\Fonts\\mingliub.ttc', name='MingLiU-ExtB', style='normal', variant='normal', weight=400, stretch='normal', size='scalable')) = 10.05
DEBUG:matplotlib.font_manager:findfont: score(FontEntry(fname='C:\\Windows\\Fonts\\cour.ttf', name='Courier New', style='normal', variant='normal', weight=400, stretch='normal', size='scalable')) = 10.05
DEBUG:matplotlib.font_manager:findfont: score(FontEntry(fname='C:\\Windows\\Fonts\\SegoeIcons.ttf', name='Segoe Fluent Icons', style='normal', variant='normal', weight=400, stretch='normal', size='scalable')) = 10.05
DEBUG:matplotlib.font_manager:findfont: score(FontEntry(fname='C:\\Windows\\Fonts\\l_10646.ttf', name='Lucida Sans Unicode', style='normal', variant='normal', weight=400, stretch='normal', size='scalable')) = 10.05
DEBUG:matplotlib.font_manager:findfont: score(FontEntry(fname='C:\\Windows\\Fonts\\mvboli.ttf', name='MV Boli', style='normal', variant='normal', weight=400, stretch='normal', size='scalable')) = 10.05
DEBUG:matplotlib.font_manager:findfont: score(FontEntry(fname='C:\\Windows\\Fonts\\couri.ttf', name='Courier New', style='italic', variant='normal', weight=400, stretch='normal', size='scalable')) = 11.05
DEBUG:matplotlib.font_manager:findfont: score(FontEntry(fname='C:\\Windows\\Fonts\\constanb.ttf', name='Constantia', style='normal', variant='normal', weight=700, stretch='normal', size='scalable')) = 10.335
DEBUG:matplotlib.font_manager:findfont: Matching sans\-serif:style=normal:variant=normal:weight=normal:stretch=normal:size=12.0 to DejaVu Sans ('C:\\Users\\danli\\.conda\\envs\\pid_control\\Lib\\site-packages\\matplotlib\\mpl-data\\fonts\\ttf\\DejaVuSans.ttf') with score of 0.050000.
